TARGETID,Z,LOGMSTAR,HALPHA_FLUX,HALPHA_BD
39628076958615376,0.4590695213,10.633211,45.084129,3.7490921
39633148786508747,0.1502549625,10.289351,123.64119,6.5769701
39627618336637212,0.2666539565,10.479017,117.90586,6.7019172
39627812998482286,0.2716511401,10.069082,87.134254,4.319078
39627741758231419,0.04305840681,8.7417507,76.579109,3.2731779
39627767167325116,0.178671744,9.6393652,154.14973,4.2048392
39627642940428365,0.1726955533,9.1792154,107.92404,2.9581256
39633288909820590,0.4242394833,10.017276,60.466309,3.2765496
39627672363470594,0.02856437563,10.122889,193.27576,4.1353636
39632995505671032,0.2293649321,10.125693,72.27639,5.5824084
39628000869748184,0.09118765326,8.9731503,96.043282,2.8599999
39633501527477862,0.2482843665,9.8192377,51.907864,3.4693911
39627725106842760,0.1225552843,9.7681999,80.258354,3.2073321
39628016095073138,0.3432288433,10.535266,82.802795,5.8154144
39627919940654878,0.2139107626,9.3212614,119.33389,3.7727599
39627851279898194,0.0136762743,6.649334,198.00348,2.8599999
39627588666135698,0.383896842,10.421903,53.515961,5.9064612
39628023313469992,0.4101338624,10.138672,53.02634,3.9898095
39627726574846073,0.3574464823,10.382156,79.439232,3.5941522
39633493692515455,0.2514343553,11.124064,344.99899,6.3105321
39627854186549862,0.2852157099,10.301612,69.2295,3.4481845
39627570714510957,0.05657630555,9.6894302,107.67198,3.4375925
39627748049684384,0.08274737365,9.4260626,901.62067,3.4315472
39628390755469777,0.09885503561,9.2762337,328.28937,3.4670649
39633322002874467,0.2016174223,9.6427402,385.57712,2.9331379
39627746099336079,0.05264044934,8.9105148,155.11417,2.8712683
39633240260087197,0.1753462866,9.2977877,73.863197,3.4411654
39627551093558326,0.05503467633,10.75254,140.66656,4.8751278
39627981374624074,0.2603901436,10.381092,70.439476,4.0976315
39632982146810503,0.2227990507,10.5103,93.336021,3.8056788
39627897568233365,0.2775916164,9.9311876,66.321259,4.1800337
39627860213763729,0.3690152644,10.074439,53.530571,3.5983148
39628540508897620,0.08931644703,9.2808056,57.201862,3.9540024
39633039667497967,0.1318057267,9.042325,45.580185,2.8599999
39633229275203976,0.08353067237,10.561577,156.79016,5.4117908
39633128045675971,0.2294741117,9.4249172,113.14591,3.2366674
39636825660196825,0.03477203722,9.5767775,261.93295,4.1473627
39633345675528995,0.17193391,9.3312101,75.167938,2.9356523
39627645410872387,0.05508176438,9.1527119,64.400261,2.8599999
39627628566544852,0.04168991263,9.3076839,122.21558,5.1290898
39628070331617252,0.1104420524,9.7336712,82.95874,3.0435603
39633535065132506,0.3493227267,10.324241,108.39961,4.4319534
39632946902076802,0.1771251074,9.7588577,80.726936,3.353121
39627700859573807,0.4887818803,11.514669,42.541111,3.1504261
39627707293634159,0.3595967146,9.9705763,112.47134,3.4928236
39628110676626008,0.2090988759,10.532908,68.195374,2.9528837
39628149922729918,0.2595603213,10.412383,90.651337,4.6817575
39627821684886559,0.1018407482,9.3660374,125.11484,3.6795442
39628228658203834,0.07813304362,8.3388939,86.196053,2.8599999
39627770057200011,0.1752418919,9.1874018,333.4079,3.4458156
39633127533971027,0.3572254741,9.895669,26.64604,3.0690036
39633417033222073,0.05611497829,8.9326706,67.551193,3.4808784
39633220303585835,0.2720390773,10.492805,38.348522,5.2023134
39628485051814879,0.1828133327,9.9785137,158.15154,4.3623986
39628407281031641,0.1122892378,9.344264,100.20208,3.9144197
39627793394304525,0.1711189116,9.9999275,55.304028,3.3904219
39628512402867289,0.2944064746,10.090933,95.980324,4.2020574
39633024035325231,0.0751726182,9.2900572,280.63699,3.606607
39627890656022905,0.4021769804,10.506061,60.80434,4.2800736
39632941936017817,0.2966264255,10.347776,237.99545,4.551609
39627386102220309,0.01262855261,6.2126293,666.81842,2.8599999
39633380735715104,0.3291712164,10.625655,121.69971,3.0607495
39628370836722086,0.3291067194,10.161348,60.806351,3.7787561
39627889599055861,0.07235002331,8.3073463,121.11772,3.1678793
39628064035966534,0.02697845907,6.692843,1177.2867,2.8599999
39632976123791598,0.2861510953,10.217876,86.610657,4.1342459
39633223776471220,0.1537917744,9.7993164,131.66585,4.103261
39627770271108898,0.08901481385,9.2823038,117.61245,3.1929789
39627790105976850,0.2945788758,10.204951,53.681847,3.3106303
39628407478159750,0.1788388007,9.417243,50.475845,3.5384572
39627752063632622,0.2862963631,9.7976389,82.975586,3.3387482
39628251642993892,0.08835146335,9.3993483,160.20264,3.3051794
39628190267736917,0.1430618421,9.5849791,112.72315,4.6068625
39627749282809324,0.1849045248,10.130716,269.55518,4.3577561
39633009380430285,0.2314312462,9.7748775,56.957104,3.8461847
39628417863257168,0.1988560286,9.9379969,75.109154,3.5198624
39628506979635716,0.0543419526,9.0177202,119.30739,3.4041882
39636443139672375,0.4302198907,10.750733,103.67486,4.0749974
39628151311044879,0.06603415854,9.0456438,53.457649,3.1570837
39627695218233771,0.07510819621,10.201619,135.43234,3.1723223
39627609444715323,0.1939517342,10.237504,276.38004,4.5260491
39627856396945077,0.1012360527,9.1034288,69.241905,5.0000529
39627380133732534,0.09635624135,9.1601839,144.83099,3.4375384
39627788952541581,0.08899406696,8.3074541,64.610641,3.4380848
39628471135109208,0.4495680539,10.347053,66.60067,4.1998048
39627673848253974,0.1185063694,9.4515076,90.316902,3.0705476
39627707029394933,0.05010137243,8.9277372,111.22681,3.4684057
39628488717635347,0.03518884606,7.9811187,387.8894,3.001147
39627588590636694,0.1677435911,9.3108473,70.759491,2.8599999
39632959950554942,0.1526199636,9.1592398,40.064632,4.2872176
39627709013299018,0.2027085649,10.614101,73.067528,4.2040749
39633072643115530,0.2120122553,10.391111,88.037117,6.1702747
39633196832261970,0.3198595551,10.083731,54.101685,3.0604553
39627847404358721,0.1220313466,9.3139296,73.268089,3.2919691
39627637370391121,0.2929053715,10.36608,42.870937,4.9165654
39627973631936878,0.05444576707,8.2682343,75.577904,3.683006
39627914773269257,0.04675445835,8.6025906,95.294067,2.8599999
39627817767403932,0.129413742,9.3843098,109.26486,3.1166108
39628253031303653,0.0882403634,9.1134987,107.03131,2.8599999
39627808703517285,0.08608682065,10.682441,98.670929,4.9415698
39628252716728810,0.3463203138,10.151795,87.558517,3.9740031
39633087188964440,0.08000578601,9.2156334,53.235779,3.7282224
39633171368643593,0.08426011401,9.5956917,115.02128,3.9932446
39628028711535674,0.08241595138,9.3886375,100.73292,3.5932777
39627836474003029,0.2584694912,9.9946947,129.60947,4.6591587
39627927351988515,0.03546058727,8.1515512,832.55121,2.8599999
39628101646289409,0.05913498183,9.7917128,231.78273,4.4832144
39633334875195657,0.4218142693,10.431643,49.862419,3.8293116
39627751027640490,0.09541448404,9.0999651,41.684715,2.8599999
39627485549168156,0.2348365839,10.000978,112.89155,4.3300214
39633220504912939,0.05706631938,9.4737768,85.690346,3.3332562
39633338234832568,0.03619787811,8.6154671,36.329826,2.8599999
39632981094041030,0.03825886907,9.2554646,59.543247,3.6026406
39627772150160469,0.08486333973,10.376489,593.51172,4.9371142
39628059187352744,0.2326127279,9.7785997,41.284512,2.9572811
39633437971188007,0.09515867046,8.6024485,42.35154,2.8599999
39627624380633603,0.1930710976,9.620492,52.320351,3.6818051
39628099196813956,0.2687902987,10.560466,106.14758,4.8357196
39628204801001923,0.04208563888,8.8180981,162.04378,2.8599999
39628528290890769,0.1693546232,9.4939356,173.82175,3.3500462
39627718626644213,0.2561970801,9.8840208,289.08911,3.4885261
39633486067273204,0.08736525773,8.8748274,69.505524,4.997498
39632976010545601,0.1319108986,10.356611,131.76471,4.078887
39628510951643130,0.2056536957,9.6399097,78.823029,3.7647173
39628072466517737,0.1330746585,10.319247,184.45201,6.3623276
39627818975363855,0.09475420313,9.2201805,54.949432,2.8599999
39633270614261946,0.04903198026,8.8328505,37.42363,2.8846064
39633237282132557,0.2839033773,10.098433,66.527298,3.7414453
39628412465188377,0.2864122154,9.9126692,91.263199,4.6616182
39633455599847639,0.4544623747,10.562914,147.60321,4.9941425
39627503714703020,0.1980316721,9.7749434,141.94926,2.9143448
39627673818895282,0.05798090733,8.8555412,55.049477,2.8599999
39627612313617305,0.3416971733,11.197906,61.057697,6.2265
39627786842800838,0.2383904055,9.5882921,82.54953,3.1285341
39633419801464324,0.1372986834,10.613761,132.31854,5.6473031
39633259444831943,0.4756812411,10.315763,127.38393,4.397923
39627836826323401,0.0420260332,10.119463,375.98352,5.0609918
39627944657686174,0.3525013383,11.578401,42.948147,4.4130387
39633153098254284,0.4546465008,10.874993,35.198887,4.388936
39627634983830494,0.2024062724,10.064247,229.45317,4.5328727
39627913846327631,0.3013333444,9.93571,63.726177,4.0801964
39627932825551436,0.2366790104,10.392083,63.184002,5.2953076
39627935438603966,0.4046601261,10.348786,62.468433,4.2211056
39627763493109988,0.1426554398,9.7206602,107.76205,4.0952072
39627710024124389,0.2806820702,10.374714,131.31403,5.0430288
39632952044295771,0.1389314055,9.9395332,301.53076,4.0543766
39627854002000258,0.09935936189,9.5810432,71.674324,3.3347442
39627685344841146,0.3281162551,9.9103575,84.877762,4.0650978
39633149327576625,0.3065006754,10.040422,42.498695,2.8797359
39627953172122619,0.1107999704,9.6080379,143.11812,3.0884163
39628296945666676,0.1704628012,10.408841,80.711639,4.9523306
39632936315652747,0.09498586534,8.8789625,111.43935,3.4363894
39627910683823268,0.1945312666,9.772089,60.965427,3.4467139
39628061548741189,0.3922124595,10.691286,49.382328,5.8330626
39628001041711247,0.1843585486,9.9497681,106.62717,5.4325285
39627791544616212,0.07699688867,8.1584902,264.51752,2.938576
39628497097855380,0.1344864331,10.826392,451.87222,5.0356045
39633287034962387,0.1332065203,9.468359,37.107098,3.0108376
39628479762795051,0.0152256052,7.3702173,48.0924,2.8599999
39628307817303212,0.08533557286,9.2729921,62.937847,3.3798699
39628384648563740,0.2773001451,9.5316381,249.85179,3.0452809
39627658413217923,0.2385065581,9.9714041,75.964203,4.5290208
39632971124180133,0.3727593006,10.700143,125.11809,4.7679639
39633255938393554,0.1268522453,9.4156837,288.26767,3.4025605
39627694643614976,0.153465932,9.6062365,150.22928,3.3543441
39627895500439958,0.09253283992,9.0806961,53.366699,2.8599999
39632972105646887,0.05335098806,9.0923233,55.932819,3.2651277
39627742127327016,0.337722171,10.436861,125.16602,5.0232315
39633224158151241,0.2255937903,9.8157215,75.400223,4.309535
39628028912864521,0.2404645898,9.6047726,100.30201,3.3654814
39627779536324509,0.03654239322,8.4575901,182.00493,2.9844306
39627473247275816,0.2370551848,10.033545,105.17439,4.3658929
39627379932399007,0.09802748938,9.8845701,755.79956,3.9124167
39627929633687351,0.1392904926,9.7340546,156.10942,3.8568306
39628302498923404,0.1425427953,9.3865671,46.810688,4.5851693
39627794656791323,0.08180722059,9.2446156,196.66786,3.4843502
39627734036516779,0.1292980821,9.501729,89.931496,3.2820091
39627781138548363,0.08942778686,8.8843555,41.839973,3.7873495
39628273725997944,0.2423691616,9.6165924,120.34973,3.5617204
39627751707118982,0.2134350659,10.811121,70.846054,4.0398412
39627949602769974,0.11049677,9.8953962,358.84137,4.55164
39627624288358000,0.3373205425,11.113997,64.259079,5.5438523
39633474323218916,0.1512326011,9.4501352,77.693085,3.6864281
39633047921886847,0.06420871026,8.4809065,48.793068,2.8599999
39627956900859224,0.1702317483,9.3486271,123.32834,3.7795386
39627613538356144,0.2487072644,10.879762,107.18895,7.5950708
39627333962831860,0.2901769983,10.542901,85.117065,7.0892892
39627883949330355,0.2086663287,10.239996,56.483902,4.0109754
39628279698688467,0.2000137633,9.7331591,45.496689,3.2699292
39633508997530047,0.1637150949,10.098866,100.57143,4.6918459
39627836767601966,0.3610129406,10.29614,76.232727,3.9409032
39632944846866728,0.07244428192,8.9904175,152.72675,2.9552245
39627732740476695,0.09043330989,10.159431,256.69702,7.322453
39627660548114718,0.3298701992,10.606946,128.02939,4.0210214
39627642722325032,0.1744053162,9.2846012,105.66385,3.175344
39633329015753101,0.3844323729,10.001627,122.4673,4.0158911
39633378672118205,0.2240876483,10.687691,235.74007,5.9525499
39627606307376774,0.1354285935,9.8595629,74.560608,3.7041113
39627962722550351,0.2347993829,10.352489,83.747459,4.6914163
39632971593941637,0.2271226104,10.264986,116.83105,4.5439816
39627932850720078,0.09937544774,9.3497095,97.395821,3.3061643
39627889703915308,0.08303272493,8.7449732,175.36145,3.472363
39627580898282570,0.3716632007,10.645273,82.42823,5.3700156
39628522733441419,0.1949221428,9.600729,68.7939,3.2898862
39627769927174852,0.3169587428,9.7087574,171.8374,3.322437
39633450629598107,0.09622190951,9.2507935,83.672874,2.8599999
39632946767858673,0.09852742253,10.240237,183.59143,3.7737782
39627886574964480,0.1497621016,10.050976,64.621422,3.054481
39627514229822162,0.2505766746,10.105041,84.592651,3.7991457
39632974953581227,0.1228617729,9.5173178,179.76518,3.8951678
39628502391065154,0.246077889,9.8229961,60.760208,4.1001945
39627860708690757,0.215726761,10.232244,123.63345,4.0275083
39627678508127598,0.2071523527,10.419289,80.586929,3.2997866
39633483856873898,0.09179452081,9.1852455,75.964745,2.8599999
39628009975583054,0.1854128417,9.7340002,133.85294,3.680912
39628521626145363,0.1740047925,9.6728907,85.29406,2.8599999
39633529159551197,0.1070968439,9.4368286,108.35665,3.2694397
39628414625253073,0.09765486545,10.277205,2158.1235,4.6720304
39633215450778063,0.0423243072,10.421287,130.98991,3.9255798
39628092540453202,0.0791906375,8.5412083,54.97049,3.0105402
39627766856946437,0.2609919848,10.807616,137.31862,4.2660093
39633524529040804,0.1483258981,10.204238,137.81479,3.4549344
39633493637991514,0.4056529338,10.302532,123.29527,5.0703068
39627568801908164,0.2619940368,10.015761,140.49898,5.2405767
39627967617305305,0.4497540277,10.328082,106.89611,4.7660379
39633232341240075,0.4427752016,10.923509,55.530548,5.290494
39627797144014217,0.2296576526,10.001462,108.86131,3.5493047
39628200896104784,0.2204655938,9.4195261,52.070618,2.9910493
39628298006824640,0.1003260327,9.263732,52.423492,3.5778153
39627583217734738,0.1880633688,9.6402187,282.53793,4.1645665
39636394007597138,0.3731074345,10.633954,150.13069,3.8636537
39627959287417943,0.2049851744,9.4407291,100.22649,3.158659
39628166095969943,0.2923832875,10.350064,57.158566,4.0603251
39633005542640375,0.1865478045,9.76021,113.83308,4.1754651
39627791179717420,0.07893183743,8.5165548,108.22994,2.8884594
39628341430457403,0.1366650686,9.1719923,253.26418,3.1056619
39628172064458617,0.4637397923,10.394454,152.00616,5.4307103
39633196299583885,0.1983192961,10.63885,47.961407,3.8299608
39633240432050340,0.04605714875,9.0692282,223.33853,2.8599999
39633252431955776,0.2763641202,10.488401,52.859928,3.0155761
39627833156306910,0.2186747123,10.4737,76.606369,4.3076243
39633251546955980,0.1944321737,9.6749182,47.387539,3.4065247
39633530749193829,0.1226500462,10.283753,357.74527,4.3837118
39633427363791669,0.1105132641,8.7342949,94.305168,2.8599999
39627598967345566,0.09377815246,9.6168747,119.62608,3.7144544
39628090829177286,0.1164838518,9.2618828,662.28522,3.4080555
39628060324009813,0.2299854983,10.958805,233.31563,4.9619031
39632934923142227,0.2669032182,9.920188,79.816086,4.684485
39627986323899576,0.2741743507,9.9139872,62.368519,4.1085296
39627995073220258,0.03995431306,8.8040686,76.687721,3.0816865
39627795009116290,0.2131912055,9.691577,93.871315,3.8120918
39628228465266765,0.2772379501,9.9365568,99.675491,3.7626376
39627729636692885,0.4023977155,10.219571,219.95294,4.0718298
39628492232460401,0.1394220953,9.6176157,277.42322,3.7648072
39633113034263604,0.2320338973,9.8114777,98.833679,3.4964764
39627873140605706,0.07985523164,8.1732569,83.427025,2.8599999
39633410003568402,0.2547274952,9.9884005,120.94007,3.7104366
39627784477213715,0.2739107213,10.149069,70.929604,3.8002558
39628182583777733,0.1099332162,9.2784643,77.668945,3.9446585
39628460884231480,0.2240892188,9.4050779,132.52493,3.4053102
39632951612278985,0.2905778464,9.710516,100.29129,3.3785625
39627999313663055,0.3656688985,10.941897,96.674484,5.4587369
39633150053188631,0.1899645582,9.499341,87.471268,3.886858
39627721063534448,0.2973835704,9.7754993,72.20649,4.1707487
39633259788765058,0.1944146621,9.9071722,55.791485,4.0813928
39627731280856016,0.1111052344,9.4140425,68.484322,2.8599999
39633208404346998,0.13531442,9.4107819,74.915474,3.4025805
39632956674801948,0.1283184082,9.8383579,87.89138,6.6688643
39633472125404508,0.3136381423,10.13247,89.028427,3.8254473
39628250963514718,0.1974618631,9.7376213,185.68271,3.8193424
39628123691550654,0.2218253039,9.8981104,140.56833,3.498234
39633509077221882,0.1901939213,9.4116507,82.332191,3.1612911
39633402638372219,0.2384462946,10.007185,70.933144,3.7204535
39633297369729388,0.2744252786,9.6453085,47.08548,2.8599999
39627961678171102,0.2661898457,10.1459,136.58252,3.7140777
39627915687626298,0.06713283739,9.7252722,395.03403,3.6800334
39628036647158319,0.2289746234,9.7552691,53.145924,3.7771504
39627903536732514,0.2260710876,9.5396681,348.13837,3.9614186
39627642843960664,0.1519544869,9.8627996,232.21191,5.1847391
39633314499267102,0.4107464125,11.02788,31.352556,5.5095563
39627666252367578,0.08769945944,8.6048326,63.313759,2.9703243
39627740382496887,0.1211751092,9.319212,90.731949,3.8787999
39633162241835937,0.126621331,9.2346001,96.230034,3.0080853
39633355624415580,0.1052616531,9.1633635,111.94927,3.4941931
39627851221178475,0.3551148561,10.187058,125.35004,4.5696902
39627940903786218,0.2374345382,10.546471,83.166084,4.2056341
39627989847115511,0.08947068916,9.0857124,87.191574,3.0555711
39628245871628050,0.1682568141,9.7452888,76.950394,3.3800535
39627866979174557,0.1692192973,9.278492,313.54538,3.2842772
39633374834327979,0.1766075235,9.663146,56.742325,3.0852242
39627908842525260,0.08294421626,9.4275198,139.40654,4.1913342
39627927691727627,0.1520097328,9.6220255,78.139397,3.9382873
39627648749537114,0.2720260643,9.617754,370.69543,3.2979624
39628172697800779,0.1553208908,9.6923752,64.410378,3.8284254
39628054300985934,0.1721020202,9.6580429,111.19559,3.9684689
39633412906026495,0.1669111086,9.76577,151.58022,3.6944809
39627923342231379,0.1686722471,9.0823669,36.371944,2.8599999
39633118453302925,0.3919175318,10.452821,38.525715,4.4104319
39633016082926947,0.1457902301,9.5951929,97.576378,5.2603121
39628022898230550,0.2064969111,10.311351,148.29333,5.0395474
39627812063155626,0.1858582978,10.046165,110.6223,3.7069538
39628058973439921,0.3952104017,10.104193,92.444458,3.6749191
39627678784950286,0.2461866354,9.8428326,36.064472,4.038867
39628112480175456,0.08269326101,9.3072481,74.218224,4.1574268
39633081753142506,0.3804312728,10.606871,59.150005,6.2694111
39633369096522058,0.1791286001,9.4804239,47.213524,3.5313046
39632966141347391,0.03534949884,9.6818762,303.25427,2.8599999
39627911266831895,0.1309783644,10.425134,108.43673,3.2337086
39633025482360313,0.1063944467,9.8848209,243.189,3.5774903
39633148606157212,0.3543896898,9.9053907,152.19083,3.2349887
39628417838092707,0.1549912091,9.3826599,420.62268,3.6538203
39627880602273568,0.1284972338,9.628088,76.761177,4.1802602
39628274296427844,0.04802760342,9.0646086,56.446491,2.8599999
39627702759592126,0.1485757886,8.8590088,333.95996,3.1393464
39633162858402101,0.3047727195,10.106866,91.864815,4.7941036
39628096185303441,0.2275083651,9.928607,123.89187,3.7752697
39627709210432617,0.22083844,9.5083942,51.60099,3.3148503
39627922713085814,0.4021420167,10.400682,97.649887,4.6207824
39633408502008881,0.294003573,10.292772,247.58943,4.6229186
39627943592329785,0.1274250168,9.8569651,184.39444,3.7749844
39627735944921566,0.05242929068,10.787819,465.86865,5.8262639
39633270387770269,0.2009389621,10.019062,106.59,4.0710135
39628375840525936,0.3427070828,10.627209,63.993217,5.6802382
39627696770126752,0.03076287395,8.9013834,59.768024,2.8599999
39633529222463563,0.07968137751,8.9444895,111.98844,3.0074162
39627857122559315,0.2409219361,10.558089,41.426155,3.5580597
39627619657843231,0.2244198873,10.38491,79.412949,3.2432666
39633019102826502,0.1351155023,9.8848038,72.723671,3.7947922
39628326884607519,0.4880009891,10.355255,103.27007,5.1802502
39627797529887800,0.3028023693,10.515069,61.688496,3.6975279
39633259981703354,0.163691258,10.514894,123.06866,4.3647771
39627703405511342,0.1640196303,9.5101547,86.737183,4.8526211
39627866102566583,0.2588322294,10.25709,86.318123,3.8716676
39633166608108001,0.1131708189,9.2472925,62.669022,2.9241848
39633412843112894,0.07981289346,7.7481084,264.76361,3.1693211
39628521890384938,0.09848037921,9.1754189,107.65949,2.8599999
39627949959285117,0.2300139085,10.456017,57.720539,4.3917217
39627803523554399,0.1268295538,9.5652418,32.425896,3.0347362
39628324825206641,0.2202827322,10.091994,66.237724,2.9709129
39627800423957308,0.1835835176,9.4649925,105.0634,3.2541547
39627682115225783,0.2068135938,10.124868,51.630573,4.7553878
39627745038173498,0.3413384665,9.9998264,109.55404,3.6491511
39628031584633750,0.1923387901,10.550027,199.24165,4.9819589
39627954107450042,0.1135599926,10.067449,196.15256,5.0185409
39632996378084899,0.4793315194,10.421489,83.043503,4.9251308
39628135691457641,0.3381439043,10.67309,69.745804,7.2069783
39627844992636871,0.2118487225,10.10844,69.574684,3.9401326
39627907559064407,0.05316364402,9.0222635,64.142838,3.6951895
39628105463106022,0.1194491929,9.0726814,66.264923,3.9163442
39628195858743949,0.1644958195,9.527339,83.336838,3.5693715
39632991546247393,0.163535444,9.9674873,120.88,3.5310118
39627883706058226,0.1563346495,9.3768368,27.398916,5.4122233
39633433240011673,0.142970636,9.1079721,95.134514,3.2095532
39633217262717242,0.1226171546,9.6035156,148.69722,4.9464827
39627914483860276,0.0944473745,9.6207943,139.73064,3.8260102
39633161214232457,0.4797901582,10.116536,141.6783,3.5661716
39633112564502391,0.05599116472,10.106865,176.92436,5.1936407
39633243326120686,0.1203744049,8.5279522,73.198151,2.8991518
39627546840532636,0.2353953943,9.7850409,34.813263,2.9890997
39628212476579144,0.1138765636,9.1058578,397.07135,3.2329836
39628523010264505,0.218498481,9.0880384,125.3544,3.0465558
39633244559246268,0.1998350061,9.7565117,85.22213,2.8599999
39627923803603325,0.3452036315,10.342782,109.14879,4.5165429
39633101042746822,0.1411168813,10.193489,127.40413,5.9903879
39628486817614561,0.11916163,9.2401438,136.80029,3.535682
39632976740353560,0.3059306019,10.156771,45.685436,4.0312805
39627581124774488,0.2008337203,9.5073252,230.6703,3.9772003
39633228931269377,0.407098016,10.80598,236.02292,5.2183518
39627637101955864,0.1838221736,9.7909698,59.881603,3.916333
39633100812060433,0.1007293193,9.1966543,67.204391,2.8599999
39627767540616965,0.1558523244,9.5661516,145.40691,2.8599999
39627708941995143,0.2020718001,10.607925,176.59528,6.0573044
39633267409815783,0.1177153789,9.3126335,100.34658,2.8960972
39628176355233130,0.3578446802,10.141129,248.78912,4.3198128
39628035552450216,0.2927049573,11.013872,86.27684,5.4802046
39627758107625415,0.07052146305,9.1763487,101.67455,3.2488198
39627939549023585,0.242588423,10.163696,95.288834,3.7098536
39627652478274371,0.09772637464,9.0886755,159.93739,3.5391996
39633464735043550,0.1122311954,9.8246307,171.88496,4.1401734
39627745365329355,0.1969779696,9.690856,134.34618,4.2234359
39627776117967891,0.3233545329,9.9371433,84.752144,3.4901724
39633532263334630,0.1464036818,10.159294,109.47725,3.0425749
39632966648857320,0.1959303096,10.125908,436.54413,4.4341898
39628335558429034,0.3206184924,10.218688,71.965614,3.3572447
39627634568599173,0.2017399106,9.1372871,165.46442,2.8599999
39633236447465054,0.1772161125,10.071485,122.75024,4.4932823
39627653015143117,0.1716178303,10.014887,49.178967,3.8786161
39628281984583082,0.1536609708,9.5841351,51.239738,3.6448243
39628132004660408,0.2910160417,10.379316,88.795319,4.2108707
39628057148919636,0.3868874817,10.319286,78.690613,4.2872591
39627734330118262,0.2517285394,9.8394318,81.481682,3.2027669
39627950827507342,0.1450541316,8.8530197,156.38878,2.8599999
39627702969304409,0.1995390458,9.2683334,191.66307,2.9656341
39628460234113598,0.28501561,9.8482885,63.152439,4.1951413
39628218168252630,0.1839637906,10.05926,79.93187,4.3256397
39633232135717552,0.08897789404,9.4200554,39.111645,2.9648798
39627715128591591,0.2274761363,10.009651,134.30849,3.6656837
39633286854609534,0.3527084485,9.8307247,51.713058,3.8069916
39627690570946265,0.3548675205,10.348521,154.1132,4.972909
39633001184758669,0.155742507,9.3466921,54.542274,3.0298865
39633109448131071,0.2386759428,10.377121,102.61499,4.7722774
39627808581879528,0.2796254909,10.732283,96.638939,4.3127952
39628037054006022,0.04057125826,8.8585196,72.274635,3.7189293
39628217270667915,0.1060310413,9.3449011,60.675549,2.8599999
39628167383614247,0.3121897431,9.5016718,55.394241,3.2295363
39627618525386498,0.2213672008,10.090353,59.789856,4.2190943
39627660443255192,0.06708109145,11.021274,380.552,5.3431368
39627959023175446,0.1913841327,9.4427376,41.231911,2.8599999
39627826520917102,0.1218579015,9.3725595,64.970833,3.9522638
39627893139046894,0.07563416739,8.9912434,107.51887,3.9691231
39633374855299974,0.1671200042,9.4588823,32.377659,3.4223015
39627573327564002,0.1596609317,9.7617874,260.62207,3.5589898
39633216528713605,0.2246194858,9.8954773,62.188107,4.0206733
39627636762220427,0.2094230047,10.315955,79.91114,3.4267137
39627983668907217,0.2744032231,10.226954,102.62238,4.8185086
39633307889042084,0.1031623452,9.0363798,55.187744,2.9639661
39627849174351955,0.3820648366,10.439254,36.800808,6.1748633
39633026023427327,0.2303307783,10.572243,55.294964,3.7694483
39633144374102490,0.3805022034,9.8333244,69.212212,2.8599999
39627651253539251,0.2868129715,9.8255043,60.531876,3.4987779
39633025490748643,0.3463118369,10.699467,65.848335,6.7250848
39627974835702158,0.02337497039,8.1049395,55.929981,2.8599999
39628465523133191,0.09069671823,8.9503231,43.341671,2.8599999
39627642432913680,0.1498510646,9.2333765,55.317993,3.743989
39633162409608133,0.07482767727,8.5411682,54.23782,2.8599999
39633212682536759,0.1248459235,10.137505,846.10907,4.7337852
39627759823095440,0.2493296304,9.9776382,172.92088,3.9538815
39633535081907853,0.3114697511,9.8094139,77.046646,3.4654565
39627790244386062,0.2000624896,9.9003763,52.328449,3.6192403
39627827007462295,0.08957690182,10.017896,106.42031,3.5597546
39628033933446839,0.03576703611,8.1721067,141.57487,3.5390255
39628364742394153,0.0751873771,9.0545549,48.532917,2.8599999
39633005660080198,0.2948423735,9.5093317,73.349586,3.0755994
39628304495411999,0.2103613946,9.6483221,52.467472,3.9289587
39627998747430523,0.1724309764,10.043096,92.180008,3.5332048
39628037788013830,0.2345026031,9.9592257,71.60022,3.2608559
39633006779958538,0.2680369218,10.970113,128.85002,5.2593198
39627694517788777,0.1336834657,9.7580271,53.298355,3.1489887
39627917243713830,0.1643166877,9.0561686,136.89738,3.1214015
39632966762105360,0.2350756576,10.491838,43.303368,4.4205003
39628022789180833,0.1973979866,9.6121225,101.75803,4.3536439
39633489301081154,0.1835199195,9.3862982,117.7519,3.1324852
39633204402981184,0.1318743645,10.127104,124.44917,5.0685606
39633090192083647,0.1410677239,10.023997,240.04579,3.8958056
39628275495997515,0.1767348981,9.5526295,47.206863,3.2827232
39627619083225788,0.1308256379,9.6872015,89.920242,3.0899057
39627961728499987,0.05848011747,9.3909245,139.81052,3.5205574
39633307205370049,0.07122232938,9.7971649,117.74644,4.3901353
39627793671129088,0.1258700247,9.1051445,62.295635,2.8599999
39627679841912986,0.1449023794,9.1968966,84.423973,3.0040572
39633386792290619,0.3268804678,10.077272,170.592,3.8206506
39633122333036452,0.07299898701,7.1664934,944.53284,3.4411373
39627527290885633,0.1047398208,8.8574677,36.974339,2.8599999
39627462484692299,0.3245323749,10.277445,56.288761,3.7184815
39628039943883133,0.2500081204,10.084347,47.097816,3.3214962
39628016036349659,0.09572875071,9.5530949,55.494884,3.1903715
39627820980247909,0.0605976193,9.5732422,321.24326,3.8393202
39627606257045144,0.2571731215,10.323136,79.883301,4.5359735
39633489271721128,0.1454369285,9.2357645,75.467896,2.8599999
39627826697077923,0.18694713,10.266583,236.46341,4.2667017
39627750775980355,0.2233832067,10.050436,69.889198,3.5679314
39627759957321041,0.416972566,10.4061,80.991798,3.9394472
39633396091063113,0.1427892967,9.3772221,56.872269,3.2102418
39633068616585377,0.06594584228,9.4212017,89.36145,3.5704851
39633307457031743,0.2203462755,10.043922,54.933094,4.0695014
39627647218618041,0.3092849803,10.019137,164.52859,3.8907168
39627479572290322,0.05664699761,9.1920967,73.840538,2.9794977
39633043509477684,0.1048015071,9.0827656,141.60413,3.320137
39627678554262927,0.2605353189,10.927818,173.3279,5.9596276
39633085267968750,0.1196961577,9.7401056,156.7121,2.9566405
39627770321442307,0.2910182001,9.8913136,50.179886,4.6344242
39628194164245578,0.3371136186,10.078881,85.29892,3.5821931
39627887942304019,0.2183079384,9.9840622,213.58034,3.8709793
39627888118467029,0.2809196462,10.462015,69.732986,7.4642787
39633236820755567,0.3847654858,10.53059,74.729118,3.8077052
39627889825547807,0.3421336308,10.624936,52.038712,4.7657466
39628491792058954,0.1054405745,8.8114195,119.40283,3.0814183
39633480983776717,0.3601651948,10.620938,69.525543,5.6312685
39628405406175135,0.2677527212,10.095396,74.247765,3.2709942
39633058088881384,0.1326390448,10.516981,271.54034,4.3307734
39628352528584954,0.1840403971,9.896184,43.694344,4.9416084
39627817163425697,0.2192111064,9.6176252,118.65617,3.1439106
39628514374190133,0.1296461668,9.4114656,68.39608,2.8599999
39627754018179097,0.07248175037,9.6849298,88.920784,2.9370153
39628076929254505,0.1439836332,9.2862902,308.64822,3.3564105
39627642235782102,0.1601645973,9.9822836,326.88623,5.1689939
39627715669657977,0.3494766963,10.52995,70.121506,4.6069684
39627869764192078,0.297418296,10.06516,72.907822,4.9332409
39628141827723300,0.4833145062,10.544622,51.071243,3.8455355
39632961615695673,0.04797896582,8.4198322,506.52371,3.3930302
39627769226725130,0.1218427758,9.7388668,183.90152,4.1830735
39627582680859620,0.1030939279,8.8090668,69.534561,3.2307699
39628046797374922,0.110344909,9.2211752,119.16149,3.2104599
39633001818096157,0.1698967586,9.5660143,51.426453,3.4268448
39627933513416971,0.2194556135,9.6130571,111.17152,3.3371782
39627760347382266,0.2667463132,10.474679,117.18924,4.6512694
39627992749575814,0.04705888136,8.9350185,336.57568,4.3653874
39632936177239173,0.1529276941,9.7933645,70.552162,3.6215839
39627684447260814,0.09950585469,9.8688669,188.60474,4.5089173
39627933387589639,0.1592123996,9.2247572,172.64578,2.8599999
39636918022969365,0.09869837401,9.7468252,52.304897,3.2367053
39627926727034336,0.2122383879,9.6915159,119.5552,3.3366907
39628291073640607,0.2010496801,9.9594011,124.05024,3.345499
39627971429927159,0.1266651302,9.6930304,82.589218,3.3118861
39627667321915431,0.2216860297,10.331217,154.51881,4.8229065
39633100073861948,0.08338354829,9.5867472,588.01056,3.2234044
39633049926765769,0.1312454632,8.5558987,133.77812,3.1064165
39632972017566317,0.2059200398,9.9062796,53.805222,3.9431069
39627957781667418,0.09134822512,9.5107622,129.08131,3.2743752
39633299861147091,0.2479942058,10.653615,163.04625,4.7014594
39633443927098277,0.3145119476,10.389233,131.44725,4.5848069
39628017185591384,0.2851636956,9.9570036,70.576927,3.3732905
39628405418754332,0.190334731,9.8991327,127.02021,4.8332863
39627598560496422,0.05356212033,9.6415148,199.56508,3.5937088
39627907844278138,0.2392733036,9.6351862,81.148415,3.3697276
39633438000547434,0.009198631653,7.1657748,337.54727,2.8599999
39627908909630642,0.1493747716,9.906394,76.380486,4.0029917
39633271281159296,0.08679020119,9.0153399,81.353027,2.9876533
39628094784412297,0.03082096388,8.5866184,620.17615,5.4982252
39633224367866072,0.2100991968,10.209023,88.620468,3.4435923
39628089839327034,0.2289035578,10.085868,73.997673,3.6621428
39628522066544996,0.2723117965,10.5765,112.21133,4.0930066
39628339375248181,0.2480287627,10.060174,108.90488,4.9548311
39628294592662933,0.09714817691,8.7064629,71.330948,3.32651
39632931257323383,0.3112508803,10.45805,73.791061,5.4254689
39628467918080316,0.2823022784,9.4606075,269.42151,3.5293217
39633212544126246,0.1749045664,9.3863039,76.085258,3.0023432
39627787685858329,0.1769571355,9.5821095,84.679146,4.3519225
39633267183323953,0.2612279741,9.3719282,114.69991,3.2735155
39633043534646321,0.2386081304,10.392876,58.875851,3.8877056
39628257330463558,0.1797534833,9.5274935,98.632896,3.1274173
39627618890286036,0.1895909893,10.00911,144.32645,3.5942192
39636767510364431,0.1070466157,9.0478964,43.849499,3.2632856
39636661465777870,0.4741912131,11.032168,119.67233,4.816565
39633408338430201,0.4161505796,10.656293,74.864983,4.5007524
39627724238620834,0.146318523,9.4262381,63.554852,3.0544577
39627845856660627,0.2536518809,9.6576166,67.179321,3.1037996
39627633876533688,0.02227518525,8.4319286,365.89517,2.8599999
39628481570541368,0.1526185491,9.4378834,67.033127,2.8904119
39627697260859165,0.1799376289,9.1166773,86.864655,3.6022799
39633359734838129,0.2064675822,10.17613,94.232559,5.0319929
39628399697723704,0.4319417879,10.76803,72.82795,4.1459413
39627779028818007,0.07415536982,9.6660738,208.5782,4.4061999
39627953914514118,0.1842097311,9.1860514,61.292912,3.219527
39627720681850314,0.04559154509,8.8727789,83.954643,3.2591727
39627772997403833,0.3694741925,10.147962,93.707588,4.0499606
39628390935825640,0.08770630734,9.1311588,96.90184,3.5595846
39627636472810289,0.09011807805,9.6606312,218.11067,3.9656036
39633095699205517,0.2329691305,10.228592,202.94281,4.3411903
39627767007937470,0.082180329,8.9916677,47.190659,2.8599999
39628104603271759,0.2483320222,11.18552,54.637218,6.5396252
39628412779757663,0.3979105223,10.319933,139.08376,4.592576
39628464046738613,0.2894946274,9.6227045,96.349434,3.5367203
39633263962097337,0.1332207971,9.9997673,261.2597,4.3065252
39633333130366769,0.212470966,10.232908,108.27554,4.5247126
39633262804467875,0.4068098343,10.206807,42.616783,4.0185809
39627733851968446,0.02377020851,8.825037,91.770744,2.8599999
39628160530123583,0.1689575117,9.3089771,91.272285,2.8599999
39628071019485061,0.05007349729,8.3304052,57.200855,3.1952858
39627842379580276,0.2493430021,9.6506386,64.915237,4.1443028
39628001683443474,0.2341761691,9.4682961,102.70045,3.6427822
39628507986269183,0.174429129,9.6542377,201.56018,2.9849246
39633035011819417,0.1175353227,9.5178375,82.449432,4.3629551
39627717913611489,0.1947993506,9.6926203,49.991856,4.1409726
39627699370596713,0.1783429936,9.6102266,86.633728,4.5070205
39627618428916761,0.0145857916,6.9264255,112.7309,2.8599999
39627821760383371,0.2712122224,9.9015703,349.26089,3.5326264
39633437467872019,0.05865252427,9.3360281,163.21797,3.3591139
39627845021995756,0.3316894628,10.244705,58.550758,4.6704106
39628453972022282,0.2316848015,9.6763058,95.371704,3.4030044
39633256118748038,0.2479386897,9.9944077,46.555779,4.1768842
39627615396433417,0.3657526171,10.662482,155.61217,3.8272533
39627931856667097,0.1443324857,9.5905848,165.26312,4.0367513
39627709688584280,0.3547108704,10.028067,56.472801,3.9729824
39627836557886654,0.2981719789,10.389719,90.212593,3.6832423
39627854043940029,0.2409054641,10.425819,72.276764,6.4107628
39628018997527138,0.4117792249,10.998233,116.83023,3.5357006
39633182814899553,0.3315638306,9.9044304,98.659233,3.4869974
39633187592211732,0.2667203683,9.7550821,32.773888,4.1002884
39627606701642347,0.1152386755,10.622149,194.73709,4.4180737
39628465317611674,0.1283928939,9.2619171,121.14352,3.9466195
39632945035608973,0.08555298637,9.1668663,105.65897,2.8599999
39628390847746966,0.2583833218,11.065762,76.028061,3.9807031
39628256395135086,0.299256221,10.952979,449.10342,4.7489195
39627718916054389,0.3026475892,10.066741,53.620972,4.2116394
39628385495810401,0.05226311937,8.4075022,50.372639,3.1550727
39627981445924379,0.1784325952,9.6509638,81.880898,3.9219282
39627892698647683,0.3393281396,9.9765196,56.830978,3.6244009
39628462360627706,0.2524053519,10.142879,115.00746,4.3721719
39627757151325061,0.1513770229,9.5228653,369.6857,3.57358
39628016925542120,0.2885779824,10.498044,108.00523,4.1347899
39627615325132067,0.2291940813,9.5967779,116.27786,3.2369025
39627799983560513,0.234296684,8.9808502,93.746155,3.4860566
39633208303685301,0.2879834929,10.616529,27.987007,4.1307359
39627717460628206,0.08413026423,9.8504276,187.49702,3.9672091
39628302289211359,0.1514628076,9.909646,107.16231,3.6628776
39627751921030118,0.2314742988,10.195445,169.60629,5.8749084
39627872050088241,0.03719708166,9.7310162,177.56029,3.2293942
39628182432776552,0.2223617677,9.7995996,112.66977,3.7755384
39628474557664601,0.1606835791,9.5063314,62.567291,2.8599999
39627759835682616,0.2399952601,9.6529751,94.784187,4.4668074
39628473148376130,0.3021432167,9.9405794,81.708145,3.5272112
39633380257564577,0.1360023989,9.0891876,292.42596,3.0970745
39628105500856355,0.1163332217,9.611599,124.31569,4.0397401
39633501565226411,0.1302664299,10.567444,95.347107,5.5422039
39628368185922052,0.1840770884,9.6253557,81.891083,3.5897517
39628228263939897,0.07234897094,9.843524,202.8721,4.273685
39633530677890302,0.1846481823,10.067005,131.63872,3.9803174
39633131195597621,0.2746760886,10.249811,102.77589,5.3442879
39633368198939914,0.1954358763,9.5473251,100.2649,3.3665872
39627872633099026,0.1407119753,9.5752077,229.93893,3.4006381
39633442597505072,0.3906014864,10.052752,92.019829,3.9872751
39628432073561609,0.2868076125,10.543777,118.58349,4.620821
39628424607696983,0.2511664743,10.246282,85.196579,3.4494298
39633485568149904,0.2485092253,9.3975639,78.991623,2.950182
39633135373124532,0.346239183,10.821836,116.08506,5.365221
39628249415813151,0.1057169888,9.8632641,51.305759,3.6046479
39628376540971739,0.1571904737,9.5150156,44.765591,5.1076732
39627902140024151,0.1954712576,10.704077,571.53619,5.4851594
39628439522643591,0.2379458734,10.655287,243.54913,4.4280052
39633374679141535,0.3700680088,9.880352,41.40329,3.1418207
39628386846380454,0.02882455763,8.4624071,235.63269,3.2234638
39628065277482896,0.350152713,10.738022,42.764206,5.3652644
39633491779913027,0.1358861336,9.233161,97.174095,4.3236399
39627753661666267,0.1495223902,9.3964853,97.242371,4.1724
39633419906320769,0.2466641622,10.917894,208.06358,3.8777494
39627892765757565,0.1209526523,8.9887438,81.362305,2.8599999
39632964904028506,0.100144229,8.9818859,33.880264,3.9912441
39627787509696181,0.2798525154,10.138338,46.844551,3.3194878
39627708967158353,0.1858838887,9.8093672,116.15996,5.3656993
39627727229162210,0.2571914502,9.5664711,124.89118,3.6597056
39633006293420959,0.1205075864,9.75667,113.85236,3.161715
39627764017402732,0.08905264245,9.8190641,582.35406,4.4929762
39628485806787265,0.2519694296,10.003284,64.011032,3.0143847
39627909719134584,0.1532723197,9.512042,59.324856,6.2559505
39628313525750098,0.0653657453,9.0978127,130.2493,2.9273725
39627860868072269,0.3908913388,10.018439,150.35524,3.2470865
39636690062547264,0.1522200346,9.1183386,107.56982,2.8896556
39627847978975759,0.2340766705,9.6600609,156.46519,3.4939339
39633521899209587,0.2564222336,10.022313,41.209152,3.7566967
39628363366668068,0.08621760929,10.058761,61.573483,5.2782078
39627594588491466,0.2050848294,9.3773661,100.82517,3.4225059
39628252708344206,0.06943059411,9.1654081,94.463272,3.6278415
39627655263295206,0.2245625591,10.082973,117.48456,3.3145421
39627724830022597,0.3967717758,10.838054,85.807076,5.0256653
39627684610834670,0.09571367964,9.6798706,191.45108,3.9041038
39628153445941542,0.08346444982,10.600883,103.10396,5.1194901
39628060303039216,0.1281741505,9.6574945,161.31705,3.463671
39627812499361795,0.4217875926,10.534419,226.0526,3.1613555
39633184144492834,0.1708168333,10.356059,205.80363,4.7638125
39627537680175149,0.1284370662,9.2826405,43.668526,2.9578769
39633256684978316,0.2075518442,10.217472,83.458809,5.80369
39628396631689295,0.1987753934,9.8929949,169.3985,5.1726418
39633252868163917,0.1834846645,10.937272,185.89854,4.0703206
39633073293231414,0.2119300336,9.6107931,118.55671,3.0903344
39627839745562613,0.243502504,10.626672,238.74251,4.6035137
39627642114148682,0.4632156247,10.932398,135.2796,7.9265413
39628392768737692,0.1515968237,9.3411589,70.094612,3.7812138
39627600653451599,0.09763716239,9.5249424,281.15967,3.2992938
39627791288772782,0.2093978233,10.2003,61.105778,3.6808302
39627702679897877,0.1278046397,10.018458,116.80387,3.6024415
39633240817927116,0.1191065509,9.937417,97.168579,2.8620751
39627759722434687,0.2525516681,9.7729511,80.491989,3.3999059
39627753972045405,0.2131762508,9.5192909,71.813202,3.3244407
39633053324151627,0.2769441292,10.362295,88.26577,3.6264009
39627725228478513,0.1918413617,9.9435349,227.30939,4.1895218
39633183527930054,0.08708855109,8.8800917,250.21991,2.8599999
39632991495918935,0.1953532231,9.8050375,85.481842,3.4161279
39627832464245376,0.1069409469,9.6280451,198.04474,3.4747207
39627744966870918,0.09268319325,9.0829115,136.55435,3.0689101
39628205686001222,0.2077516951,9.685915,61.484749,3.8347561
39627739145180459,0.2728573327,10.690326,75.817513,7.5391941
39627767796466996,0.02390438696,7.9591956,245.67146,2.9825585
39627961611059554,0.238384596,9.6953487,46.751335,3.131551
39633404680997850,0.2295203734,9.585638,57.188595,3.7380471
39627715338310014,0.1977020398,9.7173853,56.705181,3.6848156
39633208576314529,0.07410308628,9.4282341,259.8497,4.6860213
39633006628964027,0.2865164353,9.6116905,84.220894,3.7456336
39628025611946945,0.2399076795,10.070526,39.653774,2.8599999
39627917923190534,0.08083065271,10.052887,94.403084,4.6081057
39627945618178739,0.2533364078,10.097596,118.42819,4.1967955
39627659138829051,0.2100793213,9.7805033,52.895424,3.61906
39633287043356030,0.2793520369,10.041709,29.9841,3.1380088
39627921484157765,0.1026950629,9.6015759,55.664711,3.1589694
39627999720509827,0.1953984156,9.3718958,107.36505,2.8599999
39628518077764067,0.2567552498,10.579844,78.894943,3.5659983
39627751593871192,0.3677525856,10.473269,85.685402,4.4859614
39627745830900266,0.18203294,9.7185583,71.982521,3.6232531
39627646950179301,0.1783440347,9.4956732,302.00586,3.6904404
39627945228110898,0.1411901127,10.108891,69.318176,3.3786998
39627783881624511,0.2142603807,9.4805079,94.177673,3.7588608
39633072756362341,0.2952849556,10.019204,115.39607,4.7769408
39627679544117121,0.1501144775,9.4104786,159.36006,3.3743477
39628318261120841,0.09519768656,10.675343,143.02606,6.1342669
39627800168108424,0.3666672372,10.017488,101.47076,3.1747217
39627922834722635,0.2924468004,10.122157,47.786129,4.5904574
39632986345311728,0.2638312768,9.7336197,71.579483,3.9133422
39633352017314322,0.1903199708,9.8382206,55.722626,4.5246372
39628518019042721,0.2616568287,10.179873,94.837868,2.9181452
39636393982431843,0.3153569255,10.538199,112.35721,4.8422475
39633228662835024,0.07539361215,9.0838356,66.177483,2.8599999
39633342227809542,0.289192644,10.513473,47.03294,3.569617
39627715107621793,0.2450862132,9.7619286,284.41913,4.0411429
39627699865521663,0.0961397551,9.9495649,121.26698,3.70418
39627907538093493,0.1391212368,9.8642864,188.05605,3.5586514
39628009962997499,0.266426595,10.02468,989.3728,3.7317898
39633220542660722,0.06848029332,9.4562054,194.12444,4.4582939
39628321008388318,0.2061518303,9.8879662,237.99164,3.9811001
39627823245166696,0.2373125175,9.7939329,49.114647,3.8561637
39627788591829876,0.1408220235,9.9497614,128.66136,3.9788551
39633342601104272,0.1074539749,9.7402477,273.67856,3.2684741
39627909484253877,0.333845189,10.685152,153.56125,4.6009741
39633307733853404,0.07179439181,9.4839897,463.61194,3.4472406
39628059317376596,0.2009955251,9.8220005,41.709381,2.8599999
39627654118248720,0.0321968642,7.8106861,91.382263,2.8982675
39627728030274819,0.3878162605,10.236696,61.066952,4.0867276
39633497681299693,0.1668472765,9.4192696,170.9631,3.7873356
39627903201184045,0.1692146414,10.140503,60.06039,3.7790849
39633483336780494,0.1284254292,9.0122404,67.174835,3.5878251
39633481814248452,0.08784526756,8.9092035,62.576534,3.2731566
39627827485610359,0.09922468919,10.460861,335.01279,5.5499101
39633279422303657,0.1642003245,9.7828226,130.12775,4.3406577
39627743637278499,0.1763591054,10.245832,84.092239,8.0404911
39633259193173199,0.2882056267,10.100188,58.350754,4.6298141
39627914806823227,0.3293839348,10.138615,59.056129,3.4468803
39633300603536978,0.1215755046,9.0408773,146.65611,2.8876331
39627802630165959,0.1939593705,10.774888,79.535622,5.1289926
39627766877913838,0.2130054055,10.200652,135.30435,4.289712
39633054003628846,0.2409578047,10.032703,67.721382,4.2685919
39628005265376036,0.1347744477,9.5900078,105.81706,3.4227607
39633247231021047,0.3332675134,10.911386,38.107475,3.3723767
39633139311578415,0.3336647758,10.857649,58.179718,5.0490842
39627380687375071,0.2582797344,9.3248005,116.38504,2.8608127
39627879121687524,0.3437651338,10.029773,66.784843,3.1459818
39627793427860441,0.06483147587,9.1855946,118.04543,3.8320396
39627830560032691,0.1800863436,9.569272,104.89783,3.4878006
39627890899289099,0.2435805911,9.9481916,62.419178,3.2840066
39627871995563677,0.2206455722,9.260417,118.67692,2.8599999
39627872066867681,0.4367900899,10.707417,64.150078,3.4269264
39627695188872010,0.3644786887,10.083508,83.41539,3.9669363
39628521269625677,0.2225716215,9.5034952,76.824883,4.6378736
39627994737678227,0.09129512378,9.7024288,79.831436,2.9984002
39628106494903817,0.4040900823,11.25567,107.80678,5.0853796
39633538085028912,0.4152563376,10.497495,140.35368,5.0190916
39627719104796260,0.259437643,10.235391,48.746265,4.4404726
39633424008349188,0.06757870335,9.21984,56.23938,3.3987749
39627884658166503,0.3080559197,10.10449,286.2229,4.3790946
39633141261931894,0.04960239063,9.6609697,248.91618,3.3506796
39633438759720023,0.1692949761,10.539969,301.84222,4.3018098
39627854526286876,0.1424090408,9.3463869,141.3399,2.9021919
39627695138537919,0.2165086439,9.5127611,34.456867,2.9045882
39632996386472315,0.1309024994,9.9112024,78.643875,4.3398886
39628343028487031,0.08774493131,9.7102518,69.166702,3.099462
39633240742430973,0.2821243242,10.419465,41.726128,3.7503879
39627576666228410,0.2920953005,10.169729,81.622078,4.7141466
39628491674618463,0.1391263691,9.3742533,98.388458,3.4135365
39627845605007008,0.3824121905,10.180788,62.872677,4.7565899
39628009828778131,0.1294524408,9.9136152,102.77759,3.2864883
39628522603413923,0.1039580138,10.293907,104.13113,4.2805901
39627854329154702,0.1455653221,8.8202438,198.69273,2.8599999
39627926773173582,0.06222508757,9.6691799,427.3252,4.0380483
39627661529581919,0.1678144292,9.9825182,77.08416,3.5492299
39628526399260561,0.07971030088,9.3989477,53.712406,3.15943
39627787807494546,0.07528111788,8.9976063,166.75078,4.1094851
39628004036448305,0.2782466668,10.507683,187.2542,5.5933604
39628207791540848,0.3505145662,10.778567,55.557613,3.3620675
39628302436011256,0.3189954092,10.725438,305.95392,5.1008873
39627635097076740,0.2012200866,9.6463976,49.161484,3.172441
39627642625852892,0.1936159328,10.270271,238.9437,5.6516871
39628270685131787,0.2910882746,10.465318,109.85307,5.2164955
39628212526907573,0.221496779,9.8084621,67.36586,3.2931125
39627869491561201,0.1668232824,10.092151,70.636314,4.6082268
39627943596526453,0.1212942907,10.225838,585.1911,4.734941
39632949850669112,0.01363149859,10.565696,19098.621,3.1974251
39627814361638159,0.06667083919,9.2996655,84.831558,3.0565102
39633195473306450,0.1838750337,9.8828354,67.020325,6.9793229
39627945471382174,0.2856594027,10.470201,70.978264,6.3690815
39628098416679158,0.1114735468,9.558629,92.261589,3.1959941
39633294114951006,0.348241566,10.45003,65.28817,4.486042
39633364763804968,0.02773413976,7.7805786,146.50162,3.2073672
39633152813043778,0.252702257,10.849556,73.656174,4.0977783
39627776340266169,0.1326174948,9.7105827,76.675018,2.8599999
39627887522876232,0.1318014036,9.3342915,113.41769,3.099952
39628481365020422,0.08175490907,9.4016418,76.972382,2.8807945
39627709046853210,0.1927614539,9.5142326,152.71391,4.8434954
39627925972058342,0.07577934243,10.106353,260.96692,3.4023631
39627678944334058,0.08163014256,9.005517,77.775047,2.8599999
39627900059654697,0.2836187338,10.376598,99.313042,4.0576701
39627717624206276,0.09592943977,9.3477554,181.36887,3.4599309
39627729720574522,0.3041218545,10.510943,53.962555,3.5032921
39628302469562620,0.1062346462,9.5572605,97.019386,3.4230568
39627903113102737,0.2278409809,9.7496433,53.960468,4.133316
39627648690816814,0.2041783625,9.6180763,75.667175,3.1443021
39628013553323182,0.1429635758,8.93363,124.04826,3.0115392
39628227735454196,0.02224530816,7.4724102,81.056587,3.1947477
39633216532906253,0.1978628924,9.9497252,125.81962,2.8599999
39628272979413516,0.1321163764,8.8084068,104.56852,2.8599999
39627957571948535,0.1926358101,9.8227587,49.975372,4.4063306
39628250908985919,0.2125032683,9.5882711,37.308052,3.5470405
39627374358174906,0.2153913808,10.150296,167.8707,3.6382215
39628516135800886,0.1333078971,8.7553043,306.33105,3.3475578
39628374691284337,0.1976046797,9.6228647,69.806122,3.118552
39627939729381781,0.2420487022,10.328177,111.91362,4.2358608
39627679154047675,0.4761086813,10.60831,86.977547,4.1263123
39632936353401713,0.1061438647,8.9630957,62.942673,3.229883
39627696602350507,0.4119652513,10.594578,74.38356,4.3413596
39627760284469170,0.268976336,9.9759216,43.518307,3.3172498
39627414912901961,0.1800153746,10.641592,107.69904,9.9758873
39628078254653753,0.2443024391,10.401997,140.58786,5.1535053
39627748943073670,0.1999050821,10.197065,90.816261,7.3769617
39627821462586590,0.1356087509,9.4989128,118.48433,3.5144932
39633474583267280,0.3839064331,10.517469,56.030117,4.057291
39633491712803879,0.08922021862,9.2269001,42.631886,4.8955069
39633149436626340,0.3743534408,10.15975,59.628075,4.4407058
39628147590694021,0.1573019362,8.8641653,120.89542,2.8599999
39627855113489822,0.3433723007,10.795367,192.72415,3.8133092
39627781578950620,0.2281986362,9.7473688,184.62451,3.3016801
39628526361514862,0.2598174533,9.843955,89.010712,3.7409015
39628030754162828,0.1255125244,9.3660126,38.407284,3.1826737
39627857944647370,0.2349561649,9.3052235,66.977333,3.4518096
39628473202906183,0.1131903349,10.880242,650.71136,4.8851714
39633457592143220,0.09924055537,8.9811573,70.129494,3.2069058
39627743347868340,0.1294150472,9.861104,260.43573,4.3486443
39633009422371767,0.1120274097,9.966733,85.40947,3.0848746
39633387769562493,0.09312838352,9.4451456,184.3904,3.3486784
39628118083767796,0.2095810335,9.6953812,156.98866,4.0147295
39633119145362905,0.2530889473,10.225913,116.87166,4.3463206
39627630600783524,0.1323208658,9.7157688,49.816551,3.1541522
39633495781278965,0.1150958224,9.3788643,149.9538,3.8639476
39627791628504418,0.05328683711,9.3516598,82.163368,4.6634917
39633049436031963,0.0651228864,8.9502602,73.673981,2.8599999
39633260682150811,0.1917648723,9.5193892,97.574692,4.411974
39627619297134630,0.05983575357,8.9250975,71.213646,2.8599999
39627781599920275,0.07654050449,9.8638458,77.000275,3.5779107
39627775866310697,0.1418833382,9.8336887,332.72046,3.6495569
39632955814971777,0.0314516708,9.5392733,185.06981,4.4061413
39627961648808761,0.3899813814,10.426969,72.281998,3.7478445
39628129639078144,0.1363680709,9.422945,62.830711,2.8599999
39633067534450823,0.1133335782,9.1841202,233.13696,3.1727228
39627836184597180,0.1779851392,9.4672308,58.996304,4.3433547
39632947044681150,0.3855684713,10.120882,53.782825,3.4683688
39627681767099113,0.07148462921,8.6737757,44.977978,4.1214256
39627685869129771,0.3704886911,10.803195,69.186356,5.0607901
39628314897290205,0.303191884,10.20287,90.479805,4.0405607
39628492043717797,0.06960530412,9.0018406,72.165436,2.9657218
39627637202620240,0.0859753765,10.016623,167.21849,3.2269158
39633474105115844,0.13861601,9.4998894,260.6868,3.3583775
39633393901633839,0.2809770794,10.128974,56.021515,3.1615369
39627651622639692,0.1800902937,10.141252,72.096474,4.7699032
39627763354698427,0.1874735307,9.5948505,177.46855,3.8631716
39633140699889869,0.03755588045,9.4846649,180.62308,3.6110032
39633048991434785,0.2746538159,9.8308945,60.230415,4.1346612
39627642999148823,0.3289763977,9.9841909,43.529057,3.3775136
39627974873450850,0.1375602899,10.004738,169.45708,3.5546308
39627790403770130,0.2153689608,9.453495,42.656132,3.4126728
39632972072094757,0.2853438909,10.546537,113.96526,4.9428062
39633204428147724,0.1217544229,9.2570696,60.264156,3.6184058
39627865351783470,0.2600363153,10.139425,102.38371,4.3950548
39633501565225370,0.3394651813,10.556843,134.12378,4.8582158
39628444719383952,0.2445230872,10.304197,90.291252,3.733103
39627738767688373,0.1878169138,10.049836,89.002632,4.7681084
39628324728735455,0.09446228583,9.4302912,58.194092,3.5721154
39633318039258735,0.07380979628,8.5757093,136.49991,2.8599999
39633025847267548,0.1121388139,9.395153,115.56268,3.3304996
39627732715311422,0.05371193483,8.5845728,165.84108,3.0118334
39633121548698184,0.05783724091,9.2294359,531.03467,3.4738538
39628098383120827,0.029981509,9.9243183,208.30798,4.6659336
39627945001618172,0.1458048653,9.1535883,74.35981,2.8599999
39627857906897719,0.1696427567,9.4494638,194.30673,3.2646036
39633086727588655,0.2982612586,10.14988,46.349953,3.3807294
39627712335186151,0.3836981834,10.451409,110.94034,4.5475893
39627751619036850,0.2985664677,9.9223003,134.32574,4.245151
39628514625851233,0.1870675553,9.8845148,349.40433,4.1168547
39628100547380440,0.1505564891,9.8998423,270.97787,3.6101034
39627703040609397,0.2590619735,9.8997593,115.7226,4.4000139
39627877418796393,0.3122688713,9.5481691,174.06802,3.2505314
39627932179628541,0.3082170467,10.042989,238.39259,3.7239304
39628188044758251,0.233581593,10.00083,74.987053,3.5189624
39627944066287958,0.166666321,9.7154408,83.139671,3.1693044
39627856476638157,0.3684332607,10.256922,55.518463,3.8982222
39627795961224693,0.07787310558,9.9118509,46.383602,2.8599999
39628124274565751,0.1552335608,9.615674,64.762466,2.8599999
39628324967813105,0.229656835,10.680423,83.565979,3.8392951
39627600921888626,0.2041959604,9.6463289,62.086166,3.4834113
39628355900805341,0.1981178303,9.9514647,111.72777,3.7730935
39627604554160635,0.2118305115,9.574687,183.72964,2.8805084
39627903226348369,0.2994006496,10.778443,172.67688,5.4054155
39627791334906254,0.3475314931,10.714226,242.68095,4.5553498
39627995350041144,0.1722637104,9.376195,73.281708,2.8930817
39633506065713866,0.2734872215,10.226819,81.901047,3.9271696
39628205648254859,0.1159315023,9.0410519,50.261192,2.9023287
39628382224257267,0.3793439343,10.871564,57.829174,4.2216282
39633208437901260,0.161367795,9.5084152,60.699066,2.9491999
39627765984527011,0.1447940945,10.163857,85.952309,4.5453658
39627403957371383,0.07759088746,10.388735,913.2301,4.2362013
39628258588756691,0.2801315616,9.9149981,41.876152,4.0784159
39627897236886405,0.1752901852,10.413008,134.41869,5.0737848
39627851527359309,0.3538151761,10.31179,91.505013,7.1293807
39627897132027565,0.1839983373,9.775773,100.16939,3.9652829
39633016414274154,0.09945924982,9.1972504,120.21652,2.9232957
39628417498352502,0.03213116414,8.2668056,142.84691,2.9989965
39627501919541174,0.0823364004,9.3824215,234.59703,3.3959188
39627897203329875,0.2684034626,9.8712816,62.609898,3.8132777
39627761488233900,0.1869745209,9.4349422,42.820034,3.5330431
39628497227876302,0.07694328733,9.2270842,71.996521,3.29177
39627835161186141,0.2153155544,11.071181,77.82074,4.6057687
39633322665578834,0.2501730458,9.5378036,62.096031,2.8599999
39628201219066906,0.03826139982,8.7353249,147.74857,3.3559966
39632935816528539,0.143471661,9.4983015,95.58036,3.1534684
39633216734236023,0.3838756193,10.286692,100.19069,3.3731115
39627909383586475,0.2601673851,9.6299295,169.72371,3.5322256
39628100325086603,0.1927655832,10.005274,82.416679,4.1302471
39633297298427291,0.09469671066,9.7815161,94.974571,3.3268356
39633345394508546,0.2608547293,9.8733482,35.415977,3.0343621
39627802370120016,0.05538942196,8.5793486,67.295677,2.8599999
39628348531412149,0.3935876011,11.083328,42.011391,4.1751385
39628210509451248,0.0543234068,9.5274181,134.16853,3.7691436
39627733340262819,0.1680141336,10.072742,92.991982,4.7893281
39628359365298160,0.1659001149,9.0884285,161.0717,3.2517176
39628320299555520,0.2743076853,10.35107,100.61998,5.6289859
39633469482993253,0.2203146427,10.150356,84.76284,5.4136648
39627666256564877,0.3119354289,10.464336,108.40423,3.8912663
39627909295509834,0.09684496774,8.9928789,98.754791,2.8599999
39628412704261228,0.1638030116,9.4177351,46.102695,5.7663131
39628251571685537,0.4145836738,10.157126,210.05807,3.9818447
39627637554944159,0.1322980635,9.3092928,52.887772,3.1823058
39627824927082137,0.20438741,9.4093685,64.394012,2.9162157
39627691414000520,0.2483585044,10.706301,93.432487,5.1985312
39627756912249770,0.263939973,10.29415,152.06964,4.4745193
39627818178449282,0.1667596424,10.011519,53.407269,3.2258286
39628348787262215,0.09902746101,8.8251829,90.47049,3.1412268
39633290017115274,0.35845808,10.262916,103.47025,4.544445
39633328772481124,0.1426074604,10.462694,159.32054,4.373178
39633216113478175,0.1120208417,8.9499474,344.26691,2.8599999
39627833542184597,0.1395714856,9.8290672,133.09297,3.4320307
39633200380641580,0.2854908135,10.134175,27.559286,3.4795406
39627824625093272,0.3372674095,10.531702,59.129631,3.7096574
39628053239824589,0.3024509459,10.476812,82.513275,4.9472456
39628376733912400,0.1204203164,10.689054,109.99065,3.8263147
39633263391671996,0.03963540469,7.4302135,95.174576,3.2730579
39627720597966913,0.1244398444,9.3947124,165.47079,3.5235074
39627679875469561,0.1574326249,8.6607714,391.94955,3.0012178
39628286682206766,0.09353333286,9.7039576,185.78922,3.3876295
39627715363472919,0.1890177383,9.8368931,54.572536,3.2075739
39633009636279231,0.2368406999,10.041328,62.965469,2.9061122
39628517884825616,0.2649269921,10.817437,134.28177,6.0979195
39633216440632953,0.1417209239,9.3849821,40.089611,3.4799795
39627947845355857,0.4850137143,10.516666,121.15559,4.8066559
39627691560799307,0.05772542571,9.7217798,685.7793,3.7132838
39627606852635878,0.03863029866,8.9294634,86.470078,3.2006648
39627601479734347,0.1981830818,10.56901,139.06406,3.5227616
39628399769030369,0.2256371977,11.289735,365.73785,5.1334949
39633100208079999,0.06242463708,8.931303,152.65826,3.3963783
39627514527616625,0.241752918,10.512542,81.162521,3.6889334
39627619481684405,0.265662073,9.9735594,67.712196,3.9637737
39633122320453593,0.3484002072,10.162586,78.164406,3.7990379
39628407281028368,0.1296445286,9.5321159,66.283653,3.8347864
39627978111451773,0.07118900581,9.1614637,39.446869,3.8351963
39628296354269377,0.2694552287,9.7804422,53.593216,3.7942505
39627726897809398,0.2129971841,10.172923,57.335888,4.4812851
39633006079509367,0.3415126986,11.530624,32.491142,5.5778975
39627697617373308,0.02428767598,6.5449152,1273.1372,2.911988
39627938848572726,0.09323573445,9.2653685,56.582512,3.3693655
39627983870233999,0.05049440279,9.1722927,241.01001,3.4714808
39627637773045911,0.1746568168,9.9746981,95.586334,4.639039
39627374572078114,0.2817174473,9.7646999,56.914043,3.0076468
39633414306923977,0.1972506255,9.9169722,157.89845,4.0390038
39627814852368588,0.184984285,11.066507,305.992,4.796546
39627872658261276,0.2249626901,10.008284,133.39674,4.3424644
39627998789370102,0.1017222885,8.5781984,114.92639,3.0630701
39627597776160753,0.1354178203,9.5970211,68.038261,3.8743887
39633450814145087,0.4545482398,9.9811611,130.54149,3.2714767
39627729557000820,0.1342502638,9.5129309,210.90076,3.2718465
39628363450552904,0.08897305236,10.18187,93.461655,3.7774966
39627815166938378,0.1233341258,9.6160259,128.56934,3.1373632
39628039251822214,0.1122691911,8.9389687,92.212807,3.4686275
39627841754631181,0.1862866308,9.9519148,80.767471,3.2175648
39633314306329985,0.3598728204,10.34837,94.661537,5.1676655
39627588477388023,0.3280424723,10.197506,113.32818,4.2116742
39627842878703289,0.1131360672,9.5231352,162.25743,3.8015859
39627797022383148,0.144451324,10.25364,151.76144,3.7291665
39632931769027376,0.1891001391,9.2277794,80.617004,2.9207599
39627773559439802,0.2375277908,9.9872446,45.104073,4.1518631
39628444794883320,0.1317126835,9.4507933,94.972008,3.4422994
39628480291275166,0.1760853696,10.268938,110.53182,3.6053712
39633450805756717,0.2196966851,9.6879177,87.205681,3.9589942
39633095846005237,0.3319632193,10.141056,44.55616,3.2043028
39627526716263493,0.09702817546,9.5025969,73.796997,2.8922393
39627977431977623,0.0718346309,8.6666508,48.426548,2.8599999
39633374662364083,0.4835736456,10.382208,104.30222,4.0295839
39628370304044601,0.1730735027,9.6684818,105.00612,4.3239856
39628183602990776,0.1647001595,10.034805,74.777702,3.1858997
39628034633897139,0.2449773755,10.018876,56.420868,5.3449626
39632951868133851,0.08709340776,10.09098,168.83173,2.9204888
39627800755309593,0.1210359211,8.9835663,67.0215,2.8878825
39627539219483204,0.2484419023,9.8843193,64.880783,3.6705976
39633427921636001,0.1721003469,10.191125,262.18454,5.1620936
39627781025300540,0.2080259108,9.4325294,65.06797,2.8599999
39627750985698413,0.1387654027,9.5597715,84.7659,3.2477856
39628407130030798,0.1108478874,10.137638,478.37537,3.8268089
39633081056888818,0.07163154762,9.6164513,168.955,3.9623318
39633224107822225,0.471007613,10.310596,41.426575,4.7317858
39627911904365770,0.2941539754,10.509001,77.02243,4.5626898
39628082608342919,0.1735077494,9.9161367,130.03566,4.5134683
39633090213054560,0.1402524061,8.7670698,80.187294,2.8599999
39633535027380667,0.2398974679,10.022729,44.059414,3.9941494
39628249424202024,0.006948031475,9.0285378,47.522072,3.2386401
39627735546468140,0.3913081314,10.844654,240.54868,5.2063756
39627502678704356,0.0486705076,8.4129057,203.54506,2.8599999
39627594324246876,0.381327705,10.290144,140.58713,4.2200041
39627588192174669,0.104296817,9.8375711,85.093636,3.8044245
39633158173360744,0.4811279857,10.294007,110.17204,3.99933
39627702931555223,0.1532358568,9.6407413,70.971664,3.2979624
39628258571982025,0.03964793217,8.7329235,45.423027,2.8599999
39628047158087693,0.1899741745,9.9192638,107.46682,3.7819438
39628063801083438,0.1400336132,10.7135,141.55392,5.752111
39627746124499728,0.3025758672,10.078378,60.211647,4.4886489
39627769734235716,0.2036980471,9.307704,151.35207,4.374043
39633293313836304,0.2310032161,10.101539,73.944992,4.1781745
39627726662929616,0.2983136578,10.647376,152.61142,4.1790586
39628055475389238,0.0990306285,9.7023067,421.49237,4.0749445
39627884851107060,0.09662286091,9.3073215,91.97316,2.9422827
39627648443351600,0.3214026384,10.174837,71.06073,3.8076315
39632981236646385,0.09169224024,9.2242079,80.662178,3.5198081
39627675425312120,0.268750922,9.6341524,61.792633,3.5744348
39628428994939627,0.1185071311,10.188968,146.44173,4.2292342
39633485291325505,0.2011366329,9.9429388,65.771149,3.612288
39633479570294060,0.203852345,9.9676094,87.970238,4.8080373
39627648665649496,0.1308990663,10.016823,88.82843,5.7159419
39627951397932887,0.07747519008,8.9544859,113.53911,2.8599999
39633275240580479,0.4821096266,10.727864,171.1743,5.1784081
39633199638249563,0.06158998775,8.5063629,84.558266,2.8599999
39628141529928433,0.09718280176,9.9827194,87.454277,3.6536949
39628193761591338,0.1753606575,9.0961828,150.85645,3.6559451
39627769566462320,0.2042532112,9.9769545,168.43219,4.302897
39627924160120179,0.2320077552,10.016495,35.493324,4.5885687
39632991625940195,0.2476843225,10.131114,94.292999,4.9189672
39627935178556311,0.3494410894,10.619411,41.095078,4.1364269
39633282526085841,0.2332726104,10.948716,70.228981,3.5399199
39633275722927237,0.1832833995,9.1333179,66.835739,3.1901124
39627785240578117,0.3000759978,10.090764,64.106163,6.1921659
39628507092881735,0.1925851838,9.4494514,62.41819,3.1041229
39627683214134261,0.1337253487,10.280109,97.480698,4.6128225
39627532139497334,0.262620508,10.042782,97.394447,4.6080279
39628027809762906,0.05655588552,8.7784958,49.290386,3.3457999
39627747886111091,0.1197541663,9.7577581,83.393036,3.2388852
39633362058477858,0.2048828435,10.143128,91.848,4.164669
39627923908461901,0.09204898343,10.39684,433.49084,4.4213324
39627817167618126,0.2489666643,9.6326828,82.104622,3.3884122
39633166662632110,0.1788549867,9.6747808,52.205219,2.8599999
39628324904900007,0.1967114625,9.9237852,59.358772,3.1326897
39628380252937296,0.2238030418,9.6543188,318.01199,4.0011578
39633300683227611,0.06360903932,9.4326057,27.497814,3.2737758
39628385638420464,0.09660029608,9.5353384,86.040718,3.6971643
39627717695507136,0.2809272711,10.39876,67.67527,3.6984346
39627558764939864,0.05352337888,8.887537,40.688969,3.2806787
39627491463139759,0.3402380381,10.716845,102.99458,3.89201
39627854828273916,0.02905722273,9.0898027,332.20035,3.9254229
39628516752360949,0.1346903019,9.5197287,123.4296,3.7635326
39627781557978269,0.3597138766,9.8308411,65.851868,2.8912237
39628060835710819,0.2004206757,9.507432,306.19006,3.5811102
39632996898182442,0.2761671229,10.022717,92.731995,3.4995365
39627673860834816,0.1936820068,9.971673,121.63927,4.1834202
39633212745451408,0.07493739256,9.1168547,159.68483,3.3114381
39627328417960108,0.1869677405,9.586771,42.12656,4.9106994
39627847509215910,0.2455488707,10.157825,107.00299,3.7348344
39627861354613260,0.2694695625,9.9134579,84.650352,4.5195904
39628076660819674,0.3365700625,10.311729,140.60902,4.2945137
39628021493141877,0.06405221215,8.0901747,45.612396,2.8599999
39627766043255909,0.05857944867,8.3870602,46.293983,4.163713
39627938886320252,0.1189245131,9.5933094,154.4791,3.8189752
39627763279206169,0.260879665,10.604506,157.70445,4.7375093
39627943785271227,0.3309253481,10.716846,51.939735,4.353334
39628112383710561,0.2894602644,10.130828,41.769444,3.5126157
39633355515365435,0.2456814188,10.675447,135.11563,6.0035715
39628322635781279,0.08445470278,9.9148045,137.91386,3.2300117
39627700603720166,0.1174258093,9.4067841,156.37256,4.9934278
39627931923778219,0.3684065922,10.355874,209.03629,4.1240993
39627695146928475,0.1408296513,10.339509,161.52904,4.2648263
39633090313716557,0.3040220569,10.196354,690.41003,3.3411281
39628016594195650,0.01269606634,6.4129939,148.04211,2.8599999
39627732891470374,0.09342735721,8.7833824,98.621651,2.9071224
39627868992441522,0.2746483906,10.844536,98.147095,6.0269365
39633301614367158,0.1874381631,9.8974361,34.043266,3.1616557
39627802319790912,0.1981536101,9.4946814,56.65881,4.2888188
39628040724022406,0.223361823,9.9066467,69.334427,3.6877751
39627761068808091,0.3611903152,10.274254,92.298843,4.7678485
39627703422289406,0.2363007115,11.246356,167.3566,5.0707865
39627803578078493,0.2497691162,10.108053,313.86407,4.9250731
39627887560622491,0.148051368,9.8659315,121.63638,3.4040403
39628435508695075,0.1579900527,10.240806,86.522346,3.9836133
39633404907491070,0.1262284233,9.5822639,105.27254,4.2410979
39627473175971620,0.4161773372,10.35616,82.068718,4.7998109
39627427269319903,0.08230398705,9.0842619,108.04844,2.9440994
39628071048841904,0.2046644092,10.339923,47.06834,4.0408707
39633543319519683,0.06245619723,8.057498,63.537128,2.9936135
39628070952372839,0.1726295968,9.809166,73.510132,3.4622009
39633387773758063,0.02838560527,10.518192,1236.8373,5.027359
39628087972859997,0.242638201,10.250148,66.828995,3.5568976
39633224489504025,0.4565818923,10.106337,189.25822,4.1171503
39627769646157555,0.1098601047,9.6496649,120.04751,3.1766987
39627914462889068,0.03943425086,8.7467403,62.93771,2.8599999
39627577366677060,0.1013609898,10.119999,190.24275,4.2984171
39627935728010859,0.1791301119,9.5670652,262.22183,4.4444451
39633247981800768,0.4327379713,10.151831,33.093906,3.4956231
39627775010672093,0.1379783603,10.048574,222.36287,4.543304
39628352658609540,0.2348035747,10.440736,157.63359,4.7732043
39628011368087655,0.1046751795,10.20787,291.69116,3.9537785
39632961741525127,0.2156139942,9.6886187,123.26143,3.2441347
39632960332236229,0.09720976422,8.9024086,49.408371,3.2733822
39628423445874969,0.1624923717,9.7704916,93.410072,5.6496134
39627576339071607,0.09457230194,9.7125673,69.328979,3.9613869
39633516241093608,0.1835389977,9.9982071,200.97108,3.4280713
39628337643000862,0.1154868472,9.693222,65.39267,3.5746853
39627627903846050,0.205349364,10.749669,93.528595,4.5585837
39628292755557689,0.142199881,9.5297832,152.60675,3.8278925
39628118062796521,0.2070272308,9.0258608,109.5554,3.2300761
39627909639444205,0.07872561753,9.201849,440.84924,3.5839748
39627893944355729,0.08412454545,9.2757912,206.40019,4.2362957
39627791490094432,0.1262726195,8.9360428,56.904694,3.0434926
39633449010595765,0.1886183362,9.2559414,111.54542,3.2175348
39628074920186618,0.2095900331,9.7618141,80.516365,3.7544875
39627866253561679,0.1971171643,10.727684,104.43769,3.596678
39628064774163140,0.2330517685,9.9072666,62.932072,3.5412557
39627391693232861,0.3443124797,10.230762,71.435257,4.5410056
39627872448549062,0.2126660456,9.7117996,70.217766,4.0645318
39627763216286976,0.1117367596,9.818759,59.14975,4.4665132
39627658551623937,0.1408840336,9.9390621,394.84415,3.8980699
39633067983245628,0.3736932749,10.786911,122.95355,4.9485478
39628467242800217,0.231416482,10.501317,98.320847,4.9308338
39628047359411716,0.1965408431,9.7244244,77.162025,3.6733856
39627737232573808,0.2725792261,10.039865,112.60464,4.2240548
39633161532998144,0.3706060469,10.438643,84.10231,5.0655856
39628017625992656,0.1154581686,9.2857914,66.904991,4.4402666
39627943621691986,0.1101930852,9.7160902,73.533325,3.4778206
39627861136507308,0.2398877806,9.9570742,78.730179,4.173737
39628045220317995,0.1747743524,9.5779581,38.529194,3.3695338
39628471340633791,0.3480737354,10.530669,90.47541,3.3972788
39627827393334553,0.05754570652,8.7433338,978.47009,3.4020851
39628296878559355,0.245716872,10.103935,104.16122,4.5921378
39633487665301673,0.1163446612,10.114166,106.84092,4.2747874
39627603790795407,0.1370615957,9.5021391,112.03566,3.7508819
39628399701918836,0.157027024,10.985703,221.39548,4.9374905
39627726675509986,0.2652242137,10.042119,65.801254,3.6743193
39633454001819328,0.1857372088,9.3146229,37.532097,3.0491977
39633319284968338,0.1253733716,9.0594635,46.717083,2.8599999
39628117962132554,0.2672731043,9.8015451,53.141624,3.6042252
39633516375312155,0.2730029413,10.381514,70.501122,4.6659393
39627679330206098,0.2442568196,9.9246492,56.764053,4.1990423
39627839464544222,0.2556413482,9.5044022,41.273403,3.2332015
39628187835041619,0.1721597605,9.6894121,54.645222,4.5483589
39633507017820464,0.009910425645,5.9752722,938.99396,3.2121198
39633259826514475,0.04568649114,10.670117,586.13525,3.748215
39627824436351836,0.1427499638,9.5836,76.980164,3.6410301
39627883462792299,0.1045958551,9.0531673,42.213318,5.1015673
39633470590291278,0.2961064147,9.9060345,72.314796,4.7478323
39628301605537066,0.2158324642,10.122977,78.574333,5.7981186
39627973556441759,0.1990217174,9.7671947,169.23022,3.7839017
39627854392071621,0.3141954094,10.925019,213.26472,4.6416583
39627659080107548,0.2341916812,9.8661757,77.367004,4.1578245
39627962072437533,0.249916139,10.048832,121.97835,3.8743658
39627618714127938,0.154659227,9.6281357,75.879776,4.3532362
39628061011873311,0.2288530929,10.903714,58.651245,3.6309984
39627913653389255,0.2130492705,9.6297874,187.2267,3.1620038
39633207930390840,0.1148510751,9.3091583,72.630508,3.7889552
39627806300179074,0.2434165126,9.5636969,54.769966,3.2377536
39632961389203023,0.1686615945,9.8440008,101.2105,3.7245746
39628025716805365,0.2299074859,10.723819,268.71057,5.223381
39628046822542519,0.1223945754,9.3461237,179.72307,3.5337098
39633517931397590,0.1394365069,10.545695,312.98074,4.2584
39633263697857245,0.1505354649,9.3576536,69.867638,3.357923
39627975523569296,0.2325331701,10.292121,78.630852,4.4139209
39627467366864212,0.1345106454,9.0738249,56.715332,2.8599999
39627769302224272,0.3281936902,10.253623,176.95694,3.6173797
39633040489581641,0.05531434598,10.311907,348.24097,3.9280202
39632966623694385,0.2604737277,10.210095,129.30705,3.7996342
39628118406730921,0.275053514,9.9701319,45.75592,4.1300983
39627946792585012,0.1396828427,10.05328,130.11516,4.3419213
39633362092034893,0.4129854455,10.694984,181.90117,4.8932161
39628166171460755,0.1305814092,9.6886587,62.233131,3.4846311
39627732899861806,0.1507954116,10.372161,237.75853,3.5672162
39627871542575818,0.0551168309,9.6267023,229.36412,5.0369091
39627779506966428,0.1538608367,9.3981152,78.056648,3.1501272
39627893613003294,0.4221126311,10.567644,96.521408,4.5823407
39627800700781306,0.4005193415,10.394456,47.536972,4.4870563
39633005672662634,0.2384706928,10.059565,109.46976,3.8974748
39633526122875720,0.3230466688,9.9410439,150.91653,3.9458742
39628528529967964,0.1791878673,8.934309,202.94354,3.1258075
39628041097318289,0.2649727559,10.269914,73.630356,4.1485624
39633312267898396,0.1697715998,9.6127348,289.13345,3.6889527
39628167387811670,0.3095961991,10.247922,58.008167,5.0038505
39633271088220837,0.2872077796,9.9161549,107.05003,3.8868842
39627787299982414,0.0934096013,9.1416645,104.45905,3.1957145
39627915268198665,0.3921374366,10.198486,45.456543,3.297591
39627485586917648,0.2126468469,9.909297,50.842598,3.5682883
39633532254947602,0.2573642859,10.101752,100.14612,5.1418238
39633274720488918,0.1059962494,9.9246225,145.77847,3.8483691
39628084378338085,0.1974426529,10.351288,205.4509,5.5400949
39627883659920557,0.1626046928,9.2300415,193.29208,3.2232027
39627782405228843,0.3842688759,10.139304,74.151474,3.5789762
39627690508027422,0.3687073399,10.587236,66.39724,4.290525
39627666919266373,0.08963158731,9.2546349,222.1898,3.1241505
39632982138427822,0.4357533212,10.341446,94.288879,4.07793
39628465778985138,0.05650033756,9.5542727,214.94403,4.0335479
39633233180103150,0.1239142874,9.5537567,75.341209,3.3838663
39628106486517533,0.05390897787,9.9787846,56.973518,3.5741704
39628504593077107,0.09179413057,9.2015705,135.55894,4.2833848
39633361978787694,0.1788888181,9.8129816,66.954155,3.9431136
39627793046180812,0.2410701618,10.835498,140.38922,4.6900845
39628312661723649,0.09866943872,8.7082977,167.81653,2.9800892
39627682677267244,0.04232592099,8.1438551,76.489929,2.8599999
39628139986423600,0.2077476839,10.198741,69.690681,7.2017202
39627787690054712,0.2619622393,11.054799,115.8261,7.6141315
39633033610922467,0.1272527823,8.9612885,104.47907,3.407407
39628009858139224,0.2082502563,10.516636,118.29641,3.8191087
39628471407741806,0.1043861479,9.5932751,56.328316,3.2581043
39627860465423900,0.2263093739,10.082433,58.141743,5.6944723
39633049196957771,0.04710460647,8.9617195,279.51273,4.1938329
39627380834177681,0.4491415666,10.867594,189.26692,4.6633096
39628372506054392,0.01566620745,10.832468,3810.7095,6.6003923
39627721139032520,0.2566661224,9.8893375,60.77282,3.7596471
39633010252843593,0.1224367516,9.2929945,46.109207,3.6488972
39633485501042407,0.2698499093,9.6777096,201.44067,3.558368
39627805146744391,0.1050085057,9.142765,51.899357,4.5271034
39627884284871146,0.1415829721,9.4478388,49.106194,3.1623285
39627666734712849,0.03422216965,8.7976236,180.06601,3.1122441
39627769071536440,0.4583095399,10.816877,151.56876,4.7401705
39627570739677923,0.2840313933,10.112684,40.366905,3.5751748
39633502160817682,0.06031617179,8.3867006,45.404232,2.8599999
39628054439399237,0.03171471823,8.5941811,126.50094,2.9481037
39627630491733999,0.3212111039,10.137506,57.416695,4.4058585
39633467411005537,0.1190715776,10.321332,68.825363,5.5428028
39633108370197979,0.14656058,9.5423336,208.10956,3.3312185
39628145388686614,0.2326796664,9.5677052,45.968098,3.2494628
39627788537299669,0.105518309,9.3181162,267.06763,3.5005414
39632961162708507,0.1327967127,9.3986063,126.55725,3.7636874
39632931743860621,0.1232112888,9.3369894,175.93289,3.5014789
39628407205530509,0.2099431259,9.82516,69.018364,4.2483444
39628414625255920,0.3707242393,10.564175,68.47068,5.3067441
39627792979072764,0.12966915,9.7463789,86.691872,2.9806798
39627939767124275,0.3746892245,9.8618174,66.873909,3.4821901
39633311567449713,0.1033587408,9.826417,110.19684,3.0264058
39627544944712400,0.1168844856,9.8910007,67.91304,3.6835206
39633362196891061,0.0581222783,9.321846,207.06165,3.309294
39627594877896457,0.3434915177,10.285232,70.528847,4.9327059
39628380026440163,0.3381999176,9.8469334,67.109856,3.6463983
39627749140207133,0.145215777,10.585456,344.81845,5.04075
39627688507347748,0.2191302747,9.5442886,137.55066,2.9842191
39627947895686923,0.04926731894,8.7239027,84.717224,2.8599999
39627921542877380,0.2780229738,9.8907928,82.546814,4.0413227
39633396913146158,0.2247712354,10.178131,71.183601,4.3300285
39628028820590296,0.3314209927,9.8109245,48.19606,3.9813437
39627907571647511,0.1034564634,10.156147,412.8949,4.4535666
39627694756864479,0.349492227,10.070122,65.020287,3.0550089
39627740156002729,0.08401487137,8.6879759,63.217129,2.8599999
39632974899058695,0.1315444219,9.8863544,54.790756,7.030067
39633259549689730,0.1155589833,8.7920361,93.75238,2.8599999
39627986059657653,0.3536470794,10.091547,60.997326,3.8352566
39628486649843223,0.2569754174,9.5827818,73.305962,3.4123728
39627728051246794,0.4529103016,9.6533756,141.26352,3.0753009
39633062748751000,0.3098535403,10.197297,73.651344,4.0222368
39633252016720937,0.110583574,9.3746624,208.49368,3.7682014
39627908909632574,0.07755998182,9.1308441,635.16217,3.0893044
39628488428227116,0.24481975,9.8616972,167.51187,3.2840397
39633247834998697,0.0301920489,9.2514009,64.051941,3.3333199
39633025071317141,0.3085092739,9.8649206,69.826088,4.1178241
39627564800545419,0.3256087983,10.477045,161.84695,4.3032269
39627751346411025,0.06302318402,10.006026,365.99655,4.1467295
39633365409730223,0.03871103994,7.9384136,58.396599,3.405087
39633081354683592,0.1652228797,10.579932,95.219566,3.8434076
39627649500316397,0.2597298717,9.3519802,297.81332,3.563839
39627673747588353,0.3002208371,9.9721384,95.031708,3.7947795
39627762775888144,0.2030030002,10.263695,89.182434,3.6893554
39633476562977910,0.120531221,9.9726562,75.092102,4.5683236
39627848935281480,0.09225123215,8.9063187,81.45237,3.3133559
39627757352650743,0.1288865058,9.3061581,61.010269,2.8599999
39627649756169419,0.3789668588,9.7794981,222.0862,4.0356803
39628528181839016,0.07505114,8.4160204,37.535942,3.3164093
39628131367125083,0.3252019767,10.124372,59.405975,3.9584522
39627611088881641,0.08863023512,9.5929995,87.024071,3.673219
39627817930983625,0.4034998608,10.110997,85.023972,4.2574406
39627871441917053,0.1896135927,9.6319437,187.39452,3.1786551
39633216511935656,0.2482039728,10.412966,101.1539,4.5636244
39633180038270187,0.07298438706,8.844305,53.01841,2.9070041
39627909098374353,0.2306773396,10.219921,63.572865,4.5065117
39628000840388684,0.2080246532,9.8172894,58.3279,3.7430673
39628053361466152,0.2889418457,10.109722,162.73361,4.0635076
39628000731334018,0.2497394285,10.534847,93.824936,3.7535555
39633165328847222,0.1225900897,8.9969559,75.311478,3.1922221
39627809454299689,0.219182533,10.197943,119.10207,4.2315516
39627815372459313,0.195905691,9.854743,215.84904,3.8409441
39627667284167791,0.3860852468,10.09547,74.229263,3.2205076
39628108256512422,0.2193080153,9.8842554,106.80804,3.7758594
39628011418419582,0.2055436295,9.3452682,79.710464,3.6423311
39627723605279442,0.1265783798,9.3752785,365.52939,3.3925617
39633062287377803,0.1400165586,9.4040575,182.39291,3.6512878
39627591346293116,0.07335409565,9.762948,103.51453,3.597991
39628407352331337,0.09271646199,9.6947994,133.90576,3.527478
39633311680694982,0.1552705227,10.120154,103.84291,4.2972417
39628119795040976,0.3267164557,10.670023,95.150871,4.3423023
39632986362085568,0.3884292538,10.089616,66.519318,3.5234876
39628163969454012,0.2831882511,10.542981,68.546265,2.946208
39633236602653304,0.1608370738,9.2079163,42.447308,2.8599999
39627958922515055,0.1827243736,9.8479462,120.88486,3.5810347
39627539164960231,0.3178132936,10.346848,99.034279,4.2746153
39628412767180027,0.1042424242,9.5239668,140.93082,3.3262813
39628011749775278,0.2846249097,10.201772,126.89791,3.9177673
39627852001313734,0.02712702905,9.0201845,616.83826,3.2987795
39627621645944045,0.2142178967,9.9110823,70.891281,3.8914931
39633001713240020,0.342664596,10.417178,73.500809,4.2950988
39627938093599785,0.05525603145,9.8462105,966.42853,4.2923126
39627739786907470,0.3100933985,10.489369,119.85152,4.2974005
39627792916153374,0.03152175887,10.258939,145.83998,5.1683974
39632965189242014,0.2391704914,10.020237,61.213165,3.2435932
39627944758351733,0.2338799343,9.6443233,181.96432,3.6988115
39627936080331462,0.3379854669,10.08782,51.506046,4.3338146
39627707117475071,0.268579718,10.501799,68.950882,3.7157245
39628493788550413,0.1133572156,10.437404,36.122971,4.9406638
39633201034952760,0.2022170915,10.447145,199.88806,4.5392933
39627520449974724,0.1045271853,10.161859,200.94209,4.7894878
39627832875291705,0.2877506596,10.510261,331.3071,5.9620514
39628465871260713,0.05414194931,9.6267176,249.80127,4.8201809
39627913800191949,0.1900302752,9.6570663,111.13988,4.5332537
39633472121208877,0.1725702728,9.8975067,176.15137,4.4160943
39633211914978619,0.04200575035,9.293951,89.777779,3.4749508
39633472192514989,0.07789715017,9.5752745,471.12631,3.7965162
39627720853815641,0.168565572,8.759078,208.48167,3.0642493
39627897610179662,0.354799496,10.459929,102.42197,5.5332856
39633100371659813,0.3743800643,10.221063,43.439972,3.7375095
39633096500316087,0.07671862543,9.6987123,257.76154,3.4268687
39627993454215763,0.1042515994,9.580512,355.86801,4.1921387
39627763962877318,0.1732176098,9.2304745,188.14934,3.2471113
39627648225248913,0.2702814574,9.9772234,68.529648,5.0269732
39633393071163474,0.3172112408,11.154259,111.10223,6.0523806
39633067609948900,0.02116066016,7.5029311,888.01837,2.8599999
39628251642992703,0.2810537002,10.761151,119.62895,4.7064161
39627877628511552,0.3529350806,9.6824455,123.69796,3.4335048
39633049352145776,0.2463199094,10.029973,109.62396,4.1762767
39627750755012831,0.1761763904,10.465013,197.9888,4.3869033
39627642265147197,0.2418174258,9.9267702,105.3334,4.2516327
39627894166651716,0.257532832,9.9802923,94.349487,3.6271522
39627599135116006,0.2098005779,10.220754,133.77832,4.230617
39627672837425816,0.3388963405,10.092568,77.735863,3.8448026
39628423257132851,0.3273322975,10.077579,59.624374,4.2053146
39627799081783274,0.3012123972,9.7282104,88.024437,3.5979598
39627983090095813,0.09204029981,9.4542971,196.43549,3.6810575
39633252406790393,0.155909407,9.2633638,128.55357,3.7503259
39628379711868434,0.03496966527,9.2975655,148.3996,3.440737
39628252666402413,0.3694426171,10.6399,98.655884,3.9356732
39628017596631814,0.08589766013,8.8530979,94.249603,3.0296366
39628227995501051,0.1893373676,9.8507519,55.802269,4.247057
39627609557961328,0.2517720608,10.106112,87.82531,3.8020494
39627601085465938,0.4801937119,10.901525,107.69191,5.0073328
39633537866926317,0.2733346811,10.232397,69.615204,4.3105569
39627814592321593,0.2108360553,8.4377785,518.04852,3.1011767
39627848402600785,0.2093337566,9.65588,45.137791,3.0764494
39633393188603385,0.1531163603,9.9711399,53.095295,3.6234753
39627883622173269,0.3597264847,10.690684,144.19516,4.2022281
39632961204650502,0.1864839225,9.5845404,69.193001,3.4473326
39627802483362044,0.1528333591,9.9783049,102.78535,4.3775325
39627503291073960,0.1439168293,9.5709362,181.26552,3.3290398
39628188325777652,0.1547849028,10.493961,180.33006,5.2609735
39627761505010479,0.1602959329,9.3600464,104.68038,3.605252
39627782258426489,0.05465086738,9.331214,284.82761,3.0730271
39627907584234752,0.2769119375,10.6356,64.933792,3.7465587
39627910771902692,0.4069172355,10.229759,192.35883,3.8155499
39627715925514377,0.2450390092,9.9847183,75.721275,3.9227445
39628486620483759,0.3242510269,10.273378,215.16818,4.2768836
39627666394976991,0.3600385388,10.796251,102.33493,5.0586715
39627726587431971,0.2963422836,9.7580576,61.13686,4.3121958
39627907542290923,0.08514202082,8.945406,153.71507,2.8599999
39628410514834380,0.1411306477,9.7358046,75.220726,2.9587936
39627615572595683,0.2443287529,10.477628,101.1799,4.2321777
39633217329825877,0.104492198,10.893412,123.25867,7.0926948
39627986739138620,0.04949387197,8.8282738,139.70607,2.8599999
39633452806442494,0.1166641902,9.64398,141.23906,4.596848
39627878802920435,0.1157879638,9.1106129,81.766983,2.8599999
39627480159487815,0.2992039466,10.118389,59.43148,5.3892784
39627653157749865,0.2758369512,9.9005556,67.384789,4.0943861
39627977180316654,0.1073111018,9.6073093,71.947388,4.0175672
39627552863552017,0.1493547284,9.6892252,75.460114,4.0028453
39627513952993408,0.3472321589,9.5692282,161.12418,3.3413515
39627890781849377,0.285495878,10.065674,72.17424,3.703953
39628348116178842,0.1315568006,9.325882,48.980789,3.7354391
39627939410609110,0.2099541596,9.5962887,100.23797,3.833766
39628449970656425,0.2040665099,9.6683331,95.261604,5.5657148
39627820921526148,0.1757544893,10.167192,201.33887,3.8523338
39627691690822030,0.05529784458,8.5860891,123.99036,3.3107469
39636767401315306,0.2222990624,10.182755,77.283974,4.4874039
39627760225750477,0.1375907374,10.996529,320.24335,5.9563475
39628265027013625,0.4120098916,10.416564,95.992935,3.7594979
39627811064907030,0.3290940988,9.8405094,528.63556,3.6787288
39627737538759555,0.1855149742,10.220581,306.75424,5.5291524
39633182617763892,0.1503627961,9.4079151,100.51198,4.2149501
39627690843570888,0.08060476566,8.7694139,46.32362,5.3140178
39627776461903144,0.09514058287,9.093461,137.0157,2.9090085
39627905210253828,0.1672025105,9.2989006,55.641422,3.0151427
39628439359063611,0.2186689202,10.701543,99.606789,5.6803718
39628017651156473,0.174384223,9.5860367,58.943218,3.5149951
39627738776079429,0.2781175413,10.590199,93.873444,3.5770278
39633509752507745,0.1235737832,9.6204481,153.14001,3.6102245
39628112295625715,0.1253209955,9.5569534,65.550316,3.7575414
39628161176046728,0.09102868692,8.6051397,420.06772,3.0216427
39627982930709012,0.3264350625,10.143867,78.802696,4.9727569
39627926123054333,0.1215221788,9.589241,131.46254,3.7758017
39633495760306563,0.1546503425,9.0659647,52.441154,3.5127931
39627630844053006,0.3466881777,9.5982904,103.87315,3.5176036
39628364922752325,0.2398587072,10.617791,149.07538,4.3560572
39633307901624804,0.2320274645,9.4483948,58.291328,2.8599999
39627962122766194,0.1888940652,9.7433023,131.83365,4.0611577
39633480665009294,0.09032930166,9.1245384,73.172791,3.2455971
39633162405416568,0.2895966644,10.114609,55.122147,3.4804766
39627636728660793,0.04755430014,10.412196,273.65063,3.5030708
39628428495816552,0.4317481638,9.9766941,158.57758,3.2606754
39628302188545492,0.03427792377,8.8189716,282.31393,2.8599999
39628280034234545,0.07613346464,9.0340748,54.423447,3.9788654
39627985615066689,0.15247911,9.6872606,108.20048,3.0059597
39627891553601743,0.08528219692,9.1277122,313.47159,3.4327567
39627938714359260,0.314334591,9.9809904,80.012749,4.0838561
39627631196378388,0.1485930295,10.454803,164.418,3.7989757
39627820711811752,0.05504256183,8.8613939,92.507103,3.3065836
39633200900737727,0.3337994936,9.8844414,135.22726,3.4435029
39632936173046917,0.09886548944,9.0081606,121.59087,3.7028852
39628356152461677,0.02791339582,7.8058448,77.967865,2.8599999
39627947979572443,0.2110235154,9.2517595,259.03543,3.1053057
39628041101509158,0.2491552307,9.7556143,84.746208,3.1591444
39628253639478016,0.1462315952,10.373144,203.20985,6.1686096
39632981819656334,0.2845191481,10.401898,377.93735,3.7933211
39633338973031621,0.01820403635,7.1235495,176.77339,2.8599999
39628059006993937,0.2154620191,9.3669863,68.474274,3.0467618
39633476642669938,0.0221268458,8.6502295,39.652096,2.8599999
39628145430628533,0.08846340747,10.084344,77.460449,4.2446394
39627814541991406,0.2413193517,9.7433538,68.860794,4.1843739
39633220018375979,0.3389732001,10.134337,45.022823,3.5157099
39628153403999146,0.2852029954,9.8775129,101.59018,4.0873837
39628394295461076,0.1251627117,10.280537,311.55829,4.1110096
39633248443172883,0.1857184116,9.5028505,105.35838,3.5945492
39627649168970584,0.1169956286,10.128014,982.02344,4.8379474
39627891587157322,0.1500707578,8.4540548,498.55579,2.8599999
39633377447382627,0.3478011779,9.9793987,46.933426,3.8774114
39633524449345676,0.3384495481,9.9522991,62.694714,3.5085721
39633109578156113,0.3893838128,9.9678679,103.58799,4.1984749
39633044532889898,0.1815872997,9.444705,57.548759,3.5747256
39632941583700090,0.1393362521,9.5120678,96.982117,5.643415
39633507256895802,0.1185550318,9.5334101,240.7981,3.9513843
39627805188689748,0.3533420533,9.9070635,83.800835,3.7846513
39627881386614227,0.3117767906,10.282152,93.572868,3.9647412
39627728097381281,0.2457780737,10.575385,164.21002,5.8288937
39633328285944873,0.2462727986,9.9067526,344.84177,3.7163851
39627788147231850,0.3478380861,9.9502163,282.99042,3.8770301
39633424352281704,0.2778855112,10.687479,109.80013,3.8613873
39628124211649320,0.2678280547,9.9787731,88.797447,3.7548382
39627747701563534,0.3570068675,10.163509,89.108124,3.42469
39636927514675021,0.1453848774,9.3734312,120.3668,2.959415
39628071040456617,0.09700872823,9.1145515,140.11908,3.3091588
39633100816255229,0.2533075989,10.555788,87.688065,4.5230718
39628019190468162,0.2229529312,10.119112,145.40002,4.0070019
39627790479262599,0.3117449213,9.9592915,56.698353,3.2328167
39628055068544826,0.2147739643,9.2771893,46.611721,3.2101145
39627637525581323,0.1154958189,8.7762537,120.56306,3.3466666
39632999590920992,0.09789696121,9.0662031,131.21204,3.1911452
39627486027320822,0.397036305,10.864994,42.347416,6.0786986
39627893063549576,0.3163554543,10.234129,45.888924,3.7561226
39633387085891156,0.1766582627,9.5412016,71.729538,3.6543043
39628256307054256,0.2695286991,9.806407,32.665894,4.0894446
39627688444432947,0.04647729216,9.9227819,124.19115,4.0485325
39627661173065514,0.2725836094,9.913003,107.95325,4.3011851
39633446477236258,0.256755945,9.5148783,61.779507,3.6568427
39627438862371270,0.1090663842,10.098223,89.439461,4.2855735
39633448310146035,0.1639169652,9.4060478,145.79549,3.7925851
39628172815239383,0.2913724739,10.056174,67.44046,3.8653181
39627684686335319,0.03884590688,10.013942,862.94293,4.2622108
39627900185479205,0.07436280803,9.1204977,63.964497,3.1979823
39633383969523333,0.2646928648,9.8840914,69.926811,2.8599999
39633095816646005,0.3140912103,10.913368,182.78317,5.0454316
39627923057021255,0.3102786384,10.704627,158.79306,7.6593132
39627824478295655,0.1656783258,10.052396,101.43179,3.1155789
39628521525481811,0.2461408846,10.00861,82.820053,3.2212746
39633006222115571,0.06375043315,10.219411,238.90979,4.2936835
39627862961031528,0.045323266,9.4350948,70.789154,2.9164495
39633255401524882,0.1004862603,9.1465988,63.902905,2.8599999
39627956208799331,0.1106059509,9.928875,86.684128,5.0780878
39633351757267281,0.172282716,9.7144184,64.139854,3.8508019
39628324888120959,0.1194297006,10.180171,52.248314,3.7768967
39627544026156944,0.08229531158,8.9193621,118.45165,3.2279236
39633428139740064,0.2349441625,9.478982,42.592163,3.4191442
39632940753224570,0.07267019693,8.7831106,99.187248,2.8599999
39627836025214912,0.1898350493,9.5996733,81.100876,3.9016092
39627875615250088,0.2981171746,9.7948065,150.99524,3.6057587
39627901863203684,0.120573865,9.4495087,91.476524,3.2484746
39633470456072462,0.0925818942,9.2196836,55.407013,3.60989
39627941201577114,0.1198042373,8.8615761,53.719963,2.8599999
39627739661074856,0.1832292425,10.102903,123.17549,3.9746997
39627879331400405,0.2019787545,10.407872,152.91898,3.8680477
39628207414052335,0.2755556476,9.7385349,109.24758,2.9893489
39633441389545889,0.09622184842,9.4471436,138.61269,4.1993589
39627832179034988,0.2705041152,10.06031,92.729607,4.4657288
39628122429063811,0.0710858936,10.26764,160.32872,4.3262568
39628502059714723,0.04979422174,8.7357206,404.08206,3.0104828
39628112178188731,0.03575456031,8.656312,96.125587,3.8071144
39633467566197407,0.1077749788,8.7053089,120.29256,2.9317405
39627782107433673,0.1046837419,9.1598988,86.854156,3.1311412
39627733738720226,0.08054777814,10.485004,255.74071,4.1437306
39628009472264857,0.4535061413,11.025573,112.98278,5.5760474
39636771910196799,0.1151908989,9.8672314,324.29599,4.3912649
39628112153020508,0.201798601,9.8967447,57.61652,3.7054946
39633393142465320,0.04231168077,7.4322152,646.38184,2.8599999
39627799681569568,0.3153563201,10.369703,75.765694,6.4192863
39633076552207521,0.2951816108,11.186273,155.7393,6.5679817
39627769209951487,0.05944281465,8.8286018,181.27562,3.0883701
39627991940073210,0.09085324685,9.5838604,50.141171,4.2552938
39628022734652239,0.2246061536,10.274424,435.22437,4.598382
39627685340647276,0.08939283162,9.0192661,202.18314,2.8599999
39628245489947451,0.09945642551,9.9839497,56.435051,2.9570909
39628004707536540,0.08754267855,9.6904058,557.81421,3.2502785
39627802487560137,0.1622707549,9.6392593,138.90434,3.2163987
39627836956345791,0.1430464197,9.2421312,74.700798,2.8599999
39627763853820363,0.1912716342,9.7632561,160.25844,3.7610192
39633427321850182,0.1320625178,9.2606611,101.71813,4.1443219
39628285017066085,0.3841780641,10.502808,102.60116,4.6500902
39628128003295417,0.1957029896,9.7454796,70.467316,2.8599999
39627871668408801,0.1920495755,9.9475203,139.04004,3.8037395
39627684497590432,0.07058885037,8.6891241,61.388195,2.8599999
39633452781273409,0.2619027395,10.579687,59.136086,5.0197001
39627963406222694,0.06826739101,10.154578,72.376633,3.1167705
39633289614461519,0.2360116973,9.3650866,174.56767,3.2828908
39633186577189799,0.3647650988,9.9958467,53.373646,4.8885918
39633192201752511,0.1620505729,9.5724573,123.6018,3.450655
39628170864891833,0.2414125913,8.9628229,206.90393,3.3274143
39627666835376506,0.1736136134,10.762399,250.67397,4.6058621
39628444832630024,0.03400298373,8.838975,126.01763,2.8599999
39628082448958918,0.325278297,10.084888,64.7612,3.9856124
39627905566773738,0.1123529858,9.2371874,97.787514,3.1459334
39627867247607852,0.1857426132,9.5076895,86.767395,3.7521005
39627637185843300,0.2401122438,10.048178,62.719242,3.7652881
39633148006369930,0.1711309863,9.7510786,54.807026,3.0750351
39633187713845660,0.3664718035,10.023257,115.76723,3.3921955
39628031442028273,0.2715391057,9.6701069,120.71667,3.2652714
39633019052493814,0.2138162365,9.9355011,166.51141,5.2412028
39627808611243551,0.1104740455,8.6085987,136.76395,3.0302362
39627821349343362,0.3333065417,9.9929609,49.895279,3.8488417
39628124241005956,0.2686349416,10.355217,87.321548,5.0265064
39627772502474977,0.09264796615,9.8062353,192.21448,3.1568615
39627758669660503,0.2076014864,9.7298136,93.907188,3.5798287
39628370396319332,0.2168676559,9.6895056,124.43887,4.504931
39628417854865846,0.04638001117,8.7197332,93.160965,2.8599999
39633469583658175,0.2636544372,10.086739,52.17794,4.2265301
39633077651112406,0.1005265945,9.2251263,34.805862,3.2137868
39628307926356623,0.1767648578,10.014821,116.17634,3.9059081
39627799832561769,0.2538483112,9.8477745,61.997318,3.3178864
39633296652504000,0.3249941359,10.586554,43.65564,3.8367674
39627624699398215,0.03103638263,9.3910751,42.510906,2.8599999
39633503431688373,0.4268078071,10.710482,72.134445,7.9502816
39633203958386568,0.3596639833,10.346964,133.14784,3.9812398
39628403787171271,0.2600281546,10.201615,163.26773,4.3474922
39633497794543653,0.2457816198,10.153865,116.18043,5.8766799
39628055093707456,0.1018329842,9.1250639,112.17875,3.4695778
39627758069879767,0.2017361976,9.6056213,77.159576,3.84113
39627780807199910,0.2350348756,9.8318644,99.841904,3.7371044
39627955659348692,0.06415201046,8.7519655,259.46616,3.1884525
39628444337701053,0.2264780378,9.9198618,39.365463,4.4010062
39633204365233123,0.2792109855,9.5458107,119.64533,3.5911367
39628401987815158,0.4449102078,10.38545,88.034325,3.2173548
39628517301814485,0.1400429414,10.037293,237.46245,4.8562312
39632999616086084,0.238832934,10.117725,70.492226,4.0070958
39628018628431611,0.2219471784,9.8932934,60.311394,3.816617
39628494111510797,0.3015706822,10.095875,68.537483,3.4503479
39627623055233942,0.1213587225,9.1203642,138.98082,3.2617564
39627754018177743,0.1124007759,9.2818403,74.501106,3.4777544
39628189638595272,0.1428948427,10.679466,235.95605,3.7981758
39628090007098333,0.2398706995,9.9938955,93.009422,4.0654554
39628455465194536,0.1456487099,9.8582249,120.53264,4.6808343
39633501468757483,0.07961111219,8.4295616,94.936493,2.9367907
39628309121734992,0.05598689724,9.1365156,43.16745,3.07357
39633192151417049,0.2410642616,9.8807096,106.89289,3.589761
39633091077079384,0.1320965088,9.1762018,46.333427,2.8599999
39628423164855407,0.0320479815,8.2282753,120.91712,2.8599999
39627658002176433,0.06788766732,9.7734232,139.5024,3.6682484
39628337919821421,0.2035302253,9.6207294,66.624207,3.3684568
39627817939373372,0.3428621031,10.223751,74.40049,4.4410915
39627673588207996,0.1658335524,9.5590658,104.17178,3.1590412
39627819055058873,0.2172221444,10.321246,139.76172,4.9167013
39627873002198418,0.1803766993,9.7437048,67.715294,4.5459127
39633536637994771,0.0860751698,9.2879591,38.877815,2.8599999
39628396468115450,0.1762477423,9.5318336,136.12547,3.3737156
39636327871808506,0.2007479154,10.19529,107.51618,4.1271095
39633006008208651,0.3122187553,10.39367,150.46892,5.6625133
39628408493181081,0.2288141253,9.7652464,79.435661,4.1288886
39633187780954519,0.08805155099,9.6261625,70.424393,3.2921696
39632931437676530,0.2053460363,10.795324,115.38575,5.2174692
39632967026344434,0.1107501339,9.5771427,115.52644,3.5663345
39627796498088739,0.1464009238,10.0253,132.44502,4.1860242
39633418706748194,0.09247788577,8.6969004,92.589882,3.1174793
39633512646575105,0.1418499745,9.212184,38.296413,5.0483861
39628065201982523,0.3335016771,10.37018,100.58937,4.3734374
39627737022863443,0.1381823247,10.42725,61.662548,3.0374031
39633199529200410,0.2505883861,9.7952251,35.10743,5.4645696
39627696929506000,0.0198720572,7.6903172,74.088531,2.8682942
39628523081567106,0.148060497,10.11849,390.44443,4.3782043
39627897463376849,0.1199819749,9.181262,54.223152,2.8599999
39633158030756110,0.2283517231,9.7053795,49.270935,3.2473426
39627474153243406,0.0818096055,8.9180641,85.572296,3.1554468
39627386571981281,0.4091153475,10.529863,41.496925,4.7971773
39633304533601861,0.1722890521,10.09704,134.68678,4.6562066
39627907529708652,0.1834435524,9.953289,124.83812,4.8144341
39633255598653776,0.2720902185,9.9566269,37.932777,3.6234083
39633358111638634,0.0516534992,9.2297926,62.521206,3.6864796
39628485706124890,0.2533735948,10.07538,67.282906,3.2770195
39633216100894481,0.1411658768,8.9984264,44.238701,2.8599999
39627521553072416,0.03323676197,8.3537836,82.307747,3.2325652
39633472045713233,0.03430118169,8.883357,123.17194,2.8806624
39633539292988182,0.1060134999,9.8896599,262.81012,4.8015075
39627669440042464,0.1283669662,9.243619,66.185623,3.8093157
39628444983625660,0.0864630545,10.106707,83.779282,3.7135563
39627821391283193,0.3339111894,10.427291,113.97383,4.6272988
39627733407367675,0.2089549901,9.0999098,92.047424,3.0149827
39627708560315903,0.2308711854,9.6317444,59.983112,5.0019755
39627727623424525,0.2076966484,9.8297586,124.63802,3.8255019
39627806216296791,0.2462579633,9.9981222,130.54375,4.5116944
39627702700869526,0.1418646784,9.4964151,118.90201,3.0454495
39632991856624778,0.1146175089,9.3099499,133.52589,4.0141306
39627612452032617,0.2562448258,9.7473392,71.088692,3.8391812
39627806392453365,0.04460153133,8.2610226,196.82486,2.8599999
39627844296381932,0.05340418599,9.6690016,155.36635,3.1858089
39633364877051806,0.3053549793,10.522014,142.98872,4.4840684
39628035279814701,0.2951348009,9.7694826,228.75963,3.6504793
39627971241181383,0.1650325418,9.5973387,119.66706,3.1758976
39633407080137752,0.2322374836,9.9798985,110.64583,3.8999453
39633326251704693,0.4341840666,10.602154,60.037376,4.4612069
39627878211518625,0.35955816,10.634098,170.13905,6.61307
39632996759769527,0.1965423042,9.5740538,177.53178,3.7843733
39628480454853833,0.1672089516,9.6033545,162.91612,3.3383615
39628141718670133,0.3930239198,10.110236,52.687695,4.2819486
39627811383674017,0.09853549076,9.4459772,117.73283,4.9365029
39627740030175001,0.1272623296,9.6084452,366.02484,4.090889
39628435353502845,0.03929755883,9.0178661,371.31982,2.9823267
39627678956917208,0.223198838,9.9733601,73.443016,3.5200393
39628289005850418,0.2624203937,10.495232,141.88779,4.3206043
39627986122574511,0.1716245131,9.7513151,100.15243,3.7876956
39627812293842114,0.1565581824,9.8907156,209.33383,6.1391706
39633090556987662,0.1852794511,9.790554,84.257118,3.226928
39627751275106346,0.0835702204,9.3272629,378.71051,3.3402991
39628141848697731,0.06319632156,8.9559374,148.60493,3.1039782
39627787799103236,0.1790308307,10.011456,131.00583,4.0804906
39628084026016755,0.03357795415,8.6296873,90.60006,2.8599999
39633536696714121,0.04176698185,8.5179148,43.025597,3.2490847
39627805016721275,0.05155399031,9.2847824,642.38678,4.3155847
39627621562057306,0.1917800205,9.8553267,114.91445,4.3631516
39627673747591016,0.2748616163,9.9238577,60.230938,4.530694
39633217371767198,0.122188051,9.334466,64.707603,5.0333266
39628521512896091,0.1714908675,9.4966488,46.000164,2.9309535
39627625399847522,0.1692100842,9.7948217,115.39878,3.4661102
39628064874825842,0.09533110084,9.6076727,58.14616,4.3171945
39627357161529693,0.1427641015,9.2495012,71.769386,3.6506481
39633212682535741,0.2256251419,10.104894,88.924706,4.1729712
39633504127945071,0.1277597924,9.0230188,194.03549,3.2466071
39627714696577229,0.2030945554,10.186697,203.83717,4.723567
39628210572364654,0.09612850814,9.312746,117.0983,4.0618935
39627703812360547,0.05350423963,8.449151,64.866821,2.9380622
39628410816827470,0.07148928693,9.3502007,366.26889,3.4079592
39633479637403724,0.1400382692,10.345549,272.10428,4.6951876
39627915079454866,0.2798443892,10.529377,99.582123,4.6527262
39627835928745181,0.4415870608,10.994282,202.8671,7.7193871
39633006545077567,0.3032251489,10.4436,79.318359,4.9991841
39633058906769497,0.1997757969,10.856682,105.67725,3.8384211
39633502269866902,0.1023005414,9.6594353,257.79202,5.1497464
39633328701179171,0.1391295003,10.133416,504.49545,5.617065
39628074760803850,0.2072666056,9.9609327,53.078941,3.5898929
39628363714791583,0.06412436383,8.7717552,64.618736,3.1819773
39627664494953569,0.08850442481,8.408083,75.285408,3.1158328
39627676754909304,0.2725893856,9.9850435,54.856979,3.7219689
39628098525727078,0.1204188892,10.136043,286.10574,4.3440046
39627844405429124,0.09420947188,8.6631575,80.487671,2.8599999
39633447685196631,0.04773965996,9.9560652,131.94957,3.7835829
39633499514209412,0.1453095791,9.6563263,84.852043,4.191987
39633174451454160,0.02336636191,8.7991543,78.781235,3.3249269
39632956548976478,0.4230427529,9.7306852,140.22974,3.3917825
39627679346987870,0.1471652868,9.6447334,120.6245,3.225518
39628017680518985,0.2059723666,9.8706284,65.29866,3.2455678
39628092930524472,0.1793345281,10.013909,133.28232,3.6395018
39628098441843391,0.2693901861,9.8920107,59.485245,4.0821567
39628368894757650,0.1699108392,10.177198,228.79941,4.1004901
39633535228708534,0.3803683573,11.029898,37.450218,6.0032716
39633416295022909,0.3741401009,9.9449558,48.201103,3.9666698
39627854849245341,0.1025174129,9.596529,76.946381,4.4935875
39627913603057262,0.3033741682,9.9409704,76.170044,4.0777631
39628471126722218,0.1890208753,9.9191971,63.608337,4.2775059
39636479177132395,0.1243023536,9.3809309,75.512909,3.2284961
39633472024744345,0.1466373029,9.3450775,59.686928,3.1898332
39633547069227491,0.2945798957,10.124806,40.964531,3.8438652
39633201051731040,0.1477697922,9.4809237,139.22993,3.441232
39633220605577657,0.08583239257,9.92134,155.36015,4.0949316
39628043009920796,0.2039427581,9.6651773,102.80529,4.0625873
39633232689366676,0.2266056901,9.6755362,64.703232,3.4510643
39633522918424638,0.1212869936,9.487278,130.55994,4.517592
39628319401971003,0.1361187017,8.9982862,146.621,2.9703233
39627806241458439,0.3426687235,9.883359,60.085857,3.069432
39633318039259167,0.1265542713,9.2874269,164.14131,3.0047879
39627675383366461,0.08643913535,9.4851828,50.258381,3.7352247
39633152645268060,0.1863321712,9.5094404,91.134377,3.259145
39633416311801295,0.2250151701,9.267313,184.69257,3.2311628
39632931605449578,0.272673184,10.459912,143.70004,6.9341388
39633289874507271,0.1271641003,9.4895983,94.959808,4.5176239
39632977017178590,0.05954200835,8.6559343,58.243469,3.203187
39628031681106184,0.3439994602,10.339373,96.26297,3.9405549
39633345381927174,0.3077949505,9.8467932,101.79963,3.5674245
39627648342691930,0.06740903922,9.4126997,1578.6144,4.9988532
39632956502835774,0.1395518006,9.7196255,143.1041,3.494961
39628047019672038,0.08439348554,9.0778046,112.60712,3.0319493
39627837077983196,0.2916265275,10.035706,50.307743,4.1676393
39627699978765592,0.06799912495,8.5400801,46.343185,2.8599999
39627896825842623,0.1442346911,10.10283,177.86224,3.8822694
39628243711563063,0.1815110457,9.8069868,102.20031,4.259243
39627887388662736,0.2346147811,9.9444475,35.941689,3.7984562
39628253337488412,0.09736213186,10.185706,79.100479,2.9621322
39628114778656758,0.1896770133,10.256145,78.3069,5.5014119
39628346656558126,0.2248080102,9.9861326,75.303772,3.9757876
39632936403733029,0.2107937851,10.439409,91.907082,5.4690886
39627937980353495,0.2679670965,9.8110933,74.317406,3.8723001
39627899166263239,0.07280108526,9.8385162,313.22049,3.7471356
39628347122129187,0.2581957375,10.247732,94.311447,2.8599999
39627841188400494,0.07323066512,8.8715067,65.188629,3.8854423
39627735953313072,0.2165982437,9.740819,140.17377,4.7648139
39627895504638438,0.2607787518,9.9963217,62.442448,4.0509095
39633232358015467,0.256896245,10.630367,234.47032,5.1718221
39627752302709757,0.316882001,10.163008,120.15832,4.8129401
39627969123062085,0.2888557979,10.137479,52.487957,3.1533511
39628523010263106,0.2613908258,9.7995844,55.342407,4.4666634
39628118197014578,0.3399013476,10.301855,40.109772,3.3791752
39627825174548447,0.1421786994,9.6075869,111.27497,3.7519629
39628382161342397,0.2699528988,10.23001,115.50275,3.6628661
39627721847867615,0.05455074662,8.5511141,72.243866,2.9416342
39627800830808518,0.155141862,9.2300911,53.149803,3.3029361
39628149645906129,0.281463063,10.088076,66.30368,2.8599999
39627909232596356,0.1231581828,9.7237873,90.128937,3.8270645
39627684426285925,0.331703981,10.573384,121.41142,4.7911506
39627969836097415,0.1698741788,9.1096153,343.00211,2.8599999
39627649101860882,0.08375515663,10.724732,181.13815,6.7160645
39636557761614491,0.1746312802,9.9562883,168.10141,3.3381934
39627706857431146,0.2445469045,9.9645281,45.122864,3.2680814
39628482979824652,0.1870502096,10.164268,69.368454,4.9672117
39633307821934768,0.3003069149,10.150745,52.969685,4.9919028
39627618626045466,0.1269316705,9.5210552,80.389496,3.7942023
39627552842580518,0.1830541985,9.4164171,76.529091,3.6998088
39627923077991153,0.1615941102,9.6205359,150.53893,3.578418
39628517658332114,0.1638674397,9.5402718,62.746422,3.7507834
39627784120706749,0.183158155,10.680324,135.06383,7.5613604
39627713245349631,0.260105589,9.6132526,100.36823,3.9350216
39633478462997583,0.2569821002,9.6714325,45.419651,2.8599999
39627724192483707,0.3533524394,10.801235,58.992271,5.6114693
39627796351296390,0.3657650344,10.216832,89.572983,4.1215982
39636602800050403,0.2471522777,10.439905,122.9883,3.7833607
39633479641596953,0.05863593633,8.9388943,94.630173,2.974318
39628412486156330,0.2662445946,10.15023,72.21608,3.7042735
39627654411848908,0.1437839135,10.147421,237.90172,4.2351618
39627604948418998,0.2079825567,9.7617912,75.288071,3.7038717
39628369230304343,0.3559482418,10.187691,87.415314,4.0520735
39628524977393906,0.06850808448,10.151694,337.38492,5.223753
39627806660890725,0.3666577094,10.643437,98.881729,4.1923909
39628065231341718,0.1733855348,9.4701881,173.42473,3.4586008
39628275835732995,0.2355325763,10.111361,135.47955,4.142065
39633162854205253,0.153860644,9.7631969,95.736359,4.059381
39627937628030365,0.09161454563,9.3220425,67.903152,2.8599999
39627902647538248,0.4853557914,10.772433,218.05746,5.0065136
39627854085883551,0.09580701514,8.3503828,70.304184,2.8599999
39628229966824869,0.347028208,9.8810024,113.69632,3.2404885
39627709277536384,0.07831698274,10.599306,1131.3789,4.8865299
39633381025122115,0.220433531,9.774332,103.75689,3.7839928
39628147494224219,0.3517387684,10.065494,108.16785,3.9490945
39628296207469709,0.3397367154,10.142645,65.252983,3.6922729
39628240142207616,0.2786955549,10.059047,80.094551,3.4132802
39627781423761636,0.0392907839,8.2147474,92.549629,2.8599999
39628419222209548,0.09965506372,10.387436,235.28157,7.0260468
39627794375770506,0.08485444878,10.225943,163.58778,3.096252
39627920121007325,0.2765425059,10.426645,95.213463,4.8396769
39628290624850254,0.1097544052,10.248872,124.89371,3.7424614
39627655716279199,0.3258729488,10.126522,57.877853,3.7405808
39628088136434425,0.06047653138,9.0514297,512.72528,3.3169942
39628493905989931,0.175869632,9.9630737,134.67557,3.3266516
39632961947046459,0.06310087531,9.6217546,289.43008,3.2069726
39627619364244393,0.1028188062,9.9928751,85.787689,3.6327589
39628399928411407,0.104858621,9.2483912,125.70399,2.9957371
39628154960088712,0.07146054999,9.0239191,94.788788,3.6265955
39627887531263778,0.1482711792,9.8379087,77.60714,3.1150696
39627618701546419,0.04863681148,9.9903278,380.45001,3.7605679
39627843038088337,0.1187992766,9.6384268,275.43701,2.9383154
39628310132556783,0.2853120871,10.4643,172.28792,4.331728
39627508307462236,0.1793138968,9.8532839,243.71294,4.2977266
39628239261401532,0.1194991632,9.5866585,51.21735,2.8599999
39627421284042094,0.1127371101,10.574685,116.80358,5.1202569
39628511761138838,0.02119474277,6.8803058,421.96103,2.8599999
39633236803977433,0.2466765394,10.166849,55.732647,3.8913658
39633173990082000,0.1474321976,9.3010664,87.139984,2.8599999
39628089981933325,0.06277705177,8.9101381,51.353355,3.2360163
39628386875737924,0.03733586444,8.4878998,130.05284,2.9184401
39627630890193258,0.4527545896,10.906129,178.32489,5.2181754
39633387870224600,0.1014354819,9.0570679,46.849079,3.4813445
39633523509824459,0.27945673,10.756739,87.242065,4.2141356
39627751308657947,0.2259089223,10.658916,214.02957,5.0291095
39633374830136214,0.295039198,10.24873,50.041344,3.5860655
39632967131203546,0.3698244527,10.298955,73.020065,4.0435815
39633100317134052,0.3058578887,10.105489,77.131172,4.7469206
39633355758634993,0.06909335375,9.00494,191.15047,3.0278811
39628279644163765,0.08795483881,9.0124111,61.037037,3.751555
39627615400626072,0.2012875427,9.5061321,91.259148,3.8443148
39627975305466411,0.1345352707,10.027643,67.811913,3.373847
39633035133453660,0.3693690102,10.313564,66.786057,4.7538114
39627672334108261,0.1380059876,9.0788641,164.74376,3.2275991
39628234408593297,0.08839054141,10.155822,97.969841,3.2587345
39633187835479065,0.209361465,9.9730177,42.957237,3.7395909
39627745382105564,0.1049322543,8.0011187,253.38013,3.0573366
39632951192849362,0.2635389672,10.251124,106.94066,3.5828323
39633301073299510,0.09413344467,9.3548088,91.473557,3.1968298
39633429775515849,0.1194675935,9.5929823,88.993172,3.3594816
39627866949812886,0.2347943944,9.6600142,213.00244,3.2117465
39628252729311356,0.1064785179,9.1288242,109.41896,2.8910124
39627790043056115,0.2264210346,9.8476219,199.73593,4.2654166
39628086605515781,0.1963193572,9.9259396,104.85773,3.6765318
39627622996510429,0.1214782535,9.4196644,120.92083,3.9873731
39633293523552490,0.2754040501,9.9095287,59.348228,3.1490028
39633387970888820,0.05620278385,9.1689529,424.11862,3.5257323
39633184207409362,0.03978635952,9.0287838,154.83115,3.3154149
39633077126827775,0.1917547344,10.840032,231.38901,4.2538428
39633243972043221,0.3011775012,9.9966707,69.378426,3.7301693
39627618336638849,0.4216990266,10.135359,129.29234,5.0612302
39628462339656069,0.2809626121,10.659726,68.627541,4.380043
39628416487523360,0.1842337991,10.69447,263.61133,5.651372
39627797349533496,0.4056779239,10.348305,50.527153,4.0085869
39627886583356593,0.1275421841,9.1758022,66.829941,3.4671094
39627848448737873,0.1339028889,9.9957428,115.28458,4.1827116
39628030515088965,0.3531099891,10.32371,175.38214,4.5686049
39633183574065365,0.1348266639,9.1426983,36.835896,3.7437675
39628374615790802,0.2171199101,9.2642336,80.529037,3.7927814
39627812004431644,0.09154911379,9.2643023,75.264305,2.9557946
39633303606659600,0.3622154724,10.343077,80.391647,3.9561393
39627691892148393,0.1254327072,10.869465,193.74741,5.4800868
39632976782295364,0.4086223954,9.8107347,412.82294,3.3793318
39627835207321884,0.1938544177,10.252201,136.47862,2.8599999
39633136895660495,0.1309015214,10.155901,49.178131,3.1397433
39633371470498132,0.1117492433,9.1592588,59.195641,2.8599999
39627631045378985,0.2877089164,10.43037,74.437759,5.1243377
39627857126753117,0.2491414855,10.976309,134.35001,5.0007081
39627616931545435,0.2070012858,10.072478,147.87869,3.1358297
39633334887780748,0.08871251905,9.2272224,118.81171,2.8859289
39628502596586682,0.1564695552,9.8493147,66.362083,3.1449575
39627871483858000,0.2273324824,10.221863,88.8274,6.7792983
39627873304188058,0.2204706751,10.032204,70.456703,4.6831808
39633307570275423,0.1328626996,8.9557018,150.51184,3.0375965
39627570374774362,0.09331836574,8.7752552,80.430496,2.9484298
39627707201358085,0.2600678464,9.9727898,59.867916,3.4447064
39633507357558074,0.1934980406,9.9358082,141.62334,3.9908478
39627869202155297,0.09731875336,9.2282867,44.273537,3.2283185
39627612376531770,0.3683352071,9.8382835,190.73679,3.3427892
39633535677500754,0.2318737484,9.9308805,61.367115,3.5029039
39632951792635619,0.186721716,9.8624744,70.594849,3.2099323
39627782258426969,0.1804278689,10.40631,89.361374,5.5119662
39633356484248539,0.1154179788,9.6533642,79.258301,3.4382145
39633225429024934,0.05019020546,8.142211,452.64209,2.9140046
39632941382372388,0.1122791121,9.3284817,221.97612,3.9485612
39628364931139451,0.186697023,9.6315889,165.03613,3.7380383
39628120390635556,0.4401501187,10.512941,137.54924,4.1879115
39633411425436218,0.3258481125,11.190219,92.922058,4.4482002
39633404861351645,0.08878445834,8.6134796,113.6833,3.1768661
39628368185921558,0.2240894063,10.835358,120.11992,5.4987316
39627877590763291,0.1928312628,9.7479591,218.46127,4.7487035
39627778152207316,0.1096475072,9.8356218,204.96297,2.929261
39627700851186998,0.04398280366,8.4703379,113.76019,2.8599999
39633187885813141,0.3886277267,10.161509,81.836006,4.3500428
39633478559467468,0.3364775117,8.6161814,418.65332,3.3355799
39627986919491549,0.1490550111,9.6980934,133.63496,4.0276895
39627683260274052,0.3523558384,9.3532267,180.94272,3.0524247
39627969450214243,0.3809749261,10.737322,109.67699,4.1070914
39627391508678483,0.2287273539,10.186031,39.175838,3.4749641
39633136316844067,0.1103247948,10.155731,273.18552,3.9820123
39633105291578066,0.2253579876,10.070268,66.998245,3.326936
39633479452855601,0.34084598,9.8815384,44.233452,4.5970335
39633460486209910,0.3122832686,9.6623058,46.29282,3.2951741
39627829394014289,0.1346695433,10.271553,306.47098,4.8210235
39627563038934646,0.2867262713,10.734175,109.0836,3.5394614
39633260573098417,0.1456891538,9.5181856,44.707218,3.5629258
39632987075118763,0.1895567313,9.9195814,119.98841,3.880667
39633163126839275,0.1861979219,10.090561,206.23523,4.3933663
39628112350151454,0.2645927344,10.386326,104.77934,6.0289559
39627776482873959,0.3904164552,10.50526,72.695107,4.4526939
39633067572201782,0.08330978825,8.7414703,89.092613,2.8599999
39627856409532546,0.3299316359,10.370345,63.462151,4.7752113
39628472536009198,0.08509832278,10.179491,201.43341,4.5994835
39628247725511322,0.04057008603,7.890584,156.38875,2.9543338
39627735877817690,0.1040633699,9.6353149,137.64314,3.1916633
39627971861940458,0.3880487441,10.677918,427.24948,4.1206021
39633440034785262,0.1557964264,9.620739,80.756599,3.742254
39627799241163489,0.4645763019,10.506119,97.824356,4.8480568
39632946717527670,0.03667101862,8.4828796,75.93502,3.1747906
39628011443585197,0.1221340988,9.8014784,220.33583,3.0245168
39627779892843202,0.1962856808,9.6188068,271.70599,3.783016
39627793578854446,0.1239253447,9.0755024,40.477779,3.1826456
39633011536300481,0.1949943272,9.9562569,145.85733,3.9018002
39628463929300582,0.4009606097,10.485637,171.78636,4.1204205
39627899849935917,0.2841998003,10.074681,95.656097,4.0769758
39628131329378609,0.2270461608,10.582091,57.757099,5.8041687
39628419285124657,0.08639093148,9.3093939,91.251564,3.1469772
39627759823096685,0.1819479006,9.423748,89.852318,4.1603489
39627974877646436,0.1938799969,9.4003754,130.92184,2.9232156
39628380257132236,0.402735811,10.320405,38.792461,5.2863393
39633499384185638,0.07841996957,9.5531168,839.22662,4.0132194
39627738834801005,0.09004444262,10.171372,155.87415,3.0980909
39627738847383529,0.1490093575,8.8967657,609.94104,2.9446409
39627720480526736,0.03078846609,9.5408173,61.535889,4.0629239
39627866903676962,0.212789566,10.111401,153.88846,4.0891438
39633063814105753,0.1666015207,10.316267,185.08688,4.2927661
39633352059260039,0.405100897,10.617572,93.195465,6.4344974
39627691032318765,0.2586049076,9.8357697,87.935509,3.7744725
39628002060932083,0.3040524683,10.522847,101.50145,3.520304
39628434145545540,0.1408118219,9.3933887,72.353882,3.6717989
39636216844390309,0.3571780169,10.70896,106.01492,4.5492821
39627823777845005,0.1963081861,10.168842,347.73941,4.3126101
39632975247182972,0.1814715424,9.819066,90.909332,4.3236799
39627809508820695,0.1801341775,9.7954578,165.7668,4.0849495
39628512323177532,0.04527852272,9.4845982,78.000893,3.8108463
39627685084794744,0.2467009542,10.043207,57.92421,4.0125275
39627582924131076,0.115892881,9.8197184,127.16947,3.0675671
39633149210134004,0.2019117231,9.5486221,115.63924,3.2203994
39628430152565812,0.1288342155,10.368741,109.81522,4.2893667
39627907672310503,0.0951743433,9.9790163,93.392265,3.2632167
39632930846280344,0.04498523007,9.9828711,2512.937,4.1582808
39628408358964941,0.1053860324,9.5876455,324.86426,3.6645694
39627855037992932,0.1267480005,9.363883,469.09909,3.4770153
39627823693955424,0.1832635167,10.427923,370.39725,5.2212853
39628025158962768,0.0393668435,8.1558037,110.59961,2.8599999
39628182646693070,0.2447732021,10.268088,133.79968,5.0753336
39627742152493028,0.108819995,8.9194736,355.0379,3.2672949
39633520133407667,0.1136964634,10.38197,325.60873,4.2988362
39633462906326058,0.1086749355,9.0138607,102.11688,2.8599999
39627824524428141,0.1338205577,9.5629921,69.113686,3.3239491
39628082834835301,0.06276108876,9.7724819,741.28845,4.1273217
39633076615119203,0.2479255252,9.7710934,70.463333,3.8583419
39628158764320005,0.1198396495,10.09267,138.80748,4.6242838
39627805037696574,0.03463319868,9.7943239,592.61517,3.4531403
39633293204786250,0.3124448325,10.00174,80.635811,3.8872623
39633461304099326,0.2209862889,9.7171412,89.905151,3.4520211
39633453183927549,0.168050737,9.1615868,73.866493,2.939038
39627655363956754,0.4050007624,10.387682,46.102905,3.660147
39627821517116730,0.1133594984,9.5608377,75.906288,3.2643859
39627890127536953,0.2440719046,9.4012833,120.91187,3.44293
39632996151594565,0.0287152648,9.2447577,397.87756,3.4080021
39627616730223369,0.1523447746,10.112773,168.44272,4.3994627
39633286208686536,0.08934544965,9.1061802,41.067501,2.8599999
39627538166715719,0.1410695085,10.613956,66.648857,4.305409
39627848343885180,0.1706840944,10.925743,501.45792,5.3802428
39633157955258924,0.3709616573,10.379137,45.730129,3.332037
39627969399885998,0.07735909136,8.7645168,88.016663,2.8622518
39627719108987966,0.05572840755,10.473296,408.87405,4.9170465
39627940723428051,0.04744418267,8.1980658,91.706894,2.8599999
39628403107696458,0.1549706801,9.5060806,172.01431,3.4718559
39627637588492812,0.1427307381,9.4659491,72.280899,3.472177
39627896398026386,0.2677682119,10.144734,52.785137,4.0361838
39633338239029652,0.1337211651,9.7569122,71.600822,4.5657678
39628000941048268,0.257170973,9.875102,32.642403,4.1567397
39633098970763794,0.06832792743,9.101161,164.34232,3.2305791
39633192633764103,0.05124762219,8.6498289,84.424232,3.3684561
39628042863119105,0.3299084851,11.093348,117.22778,6.2277002
39633469487188627,0.09817319203,9.5069523,83.584412,3.4905515
39628107967105262,0.1071953907,9.6611595,71.775688,3.7168455
39627539290784125,0.1862373737,9.7116194,39.215477,3.3403533
39633387173970049,0.4826701034,10.407005,133.85471,4.864408
39633200279980993,0.06979966144,8.9692211,204.92682,2.8599999
39627838545986538,0.1901578041,10.406207,580.82465,4.4105735
39627794442880693,0.1788758606,9.9931488,75.154961,3.6381319
39628401845210945,0.033105995,8.09095,77.117172,2.8599999
39627826839687971,0.029449801,8.5770721,56.821274,2.8599999
39628052744899615,0.1693635408,10.035573,55.648098,5.0210218
39627773064511993,0.3297103456,10.204572,48.477875,3.7591596
39627759789540456,0.2973386507,10.697569,70.109177,3.5071478
39628004980166831,0.02492766037,8.4511871,52.514568,3.0855749
39627648296554144,0.1250258705,9.7380285,321.31332,3.7079046
39628273713417660,0.258310537,10.817053,158.53537,3.7225327
39627981030688547,0.09980986897,9.789464,508.07062,3.9413674
39633262762525052,0.2011543046,10.60575,130.54074,4.6083078
39627715644492357,0.2194564535,10.287313,106.41446,4.2480922
39627860926797100,0.06405210243,9.0983772,313.07654,3.3310466
39633380295315560,0.1659165158,9.7382812,52.270771,3.4436195
39632947078235033,0.342166936,10.173143,95.108238,3.6492841
39627805159328066,0.2608737395,10.154319,124.34117,4.8625774
39627633587130705,0.3105605538,10.315054,179.06497,4.3648906
39636258565132839,0.3456336297,10.754887,116.36232,5.4382129
39633020335948967,0.1003770657,8.610796,285.60147,3.1724427
39632955567507532,0.3840123535,10.478822,44.933926,3.6683459
39628089977739235,0.2273208032,10.544347,138.02206,6.0438752
39627803464829183,0.1388816657,10.434094,113.59286,4.8972421
39628437492596834,0.3270540607,10.571851,74.923599,5.1724534
39633211311001875,0.05414907267,9.1324883,52.710503,4.4027705
39627890756684633,0.1294980787,8.7583075,205.69954,3.0931549
39627793100706457,0.05670481378,9.1549702,144.90601,3.2397392
39633539448179156,0.06019334699,8.2995195,134.69278,2.8599999
39628267749115501,0.3805837561,10.324355,126.89376,4.3174148
39627730387472054,0.1985239693,9.6138191,41.742531,4.4234457
39632940761612428,0.341751663,10.148991,59.529236,3.5561228
39627744719405335,0.3311787929,10.743691,142.31235,5.315845
39628481943835139,0.2211787643,9.7810335,59.766777,3.8675165
39633259755210521,0.2651134556,9.5350523,301.85489,3.4215369
39633307440253705,0.1790870657,10.21551,165.72672,4.0352569
39627697437022438,0.2436887361,10.520648,48.593884,4.1668663
39627839695226428,0.2471843844,9.6997395,61.218533,3.4722552
39627956418514830,0.09238570256,9.2871828,46.296318,2.8599999
39627716055532985,0.3238353329,10.642128,87.272758,5.6371579
39627904824380244,0.4116491891,10.714113,69.42765,4.3093057
39627778580026630,0.09435920748,8.9666433,56.2243,2.8599999
39627676129957392,0.4019377457,10.542483,81.92614,4.3513575
39633297126457844,0.2493112845,10.136476,369.42432,3.9021878
39627856564721713,0.1373072127,10.219231,525.00024,4.5598764
39633471877939637,0.2595621929,9.9179249,54.140175,3.522553
39628459705633603,0.3370314268,10.187017,125.73464,4.7087102
39628281036674932,0.2558737513,10.483098,131.25145,5.6852264
39627684837327389,0.452289544,10.361246,83.377022,5.6889591
39627743066851238,0.2586109242,10.369566,132.20482,4.4918256
39632945111108365,0.4419844297,10.504641,93.159554,5.2304444
39628029349071849,0.1305102529,9.0401754,55.172558,2.8599999
39633058759969076,0.2890482896,10.623139,38.889877,4.5893369
39627768807297021,0.2480315941,10.67929,72.960083,4.5814385
39627939758739362,0.2245641304,10.485528,47.944252,7.0248313
39633412817948235,0.09598233501,9.1057701,131.94269,3.3746028
39633024605750164,0.02418067647,8.697319,343.91013,3.6212702
39628142784022911,0.370468352,10.443694,168.83879,4.0433221
39627717485791245,0.2086438957,10.042984,54.003353,3.665519
39633352319305594,0.2938218731,9.9988432,47.977139,4.2092571
39627918220988530,0.1474469135,10.098927,178.84821,2.8599999
39627857776871570,0.08207644397,9.0446768,42.329098,2.8599999
39628507428424274,0.07279672033,9.1501522,59.887512,3.1301138
39627799782229400,0.1394024285,8.8941269,125.05975,3.1798923
39633271222437965,0.2712341469,10.036473,60.552319,4.532692
39633374125492174,0.2772685578,10.399245,124.24014,4.4966283
39627643720572285,0.2232330952,10.003428,62.931736,3.6491225
39628164879614092,0.1493445631,9.6088123,77.662735,3.8672466
39627754244677694,0.107652673,8.8466749,189.21107,3.2558739
39628423248745232,0.06576188848,8.5586405,46.725361,3.5246258
39628193186976251,0.1520338067,9.2217245,82.398849,2.8599999
39632971489086236,0.3336202525,9.7573719,63.526356,3.0930152
39627889477420391,0.0306811907,9.1971693,197.50302,3.0046577
39628507449394459,0.0692194723,9.1346874,39.172375,2.8599999
39633160996127491,0.379777092,10.27856,37.583302,3.7394211
39628453510645720,0.1446056018,9.3638792,52.311848,2.8599999
39627702721842396,0.4056471707,10.534651,108.54927,5.6262569
39628053210467881,0.2250665937,10.033727,196.42439,4.1229053
39627945668513660,0.4083304128,10.150165,81.854347,4.2281332
39627956133304047,0.06630390037,8.8425159,101.82092,2.8599999
39628311512482833,0.1681953476,9.1733999,35.138885,3.4850922
39633343146362902,0.1153012949,9.4121294,70.923027,4.6491055
39627642118345988,0.08701752731,10.02319,131.7211,4.4186502
39627941948166801,0.2379973229,10.035459,148.86293,4.093864
39627773777545889,0.2161648707,9.4535646,99.861877,2.8840721
39628004934028086,0.09805229436,9.0033693,105.09184,3.3044629
39627845504340182,0.09517644164,9.5760241,99.95388,4.2711687
39627827837928492,0.3079184128,10.37087,83.737495,3.6851308
39627825136802861,0.112936368,9.3874826,251.12865,3.5997665
39628476344439188,0.2749811916,10.617748,56.648106,5.9564934
39627734313339588,0.03132472711,7.9507284,95.942413,2.8599999
39627678378099616,0.2599329925,10.601822,422.72403,3.3470752
39628147628443495,0.2542259393,9.7993603,102.51067,3.6310325
39633199541782074,0.3176039463,10.698308,107.50873,4.7917023
39627980166660797,0.06627237182,8.8108168,67.045151,3.951364
39633075998560979,0.2188806249,10.005915,87.644814,5.8363175
39628483009190220,0.2880698154,10.462403,130.40726,4.409524
39628346782388989,0.1790436802,10.087327,243.93336,3.9331739
39633058814494281,0.0511427563,9.5503626,91.943848,5.6566415
39633289434104726,0.1307085519,9.044383,59.284092,3.2176762
39627491316342420,0.1940604994,9.7832355,56.432774,3.7704937
39627782459755978,0.1879895887,9.5310745,90.665665,3.3524151
39627865494389857,0.3376844826,9.8886995,94.759506,3.7392309
39632936789608274,0.231336382,9.6076078,62.285614,3.2855623
39628088622976894,0.07864971365,8.4407253,167.75789,2.8599999
39627926852865999,0.0793564561,10.40874,178.98172,6.496707
39627803020230947,0.06150422005,8.8079071,627.97308,2.9186513
39627757298126852,0.1121612712,8.7447052,137.43025,3.0442076
39627862633876463,0.09113852546,9.649827,156.20396,4.1801562
39627681339278241,0.1452595374,9.7109442,77.572311,3.3272741
39628043035085713,0.1979423704,9.8991146,91.679138,3.9044421
39633523065225712,0.1982791798,9.8794737,53.340862,2.8599999
39627814785256027,0.1878717016,9.4555235,78.827736,3.6299341
39627594718512507,0.1277255856,9.5258398,46.406033,3.3578072
39627896347693396,0.1342180373,9.5389175,166.37225,3.9649725
39633336326423721,0.1195507448,8.9627886,60.954407,3.2673106
39628041030209518,0.07427372598,9.2885733,102.91022,3.6467481
39628471214805733,0.1256274689,9.0601635,77.274048,2.9175053
39627965645980930,0.06996640938,8.8240957,55.463486,2.8690155
39627969450218249,0.2106195809,9.6095972,45.359871,2.8599999
39627984050588983,0.1832384663,10.99154,338.04575,4.842701
39633100602345601,0.1455392029,9.5044641,58.747742,2.9645853
39632985804244185,0.03363917264,8.4627476,75.579346,2.8599999
39627796883964676,0.4007707078,10.963153,84.632217,6.0531969
39627908620227652,0.07433974865,8.7159786,58.678112,3.3305488
39633073112879003,0.3584598679,11.243104,122.25602,6.6602235
39627647227006462,0.2521846038,9.7245989,78.146927,4.0379295
39633077923745676,0.1571991369,9.4314909,65.92263,2.8599999
39627642244173721,0.0985289123,9.7276726,97.905273,3.2104387
39628324988784245,0.1608217553,9.8872948,67.314682,4.0726147
39627715686436246,0.1477367356,9.5112686,149.53125,3.1773446
39627368997854230,0.04405214281,9.414361,41.661736,3.5647936
39627859379095206,0.3470450388,10.703317,106.60429,4.5645814
39627787539057486,0.1166587872,9.2827263,101.64101,3.3216727
39627835467368596,0.1542272107,10.491407,62.272423,8.2903786
39633192155614594,0.06218376148,8.7162504,112.7041,3.0450656
39627618420528264,0.1882536159,9.8149204,163.03575,3.0092907
39627937770636500,0.4541485603,10.465344,112.59949,3.2963321
39633080926866287,0.1495436105,9.5157156,114.72749,3.1297469
39628438813807567,0.06389953627,9.1955318,99.045731,3.4519114
39632946902076916,0.06403588328,8.18577,39.672787,2.8599999
39628211549636995,0.1123895071,9.1555653,105.76931,3.3382432
39628054883995204,0.0699119881,9.6182632,247.05528,2.9409461
39633508997530335,0.1713951954,9.9658213,239.36151,5.6595607
39627850592033049,0.2186695041,10.109473,117.28884,4.0105524
39628245867431570,0.2714829874,9.7346716,66.123497,2.8599999
39627824780284850,0.3738945514,10.19599,28.820875,2.9837763
39627963108427687,0.2184539682,9.7315073,221.37689,3.1462753
39628512230902274,0.2419707497,9.7484951,56.009594,3.4946842
39627847588907250,0.1927079407,10.037897,330.41748,4.8012824
39633256064223576,0.3444698299,10.638006,105.61302,5.6934695
39633179312652859,0.06373038779,10.99542,694.28357,5.8047395
39633540698080851,0.3419857271,10.048309,47.975246,4.1317668
39633301593393741,0.2372530821,10.044913,57.257343,4.1957536
39633472217679353,0.2391108156,9.3391962,37.628712,2.8651798
39627844275406268,0.1815084079,10.249792,123.37858,4.8698983
39632984885692794,0.2985683881,11.029058,92.882057,5.8482652
39627385728929824,0.3196636985,10.481903,106.93102,4.7754221
39627601488123048,0.035753154,8.4604368,56.971676,3.7172337
39628430702018955,0.12695103,9.5393429,138.34224,3.1578505
39628054426819838,0.05530694803,9.117609,150.59999,3.376966
39627833399581103,0.1229693638,9.3221931,47.519848,5.3431225
39628479729240537,0.08025936189,9.8386517,1115.4467,3.8483148
39633432145301134,0.1246514093,9.319561,56.132641,3.4270263
39627965142666375,0.2904330181,9.6453695,117.03559,3.6078362
39628383503517993,0.2656748969,10.656972,333.31726,4.185339
39627823618462894,0.2957262966,10.319299,70.748222,3.2620482
39627703954969349,0.2419636728,10.564228,60.830837,4.7162452
39627975385157602,0.04018993313,10.610883,564.13043,5.1987185
39627933446308087,0.2413540891,9.7795973,138.71808,3.6160905
39633219557001494,0.1196023229,9.3873291,55.150055,2.9550221
39627645289237691,0.1974303898,9.9292965,118.97206,4.7639995
39633336318037168,0.26265299,10.995191,183.35358,5.232069
39627633822011894,0.182515513,10.286568,88.107094,5.2304492
39627989880672908,0.2588742237,10.388716,48.543251,8.5718737
39633472167348759,0.2731741242,9.766861,45.786137,4.15378
39633480677589985,0.07352161862,8.976902,145.09258,2.8599999
39627707356546244,0.1119193251,10.736716,284.7092,5.9524794
39633233310124647,0.4570647869,9.6723928,143.05565,3.624341
39627690679992347,0.2208376347,9.7011614,66.911446,4.1638613
39632996122231418,0.1263391074,10.230897,1061.1281,3.6684535
39627646916628652,0.1942616645,10.285499,69.805046,4.2058539
39627917054969637,0.1487121483,9.9023771,80.376839,4.0187793
39633445713874711,0.2800980998,10.272145,45.915901,3.4918935
39633435152614057,0.1766396473,10.091837,72.240089,2.8734567
39627902970497421,0.1450412202,9.8967257,291.38763,4.3050637
39627917180800164,0.1576746383,10.198248,126.75593,3.2889235
39627635025776996,0.2057553558,9.8006897,144.5688,4.3235254
39627551248748982,0.130766477,9.357502,73.168114,2.8599999
39633318265750918,0.3715591083,10.490551,82.405807,5.2562938
39628487308348805,0.04069940276,8.604372,584.79126,3.55338
39628484997288820,0.2497617302,9.4508314,268.80484,3.4623311
39627556470654020,0.1700335317,9.4727888,35.835697,3.435411
39628228247163212,0.1456843968,9.8885717,54.057816,4.0227242
39627665161853402,0.2464840645,9.8670063,129.14725,4.0716734
39632971984016521,0.1616371382,10.369304,106.35286,4.7881918
39633387970891674,0.1556838605,9.3850126,219.12372,3.5789707
39627691749541065,0.3762038912,10.161842,42.054527,4.0899549
39633462969238467,0.1349393082,9.9886436,101.76749,4.0999494
39633109414576395,0.1620559031,9.466217,111.55607,3.1969893
39628239911518718,0.2516318431,10.15684,127.68266,3.6605392
39627652973200929,0.2491658702,10.754611,311.35242,4.6151748
39633374897242614,0.1722233256,9.5078506,117.74438,3.44452
39627805746528906,0.2428837214,10.46829,68.088326,6.2900677
39627563122820197,0.07599883805,10.497584,428.27249,5.6072354
39632972017567372,0.1146599151,9.6183205,119.50657,3.4934988
39627648221056463,0.325430082,9.8552713,98.195618,4.05511
39628323533360898,0.03077370569,9.1941385,35.510986,2.8599999
39628441024200785,0.1422186055,9.0021057,76.029091,2.8599999
39628545567231961,0.08562149128,9.301918,117.0424,4.0735269
39628162941849642,0.4430223669,11.008924,67.568474,5.2254343
39628412851064434,0.1498716487,9.7741899,131.53056,4.1766429
39632966611110442,0.1546810479,10.215394,67.527031,4.7217002
39633345075740713,0.04408410416,10.307549,315.31723,4.1337652
39633352298332332,0.2509062865,10.481994,79.883293,3.229198
39633539305572560,0.2357691034,10.386826,160.61008,4.6022654
39627820825051595,0.1884261459,10.056252,106.91029,4.1660733
39627672237639415,0.1662086885,9.9788561,200.04324,3.9550171
39633244026572305,0.1190674362,9.6084747,101.15454,3.4118071
39633024010159329,0.2625301937,9.7562819,81.49044,3.3066146
39628088413258873,0.1219702161,9.4058027,66.952385,3.6931314
39627679607030576,0.2816892991,9.8611078,77.835693,3.9739065
39627917407289870,0.1569593282,9.159646,34.67849,3.0065539
39633466014306690,0.2963879719,10.15423,44.831882,3.0922179
39633493801569253,0.385497459,10.254178,54.897366,2.8599999
39627951129493782,0.1536537379,10.120945,145.6068,4.2488093
39628405259375080,0.07374402504,8.8714218,143.37444,3.2058916
39627612686912288,0.2233905402,9.9569483,76.372971,3.9240956
39627812570662339,0.27869996,10.315496,62.127647,6.1582732
39628403539711276,0.2267969105,10.232365,67.143402,5.1177711
39632951515808956,0.1506573274,9.5305004,81.145638,2.8599999
39633482833465590,0.2057847258,9.8366899,157.43631,3.8931332
39627826307010226,0.248156908,10.265075,71.165474,4.5194283
39627975037029930,0.2141638423,9.8196068,105.14384,3.8769436
39627938303312537,0.1023219802,10.12478,115.75249,4.8153367
39627721533293470,0.05413335791,8.3467903,227.03143,2.8599999
39633443201485052,0.1456696402,9.2970963,33.191517,2.9887912
39627927536535504,0.1478343185,9.2071514,107.58342,2.8599999
39633225206730320,0.05761169271,9.2217369,73.570107,3.1954374
39627570672570022,0.1496623171,9.2933798,62.880562,3.5374296
39628516832056207,0.1154661669,9.5588865,237.44807,4.3669505
39628141668336901,0.1974635633,9.9743233,87.080475,4.1782398
39628439665246965,0.07373634999,8.915329,332.78958,3.1991067
39627720870595957,0.04421665079,8.1761303,275.74506,2.8599999
39627775648207798,0.1630145777,9.9693718,171.29274,4.8573427
39627733566755624,0.1144773622,9.3353834,67.231262,2.9359825
39633468371504922,0.223909526,9.7703733,78.372231,4.1629744
39627645331183574,0.343740764,10.112119,79.735748,4.5591826
39627895735321404,0.2663174098,10.523883,371.65674,5.1487246
39633019954268995,0.02137011154,8.6462946,195.85889,2.8987956
39627916681683101,0.188526709,9.9326019,61.96677,4.9287663
39627663337325967,0.09487009248,10.309255,336.60873,3.8934469
39633489305273767,0.1325757061,9.4918709,68.600609,3.6286457
39628217132258452,0.2420888245,11.101478,85.1931,4.7504926
39627612716271109,0.07030454087,8.7602491,55.861843,3.0904937
39627908217573736,0.1293300993,8.8660078,63.423866,2.8599999
39633443734161675,0.1772356655,9.7966175,103.7832,3.7813716
39627830924936081,0.4330883794,10.475723,173.71912,4.5077085
39633208450484808,0.1425111639,8.76474,94.536346,2.8599999
39627983928953905,0.06350898087,9.041419,287.03177,2.9373288
39627936172606475,0.2695911169,10.051897,104.9668,3.8177075
39627969165003189,0.1118415159,10.063747,840.33209,5.3931241
39627421426654861,0.2693517989,10.258853,111.18768,4.5370731
39627876043068055,0.02739911586,9.6456509,91.194565,3.6688337
39633015751576044,0.192641407,9.8474722,103.41878,3.3210437
39627669523923921,0.2176641417,10.318637,78.766502,3.3083563
39633229304563430,0.2160184333,10.475393,98.024437,4.5014358
39628234047882371,0.09955585719,10.821981,144.42616,4.7391768
39633498352387317,0.2383612041,10.454447,126.01518,4.9577136
39627655254905096,0.1968955602,9.2553053,248.41769,3.7017508
39627562946662515,0.1265051652,9.3960991,51.075089,3.4060824
39627856652799610,0.1983867193,10.057449,138.28432,5.0088134
39627697139224310,0.06314803003,9.4412718,338.90347,3.0694602
39627740256669899,0.2375519141,10.125889,88.829338,3.3992898
39633220244866857,0.2435647441,9.7650709,63.302353,3.0559967
39628238015697264,0.3116429007,10.491194,48.396038,3.223949
39633117538943679,0.1260841652,9.6897888,135.6879,3.7951174
39627591379848584,0.1077832361,9.459631,64.028893,3.1110373
39632966745326886,0.07084951888,9.6945734,35.625248,3.6779463
39628281451909273,0.123002957,9.7086849,114.87313,4.5861497
39627745877038335,0.05693029679,8.3893213,246.19664,3.0642495
39633228167907680,0.06092443038,9.1090202,105.6345,4.4061499
39627780832364250,0.2562112436,10.743046,225.29652,3.9303255
39628240184152650,0.3041078016,10.622244,44.677025,5.3274059
39628251676542226,0.2075507893,9.7489948,101.52959,3.2875953
39627878328963426,0.1369338335,9.5736504,117.94337,3.4444382
39628319234201753,0.1038187724,8.8317413,73.28112,3.4973879
39627799920640747,0.346442404,9.9964981,65.34729,3.8227153
39633390961429830,0.07709861386,8.8131952,45.104576,2.8599999
39627863531457308,0.1257520785,9.3088779,77.206612,3.1052494
39632989839166541,0.2182932721,10.106759,80.722366,4.294827
39628444719384149,0.4098514048,10.810226,184.96841,4.5301967
39627896737762506,0.4139145142,10.402421,84.642799,3.876127
39627557062051696,0.3914813828,10.731014,38.044971,4.6632771
39633213198438078,0.3141080557,10.115988,45.771194,5.8574853
39627663698038618,0.2694620541,9.7275724,53.602131,3.5997469
39627468029564112,0.03086927004,9.7220888,178.40411,4.2801037
39632951654220835,0.1539154471,10.034296,132.03423,3.0171704
39627909740106537,0.05016459734,8.5599422,158.25174,2.9174039
39627820200105944,0.1869482538,10.153981,96.367302,4.500226
39628175596060801,0.07075210637,9.3247404,152.73987,2.9111702
39627787413225562,0.2174985138,9.6462021,44.593346,3.9170916
39628297960690006,0.08798828962,9.3510351,60.620697,3.4473438
39633479016647090,0.2208056683,9.6876564,95.27243,2.8901482
39627818904061034,0.03121449801,8.819849,851.69537,3.2497933
39633256777256728,0.09610430666,9.4549446,73.490189,3.8230855
39627973845845277,0.06978785189,10.078917,187.93256,4.9031892
39628381360231421,0.2248051111,9.9302626,67.683365,3.7841506
39633091177743041,0.2751686158,10.171004,82.63726,3.8813214
39628125352499040,0.2904640756,9.9589224,81.702835,3.8960907
39632931215378402,0.09967007036,10.803208,211.40428,4.3406138
39633278860265970,0.3005370672,10.31247,103.34031,3.6262386
39627919772879093,0.1946806369,9.9709606,144.93463,3.7325146
39627666751488176,0.1988463107,9.1877785,134.56071,3.2858198
39628296169723022,0.1746780942,9.3268433,183.68915,3.7505612
39628059178964685,0.3593273892,10.325652,92.662262,4.150991
39627931735032986,0.1202681858,9.4103613,68.135742,2.8660138
39627888160409017,0.2329358629,9.8594856,68.647614,4.1115437
39627829607923809,0.07264828206,8.8601513,172.22469,3.3445849
39627881827011531,0.311331769,10.101785,70.247597,4.2137775
39633396011368777,0.113116518,9.8272295,149.91528,4.0312123
39628040753385208,0.1431866666,9.7295084,197.60042,3.2355502
39627673261051752,0.3203709025,9.9384995,82.672165,3.9469655
39633011003622910,0.3228830554,9.7995777,101.54201,3.6662209
39633414269176173,0.1053549247,9.027235,105.52824,3.0491343
39633512646574365,0.156647751,10.123961,110.35438,6.4166451
39633472884573268,0.3612324724,10.658194,61.696068,5.0062537
39627854991857033,0.09962616568,9.2582674,59.183475,3.4380696
39627643720569192,0.2214953656,9.9795027,32.287022,2.8599999
39633509018503603,0.06659563402,9.8234863,605.38031,4.0524592
39633081639897400,0.1772308097,9.6374416,95.548935,4.0917034
39628181346454967,0.08501744302,9.3078871,286.78098,3.5127397
39628257355637173,0.1377978926,9.9466066,70.823181,4.2101188
39627552788057289,0.3496074599,9.9551249,112.40597,4.2840509
39627750637574421,0.2645197065,10.375554,176.36867,5.0103159
39628458761915062,0.08960158306,10.4949,273.0455,4.7940798
39633167304361583,0.2272450521,10.309438,55.666908,3.7961304
39628347046626238,0.1176335183,9.5405245,46.348309,3.9062519
39633215387862115,0.3763233332,10.70071,121.784,4.6079488
39628444543223105,0.1367602614,9.6429415,72.919258,5.1193109
39633328902507239,0.09874781026,8.7076683,141.67003,2.906601
39627694706524445,0.2449623282,9.7795572,54.979576,3.4894137
39627868967274693,0.1851315238,10.440769,113.11525,4.6736383
39628396367449520,0.2600023171,9.5079517,177.40427,3.4713056
39627890941234949,0.1818197215,9.5643425,49.552273,3.1993546
39627697168583363,0.06745573904,9.7201977,64.643211,3.4359806
39633428093604361,0.09106980084,9.119626,176.48857,3.9396539
39633208588895163,0.09934548016,9.8116474,45.801659,5.1896214
39627769377722725,0.376623751,9.8300686,83.023163,3.8806856
39628211348311240,0.2052058522,10.197356,44.658447,4.2569132
39633228402788966,0.1697689974,10.739988,332.65051,4.4972191
39628030590585887,0.1335296122,9.1075611,65.143318,3.594955
39627565349999136,0.1708300205,9.1369514,111.24849,3.4278066
39627947404955987,0.2109188274,10.319949,148.7088,5.3438606
39628446124479175,0.2347946397,10.542758,207.82793,4.8664689
39628255891817861,0.2348012986,9.6338892,552.23462,3.2670977
39633396921534489,0.06409528871,10.257903,81.925308,6.2465782
39627937888079124,0.08241145635,9.1563616,125.95859,3.4085715
39628394534535935,0.1631038168,10.205587,194.24232,3.482394
39627841922404242,0.2559995128,10.015415,79.163193,3.161828
39627962399592698,0.2771765609,9.8772478,99.656334,3.3973618
39627777908933098,0.1304383696,9.4954147,86.180603,3.5881243
39633148245445073,0.1118302411,8.6359472,73.160141,2.8599999
39633487472362321,0.1014251803,9.8837185,275.26819,3.7811813
39628521873609147,0.02355449529,8.0987959,53.617401,2.8599999
39627700624688898,0.2734107178,9.848465,51.008911,3.6313288
39628298904404757,0.2782693821,10.104513,55.347576,3.5522137
39628262657231384,0.2595036066,10.240572,77.015739,4.1973133
39627967617305818,0.2025094607,9.9303751,84.893478,3.0600941
39627490867544303,0.2039851887,10.992252,162.24852,4.9266915
39628481784450943,0.104190096,9.6040354,163.3401,3.22068
39627696858205446,0.07734892827,9.1746635,451.52481,3.1001604
39633186564606503,0.05993715103,8.6975613,333.83282,3.3520405
39627823970780034,0.1020570116,9.1837978,106.15253,3.634923
39632961372424431,0.05641519187,9.3606453,150.61946,3.2531185
39627872356274025,0.2487523887,9.9059963,72.233932,3.7220097
39628011569416823,0.1856228505,9.7465792,107.30141,3.6404071
39633096311574214,0.2081554087,9.5019054,114.18503,3.4715204
39633329724588474,0.2545690399,10.433865,90.61776,4.1565151
39627669494564796,0.1544252303,9.4616899,52.319927,3.8830717
39633271335684074,0.1023399987,9.3549652,40.244514,3.1574168
39628352671187399,0.07380422079,9.2808628,74.879883,2.9170663
39627640763583696,0.1057522686,9.6646957,81.261597,4.5500984
39627824335686166,0.3410723358,9.9983664,47.656944,3.6439931
39627832439079851,0.08025797308,8.7464285,200.44331,3.1224878
39627884230348661,0.4515790625,10.340359,98.634903,3.9920897
39627762897521405,0.2332863212,9.7572174,80.559799,4.2727399
39632936357593992,0.1782497419,9.6856079,92.116165,3.0275054
39633274787594842,0.3978484171,10.210854,62.489635,3.6424427
39627687311971826,0.2461358183,10.440528,91.331757,4.7281404
39627699588699104,0.2985604353,9.9206219,107.39684,3.915992
39633441309854771,0.1757079181,10.117654,145.5323,4.4356885
39628390604473734,0.08709076365,9.1762962,271.18427,3.4495893
39627944267613029,0.141957345,8.974144,236.64932,2.8599999
39628073234071879,0.1089361937,9.3553524,78.186066,4.2668967
39633187789342016,0.1420717052,9.7966862,138.17844,3.0477126
39633428039076410,0.3418008718,10.024566,91.3358,4.017549
39627675219793280,0.2017910878,9.8417683,131.13409,5.1928949
39627848666845342,0.2237107921,10.44699,128.75764,4.1905565
39627799685761893,0.1575576789,9.5603981,201.67525,3.6016459
39627800474288652,0.128697807,9.0870914,73.171738,3.0841734
39627625156578176,0.09205193399,9.1765003,128.39258,3.1955473
39627568571227673,0.2565996642,9.9200125,95.317589,3.7941015
39627624640681376,0.2112792285,9.5579996,39.827305,3.248909
39627855356763784,0.2399452375,10.224825,49.670757,4.4778214
39627859857246127,0.3232842443,10.008784,156.63205,4.0506492
39627636187596424,0.2340295368,10.765332,187.5482,5.8782492
39633054196564618,0.2340976925,10.429326,103.62318,3.8214307
39627444256246368,0.4001356001,10.343819,71.717957,3.915189
39627787614552192,0.1521483714,10.272994,120.11636,4.1489949
39633311538089386,0.1688898179,9.5958376,45.235836,3.7127733
39633433428755812,0.07614129116,8.6602068,90.491989,3.2542651
39628408577069040,0.1380501301,9.5176687,90.126755,2.8599999
39633396904758149,0.1272884229,9.301156,62.667606,4.0424128
39628095786845919,0.13474608,9.5069809,67.670212,4.0045772
39633044436420609,0.1522887464,10.035611,75.874092,6.5935359
39627927008052095,0.1684833032,9.5828409,86.537605,3.5738895
39628100224421800,0.09353403658,9.3337708,74.080185,3.5113564
39627763727992869,0.4681107091,10.266824,138.79013,4.2355795
39628479762793868,0.04820888965,8.3399086,158.80482,3.1339347
39627956011667408,0.1965021763,9.6290579,59.657642,4.5041161
39633314163724025,0.1023302096,9.6462793,229.64305,3.7002742
39627908121103201,0.07309465681,10.132418,324.26767,5.3013363
39627879285262595,0.2170506371,9.6668577,68.152885,4.4721527
39632976471919175,0.3677357006,10.744897,60.976688,4.3494406
39627703434871002,0.1952162067,9.780633,171.96524,4.1068316
39632961930269473,0.2286620761,10.573258,111.36981,6.0850658
39633438751326648,0.0815500464,10.63571,189.91515,4.4254622
39632931206988912,0.1397949392,9.7379942,151.39966,3.7857678
39633509219828683,0.2561620694,10.088535,102.22814,3.5386152
39633428013911466,0.191983959,10.134696,73.643745,4.6976876
39632944804926825,0.2141067545,10.010166,206.61409,3.4943776
39627776038273412,0.2799645166,10.04936,199.21205,4.1244788
39627666713741767,0.11444906,9.3719206,104.05814,3.3183215
39627790361826650,0.1199756106,8.9111109,45.2281,3.7362273
39627841825932463,0.0389749078,8.4638042,75.65374,2.8599999
39627805205463787,0.3689645522,9.9213867,63.812935,3.6311939
39633080608098800,0.2140615495,9.8698702,96.535507,3.3218725
39633270979166437,0.3227158921,10.228251,103.45039,4.2680593
39627594634627444,0.150445756,9.1374979,50.610474,3.1035728
39633094445107710,0.1906689452,9.3680019,83.96981,3.1131189
39633432698948367,0.1983616095,9.8781986,84.228928,4.3030863
39628024647258029,0.1870194256,9.9383183,119.85069,4.2038441
39628011368093667,0.3261742167,10.158875,36.623177,4.4522338
39627721323579727,0.0900240884,9.4745207,114.67872,3.7039232
39628395742495648,0.07381553054,9.148634,73.504135,3.4744048
39633203127912268,0.3063348565,10.36771,56.672302,3.193188
39627612661748603,0.2486267186,9.7896576,64.494049,2.9593058
39628017248504576,0.2032290367,9.83321,134.24664,3.2187533
39627935191139295,0.2524545861,9.736414,53.854713,3.7058666
39628015428177045,0.2319994449,9.9372749,96.249855,3.5355835
39633225206729347,0.02908531948,7.4134197,138.48941,2.8599999
39627830597781947,0.2613838736,9.4445133,54.730236,3.061754
39628499287279018,0.1900497167,9.8881922,108.53589,4.2169914
39633516383700471,0.122741869,9.4951963,70.974915,2.970691
39633057929495944,0.04261662812,8.3802738,128.61749,4.3190131
39633460406518125,0.04088735786,8.9301052,78.554176,4.5373526
39633450298246606,0.40684088,10.460011,360.15729,3.3228264
39628528324448066,0.1591542262,9.7485418,135.3873,4.3014913
39628358136370160,0.2132191658,9.6014156,57.416271,3.8128467
39627573482755219,0.08911007019,9.2442894,80.701462,3.0115447
39627891331304063,0.1396511796,10.163726,173.77419,4.6397333
39628125713207464,0.09142694488,9.4339933,52.496227,3.4630749
39627812084122688,0.08934598197,9.8864021,116.50137,4.5652719
39627884733665146,0.3850962114,10.48342,64.18586,3.8056054
39628076740514213,0.1387060488,9.2369947,308.92166,3.2916546
39627898591650390,0.1177396734,9.8442621,248.77834,3.6070189
39633516064935149,0.1790592878,8.9209976,141.07632,2.9148414
39633487531085382,0.1400344465,9.5240068,77.824478,4.1693397
39633034357506905,0.462569597,10.7779,133.73572,5.039041
39627755335188720,0.3731624029,10.063104,114.82008,3.6648619
39627957068632930,0.05496889827,8.8520031,99.312492,2.8940053
39627765766425653,0.3271752215,9.9622641,129.31271,3.443398
39627790504435952,0.3475411155,10.387583,195.92445,5.0531812
39628011653301210,0.1130597912,8.9046764,54.191814,3.3922379
39633082294210092,0.17761187,9.9443283,203.79654,4.9006486
39628528462862103,0.1339254398,9.3757448,95.971817,3.25984
39627806748969929,0.1536102018,9.6914368,119.8033,3.42172
39627727917024881,0.07610509416,9.2249508,214.01009,3.3500986
39627987095654878,0.1929983906,9.5153189,68.504387,2.8599999
39627799576710818,0.08419587522,8.7188148,157.82211,3.1251719
39628520049083125,0.1378313306,10.594093,56.386578,5.6363764
39627643464715689,0.02615134308,8.2795315,87.203735,2.8599999
39628135683064245,0.07919639776,9.2865067,44.157513,3.0854023
39627649206716743,0.2961481673,10.384731,57.018425,4.4916196
39633481243821833,0.05640214034,8.9736691,83.137054,3.1234522
39633237374403735,0.0679758015,9.0977526,196.91904,3.1457379
39627752227209578,0.2051638081,9.9689293,125.42733,4.7484627
39628530195104007,0.03507465429,8.2938347,93.956688,3.2040458
39627601152579050,0.05005673856,8.8825359,682.76221,3.0054941
39633252918495702,0.1745432694,9.079607,37.750763,3.5547016
39627751887475036,0.2400561119,10.383784,159.67615,4.2213669
39627913783411048,0.2027993557,9.8189116,136.76614,4.32305
39627391705809470,0.284460837,9.9228697,60.478214,4.0308957
39627974139448768,0.1075563417,9.7641163,231.845,4.85989
39627727631813583,0.2245334208,9.1397953,186.77335,3.1344776
39633467662666531,0.03873989063,8.5485106,55.01297,2.8599999
39633049985485282,0.1384700844,9.2409277,190.78976,3.0905256
39627781855776409,0.08459126138,10.153946,393.26788,3.3422115
39633039763966137,0.03225785719,9.7234564,143.99533,4.4413338
39627814722339308,0.2920193049,10.538906,82.726799,6.3508811
39633236657177061,0.129271334,10.62409,547.60895,5.4828086
39628439380035288,0.1163264156,9.7307549,131.40727,3.8485303
39627369287259782,0.2895503344,10.748538,378.08145,5.8318629
39633072672473239,0.1507208524,9.2949696,77.053215,2.9276695
39627896951670853,0.2623799445,10.631598,292.77545,6.2542953
39633348385048032,0.1721529534,10.280704,359.37366,3.6705894
39628522574058220,0.2437263443,10.477251,80.176437,3.2735736
39633245230335432,0.134783012,9.6633949,41.753849,3.5280762
39627817847096437,0.2657529202,10.014551,206.19212,3.475971
39628481780258118,0.229495767,9.3843975,68.496414,3.1027529
39627842396356911,0.1428364197,10.153868,212.31972,4.2567658
39628157153709174,0.1312894272,9.9347315,73.726486,5.2859149
39627854601785652,0.1521793438,9.1913433,36.440201,3.265074
39627860062765300,0.1064510363,9.3437958,132.40057,3.062665
39627631066353386,0.1336554843,9.485858,68.493134,3.1246154
39627981039079524,0.1546695547,10.116295,247.90154,4.1821694
39633387018782801,0.3877479687,10.25318,105.14096,3.4451139
39628427287855936,0.2994053822,10.423123,110.16869,3.9168077
39633243376453783,0.02031731293,9.1283722,35.199902,2.8599999
39627769356747159,0.1850109615,9.2438755,51.357113,2.8599999
39633023943049869,0.05953672178,9.3085432,1027.228,3.8172407
39633290193275211,0.2004290124,9.7087326,110.79549,4.4595828
39628433638031891,0.04398558174,8.5489111,139.98299,3.0123162
39632930955330153,0.1119411181,8.8523693,68.315666,3.1231198
39627905835207872,0.278442095,10.163602,157.94089,4.0535498
39633524709394949,0.1853274666,10.393246,159.51556,3.689682
39628064136630122,0.2736482641,10.170422,154.44598,3.9069393
39633516421450844,0.07461382414,9.1460028,58.533325,3.5384388
39627841544917490,0.05830192333,9.8482857,107.44466,5.4460354
39628512830689197,0.1894857852,9.5409002,82.810013,3.2979462
39633113961203638,0.1038701551,9.9672842,87.907143,3.7982941
39628204805194772,0.09064219582,10.651437,315.31558,4.7552791
39627993722657350,0.2286112845,9.8508501,113.07885,3.2881496
39633315010972420,0.03045518902,7.4934621,141.56972,2.8599999
39628011384868411,0.172230165,9.7480631,61.809341,2.8599999
39627974026201348,0.3085086597,10.548584,156.08995,4.2276864
39627589345610773,0.2907427133,9.8724117,47.198097,4.5056343
39633162866789332,0.2221148554,8.9178104,52.735619,3.0596864
39628222605821523,0.09049004008,7.1382985,1176.8943,2.9240415
39628347147295884,0.19285971,9.9061098,218.75122,5.5427022
39628031706267890,0.2490218408,10.005717,45.042957,3.6616287
39627963603353791,0.3195852916,10.106108,52.066643,3.3019373
39628088773973424,0.1936453987,9.6794405,55.365814,3.962657
39633135117272337,0.2490107773,10.305836,87.170883,4.1036158
39628483864822427,0.2101544554,9.8520155,51.252762,5.2628388
39632991433002130,0.1945900288,10.025785,129.14081,3.5950129
39632976685826344,0.1128117552,8.9936199,121.04361,3.4212172
39627836230734492,0.08088450429,9.999608,223.32208,3.5289187
39633112644190825,0.04277589311,8.7049274,40.228554,2.9238651
39633114053476799,0.05102173245,8.3848896,38.673889,2.8599999
39633315740780602,0.2487255808,10.450678,49.556999,3.9837012
39633318559353881,0.263730702,10.443997,80.609055,3.9939895
39627894057600483,0.05116018384,7.3125334,194.03343,2.8599999
39632961217236144,0.289510874,10.30426,133.06912,5.7233806
39633058617361410,0.2618154992,9.9538507,59.591331,4.6646013
39627693460819872,0.3398735393,10.364426,112.11953,4.3641782
39627798939176070,0.3100563499,10.395519,53.002033,5.4938436
39628408962945992,0.1340707376,9.6755066,63.062641,3.1924245
39627955772590441,0.09415341389,10.774274,343.95154,5.225245
39632945991910500,0.09845077469,9.4137402,283.86008,3.9046888
39633143719790994,0.1973335811,10.302184,161.1656,4.4724822
39627989658373039,0.2557061506,9.5514717,115.51741,3.0802155
39632976006349875,0.2137280159,9.6782856,73.216866,3.3489568
39632975259765089,0.488676454,10.653352,110.70732,5.6287055
39627703040610007,0.1456631344,10.11588,134.23431,3.5023797
39633426688508512,0.02149588616,8.1487637,1714.886,3.2535911
39627654520899511,0.1209057414,9.4138851,121.86145,3.1610363
39627597633552884,0.03203011258,8.1440678,225.87675,2.8599999
39628464516498664,0.2264306006,10.59967,91.118706,4.9669919
39627868908554324,0.2621882989,10.573487,208.33676,4.5248151
39628405712358822,0.3764161848,10.527023,80.842758,4.6070795
39628424599310821,0.04119203787,8.4410686,122.6315,2.8599999
39628240234483194,0.1054998352,9.7426834,300.84406,3.8438756
39633188393320479,0.1784749632,9.1412506,84.621941,3.2342806
39627368406451530,0.08929310104,9.5497322,48.985767,3.3351829
39627607209153781,0.1680385458,9.7930117,88.491287,2.8599999
39627897022974391,0.07327262794,10.159714,225.71613,4.2360229
39627998197977392,0.2210123443,9.8948841,60.572651,3.903703
39633063507918898,0.4525909325,10.135743,66.765228,4.0656171
39627455857690144,0.03861796278,8.3191967,90.09259,4.1030493
39627628944032171,0.3029727727,9.9916782,64.029472,3.1000981
39633267300764675,0.4169331097,10.776236,41.554726,4.2342219
39627955600626643,0.2624983131,10.002768,47.35606,2.945802
39627679204377751,0.3056093122,9.9809523,54.954311,4.4547496
39627591904135268,0.4605015183,10.505394,64.657349,4.7011538
39633030578438593,0.1752798817,10.66578,181.97015,4.4374342
39633401338136180,0.1604285625,9.8688335,91.001442,3.8660078
39627679342794189,0.2769571758,10.175534,96.562012,3.5533259
39627770329829652,0.07422251218,8.5352993,58.637733,2.8599999
39627725459162642,0.2984774928,10.161543,130.0639,4.5419664
39633263320369990,0.1167916089,8.9912663,91.371941,2.8599999
39628486918280640,0.09613415459,9.1968575,211.84892,3.6667941
39633462994404324,0.1541445164,9.7519302,76.894035,3.4788167
39633183779587414,0.4734714366,10.67422,96.512947,5.6707592
39632957056485850,0.1555239365,9.5922937,54.057152,3.1263614
39628154737788723,0.2565411326,10.231059,52.317551,4.150485
39628078099469429,0.3582816764,10.225124,118.36508,5.5317469
39627830585201831,0.02541170365,6.7721915,188.2437,3.0690217
39633252008329490,0.2414833419,10.36644,50.85918,3.5745325
39633035473194013,0.0601574082,9.0734558,96.511383,2.8599999
39633010043125923,0.3721939582,10.641499,55.822536,5.0815029
39633215731795718,0.3542113558,11.197638,61.273479,3.518574
39627951532146999,0.3150946819,10.091516,70.827095,3.6950326
39627630261047328,0.06343725661,9.0131836,478.12897,2.8978851
39628430169347850,0.1770725882,9.7055092,48.860561,5.0305877
39627856556329905,0.04927572817,9.0794191,70.937813,2.8599999
39627854937326350,0.2603760749,10.391572,180.58127,4.3101773
39627743335287929,0.2304048273,10.859645,91.773239,4.9946451
39633140465010037,0.07393010527,9.8526716,66.304817,4.3746486
39627917675726640,0.3956391345,11.138138,111.5914,5.4447856
39627726918779859,0.0465651143,8.0778513,78.270844,3.0564456
39627782157766083,0.2187200553,10.743685,142.62274,4.8929954
39628113948181763,0.2441482283,9.8620129,98.224998,2.8599999
39627784913427908,0.3581941986,10.279158,71.70517,3.939043
39628233066414766,0.02822058774,8.4157534,586.09131,3.1039534
39627509548977892,0.03211457041,6.9963179,243.90941,3.1119406
39628357310091441,0.05820336946,8.7688322,711.2384,4.3445668
39628414608476585,0.2908202013,9.7223949,105.05568,3.8027225
39627654936134344,0.1396748213,9.488349,100.6338,3.5806029
39627909412947414,0.375063732,10.563036,272.66641,3.6272323
39627898973323787,0.1687287794,9.7390661,85.662636,3.2322211
39633213139716705,0.1043582287,9.2927904,124.70138,3.6954529
39627977205483832,0.1358067976,9.8329973,176.93903,3.6652365
39627767062463082,0.2118590015,9.8039598,71.381142,3.4218204
39628455083508378,0.220797059,10.250357,52.200466,3.7335713
39627797370509194,0.3977488341,10.499763,101.11833,4.0775976
39628363333110300,0.0703027043,9.8826275,187.74869,4.1899757
39633259780374592,0.02876060778,7.7383871,74.868225,2.9811215
39628337122907250,0.1033790984,9.4394684,108.80244,3.0691166
39627979554296536,0.1881419815,9.9529743,242.26724,5.0961404
39633493801568352,0.1144647822,9.0963306,178.75381,3.3921394
39628326632949806,0.19801988,9.4659424,187.2531,3.5812809
39627791041302635,0.1536254655,9.053236,92.028435,2.8599999
39627697411851446,0.1329297096,9.0192795,231.31256,3.3606796
39627649068304215,0.1217720201,9.4557838,63.401733,3.7735975
39627661621855368,0.1824868269,10.305171,116.82567,4.6617289
39627842077593299,0.1454321055,9.6592407,93.891533,2.8599999
39628041214755446,0.3144875658,10.304668,103.1946,4.2225218
39627737345823854,0.1271445774,9.5321741,46.050011,3.114222
39627819080228869,0.253479048,10.11438,61.108376,3.3787153
39633404764884136,0.4053245558,10.636863,50.965199,5.8052964
39627806639915224,0.21570644,10.367227,177.38226,4.9041767
39632966644663596,0.2106367679,9.589529,49.625492,4.5961142
39627702621177708,0.1519192204,9.9123135,112.27685,4.4226799
39633396908953696,0.2739531609,10.317245,140.42139,6.1279626
39627646983734978,0.2378775407,10.718383,150.62131,4.9083309
39633161981791670,0.2073113733,10.000992,104.13713,3.5097914
39633175160293884,0.3121298913,9.8348913,41.961239,2.8958435
39627983949924545,0.2286689017,10.109333,63.498371,4.3651218
39633077076493841,0.06429258999,8.5301208,93.353058,3.2365067
39627757113575050,0.1993395901,10.722561,258.19037,4.536171
39633034948904198,0.1700699523,9.4621782,34.394161,2.8599999
39628279862263984,0.1324235061,9.3867407,84.358246,3.1606784
39633412897638055,0.1898354409,10.441865,104.25996,4.5794883
39627986957241380,0.1327766962,10.850508,88.693565,6.9351254
39627667678431659,0.08139059666,9.8143139,254.24629,3.537962
39628408967138144,0.09645849232,9.555685,539.09528,3.4069932
39627980007279457,0.06007303761,9.3625717,101.41782,3.547303
39628042821175647,0.0367560326,9.4401369,652.99097,3.844492
39627772615723754,0.1742130318,10.601836,87.745743,4.7277212
39628245427028576,0.164456365,9.6674747,191.6245,3.5784826
39628390818382932,0.1141243748,9.7226505,92.975441,3.3471806
39627835500921917,0.02769548048,7.7342672,183.26918,2.8599999
39627738675413858,0.2406201903,9.7129173,114.0344,3.7907424
39633081979635400,0.198987155,9.8715715,71.244484,3.6750221
39633223797445121,0.05213523709,10.575575,259.8382,5.4116993
39627767477700592,0.08516446654,9.1075878,467.90677,3.5504518
39627854207519710,0.331873098,10.618481,93.72467,4.4445086
39633058437006847,0.04707651174,9.5380402,138.11736,3.3910692
39628324699374164,0.1373707138,8.8207684,104.28752,2.9669099
39628529943450056,0.1130468784,9.3242636,50.181179,2.8599999
39627694572310759,0.1152178503,11.218168,868.91284,6.7225547
39633001654518178,0.3920919066,10.976432,96.308548,4.5128078
39633502236313396,0.3970668791,10.041672,81.646576,3.2065337
39628471302882058,0.2833056196,10.442657,118.28143,4.1492805
39628033274943661,0.03593151226,9.7364969,229.5175,4.0262461
39627898834916215,0.2449380942,10.229766,127.91221,5.5930176
39627706454774979,0.1265025692,9.4910898,159.19266,3.830296
39628426725821837,0.08504141732,9.2223253,66.569885,3.6228607
39627496265617742,0.2488387001,9.9487362,59.512333,4.8002405
39627945110670167,0.2592628387,9.6482401,88.653526,3.7281351
39627615337714747,0.1278636929,9.3991785,271.14594,3.517071
39633153148584887,0.1103230136,8.9891157,64.293442,2.8599999
39633029886379910,0.00109602414,4.754456,339.21814,3.258044
39633314348271628,0.07556253344,9.4761896,139.91985,3.751781
39627600624093292,0.462660575,10.441725,28.927017,4.9355621
39628093282847435,0.4604963742,11.20587,73.257553,6.6063328
39633105455156350,0.2699684207,9.7303514,91.864204,5.0089517
39633029890573225,0.1341592909,8.893362,103.31464,3.2206597
39627904740491630,0.1949372078,9.988986,88.121979,3.7564344
39627874738640761,0.2669071861,9.7075768,88.084427,3.5042751
39627693553091954,0.2932923915,10.709719,123.45417,4.6664019
39632951977181246,0.2424522874,10.375453,108.62939,5.0668917
39633511434423551,0.1836193272,10.214339,216.7632,4.5814552
39628021476363571,0.3675908551,10.185509,47.105686,3.2457435
39627839183520644,0.1194917833,9.6707897,50.840851,2.8599999
39627746187413254,0.04838950194,8.0738173,90.845886,2.8599999
39627737039639031,0.1882252554,9.5913334,82.576622,3.9387653
39633318412552666,0.2500276328,9.6555243,77.536705,2.9714241
39627641065575165,0.1699617712,9.373189,50.885437,2.8599999
39628017424666322,0.2227023472,9.2880163,311.42801,3.1126184
39627639274606728,0.1262149295,10.215354,578.29797,4.2546759
39627788646353795,0.1373122958,10.492071,168.59958,4.7312751
39627616906380079,0.08625065417,9.5538406,36.951405,3.0506732
39633114460326224,0.1267142959,9.2734623,50.57513,3.1272352
39628195959410912,0.05557447959,9.2085791,44.853264,2.8599999
39628218642204264,0.1501941606,9.5501413,69.212479,4.2111897
39628514546156810,0.3466326655,10.534244,58.367023,6.3481855
39628491657838775,0.1828955972,9.9170313,91.147285,3.9754999
39633058155989722,0.1625266235,9.4844265,71.740799,3.2402325
39627829108804080,0.2151353759,9.7329521,49.370281,3.741209
39627866857540813,0.1970765666,9.5665493,154.03203,3.3204851
39628053051086213,0.153088302,9.4097729,415.53528,4.0870438
39628313206985879,0.03548568045,8.187746,159.54091,2.8599999
39627803590661460,0.2680746232,9.7336187,77.634079,4.0057173
39633126342787505,0.1851958274,9.581851,84.632835,3.4099953
39628018984945703,0.03928665083,9.5611334,351.09906,3.3648148
39627712893026548,0.1411834369,10.116358,181.33229,3.7472341
39628504458856737,0.1213762492,9.5754919,444.92783,3.8201144
39627872788286665,0.09038788652,9.1182299,307.69986,3.381145
39627727090748758,0.4363646898,10.589036,79.982613,5.5364165
39627999695343965,0.1830381972,10.197101,63.14407,4.2828617
39627939624522079,0.3292938105,10.087296,65.732353,4.609304
39627989029225919,0.355169835,9.9858599,75.415817,4.4830537
39633451489428087,0.3057064787,10.176006,126.63976,4.2384262
39627862784871019,0.3784842101,10.339541,63.036514,5.9011087
39628506090438773,0.2237648719,9.6234331,251.01358,3.7249758
39633054376921303,0.4534414843,10.226532,90.840324,4.2146463
39627720627324933,0.2476297545,9.7064619,65.617294,2.8736091
39633073012213495,0.09961785426,9.5117598,68.047348,5.1971083
39627984100917534,0.2164595761,10.561215,223.79041,5.5495224
39627739434583338,0.2660267779,10.030218,51.220451,3.6075535
39627615870389293,0.1930283302,9.2959452,100.5928,5.022161
39633058789327846,0.074145298,9.4656038,99.78273,3.4756062
39627613223782627,0.1060491764,11.122306,251.36281,6.0230932
39627959576824814,0.2087667061,10.198402,72.349213,5.0384655
39627908020437015,0.04527425627,9.9703207,472.53091,3.6608655
39627770770229802,0.05271540392,8.9471855,40.173496,2.8599999
39633399110961024,0.2659145897,9.8442326,96.698112,3.868238
39633232588705075,0.2496702767,9.9288597,48.143593,3.1973248
39627760024428703,0.08040088683,9.0194445,88.826385,4.3622899
39633244169176795,0.1204035015,11.266241,321.85562,5.835381
39628009979773394,0.1388294472,9.294076,44.267269,4.48701
39627901838038005,0.2910653238,10.158673,78.123322,3.6899545
39633424587162884,0.1528577059,9.3589067,192.04338,3.5977373
39627793146842372,0.09026207498,9.8142509,111.74033,3.337214
39628166246960024,0.1320894927,10.450121,144.27164,4.1884303
39627758434782992,0.03759966989,8.550477,268.77536,2.8599999
39627734103623611,0.0713668111,8.3259163,63.716076,2.8599999
39633308266531927,0.3320205315,10.548644,49.297356,2.8599999
39628087003975527,0.2084833642,9.9865313,149.25406,3.7768097
39632985892325458,0.2072267717,9.7236252,122.09286,4.2959766
39627913577895767,0.04439312893,8.4333725,396.55417,2.9204552
39627613085372219,0.1216076727,9.0990953,161.07042,3.0550585
39628348749514734,0.04198081385,8.3332462,73.608589,2.8599999
39628022743041580,0.08482543219,10.214277,83.050819,5.4446702
39627921534485107,0.0647180213,8.779726,138.86703,2.8858526
39633127374585993,0.07190113281,10.051272,74.164001,4.4867511
39627995714946481,0.2307990397,9.9042072,77.209541,3.840775
39627760930395207,0.1332930157,9.4045382,167.22845,3.0142539
39633308790817769,0.2697906337,10.654649,49.686054,3.9725292
39628076618878847,0.4010837771,10.142787,104.41009,3.601058
39636628976702856,0.2882531404,10.309335,57.305317,4.0878649
39627678357127794,0.06638194844,8.9896679,99.511971,2.9682245
39633452730943369,0.08965070645,8.8935595,172.66974,2.9333282
39627403852513359,0.126567408,10.135857,84.952721,3.0277209
39628119497245345,0.3314552791,9.9785795,146.19978,3.6748958
39633010772938304,0.1263193237,9.7100658,82.876411,3.9042802
39627652440525129,0.1694964721,9.8929605,76.346069,4.5227571
39633514387210834,0.1059762442,10.12604,148.28732,4.7014189
39632976304146430,0.2834243297,11.034942,61.208679,4.322587
39627600183692257,0.05309991417,10.064313,491.1131,4.1374202
39628458715777246,0.05956545043,8.5373201,70.949272,3.184514
39627702981887735,0.1268316796,9.5974874,67.84066,3.3716848
39633318613877519,0.2366442918,11.014729,322.62897,4.4456434
39633508867507617,0.3410880933,10.475786,74.467964,4.7734408
39627589513380320,0.03537215137,9.253047,93.686035,2.8756404
39633514370433465,0.2226985279,10.229947,100.13291,4.2051435
39633100468128596,0.1802513086,10.265683,86.550964,3.3783398
39627612695298204,0.2621740915,10.227571,52.932549,4.1491733
39627380146314724,0.2972898746,9.7432737,87.983421,3.421746
39632935380323388,0.07733046847,9.4562206,219.88553,3.7814224
39628401597748898,0.1755946496,10.146778,92.533745,3.2632995
39633161306506310,0.298277569,10.223454,73.62677,3.3936372
39628278209709849,0.2546290564,10.43013,53.192051,4.2277737
39632991995041221,0.1220468168,9.3951702,68.508453,3.3811011
39627874608614395,0.3010354809,10.176517,86.810753,4.4019804
39628194000672493,0.08218657983,9.0558214,521.01532,3.2692864
39627714776271957,0.09515710631,9.3982096,159.78265,2.8599999
39627890861543268,0.4315404289,10.873298,129.41536,6.4166703
39633355712497600,0.2689531072,9.9119625,53.084499,3.4980149
39627796326128887,0.1527085186,9.180501,156.41887,3.2615585
39627701413220539,0.473145898,10.68542,113.88004,4.5284028
39627763157566743,0.2898857487,10.588567,116.17631,6.7966957
39627872737954515,0.07777890923,9.031105,175.50653,3.2554688
39632990313122394,0.2117742972,10.546923,166.24438,5.0693655
39633089843954670,0.1792185377,9.1403227,219.74402,3.2257326
39627811245261102,0.1955328625,9.6993227,154.02336,3.5994105
39627573939932643,0.1588582903,10.51491,795.32568,4.5857596
39627782514279093,0.1537723065,9.580533,74.133659,4.5106292
39627855117684456,0.2486398353,9.8869362,61.273808,4.1854682
39633099704765310,0.4103597336,10.347472,197.79434,3.9595947
39627866412941686,0.1341865076,9.4805527,73.815651,3.4080257
39627903486399796,0.4496566245,10.54337,85.519867,4.3446813
39633195481695203,0.02512176089,6.743114,180.80438,2.8599999
39633447701972640,0.08515158021,8.7373505,39.330212,3.4588912
39633086526262056,0.211958781,10.18752,113.30002,4.2843556
39627639320744096,0.3447266069,10.00228,94.13092,4.1063375
39633456241577854,0.07779219849,10.598341,153.38483,4.7301431
39627912059551893,0.368542474,10.505112,62.570534,4.4805884
39633001398666969,0.1215123319,9.1161051,196.41467,3.1042261
39627699517394620,0.2244900209,9.4008856,478.40814,3.4839215
39627903608035638,0.2411329346,10.024055,80.442825,3.7335205
39627911988251139,0.3671264517,10.539214,134.53888,4.0031109
39628412008010438,0.09933366222,9.3360586,125.78944,3.2478611
39627621109079652,0.3411707919,10.332082,81.34877,4.8112659
39633271922887735,0.02935019381,7.3649092,141.4561,2.9243479
39632996327752680,0.115542351,9.4802027,37.268703,4.1251731
39633245234533236,0.1337035236,8.9924021,147.71851,3.2456717
39628516735585919,0.2410441424,10.411283,54.055618,4.1990848
39627874977713547,0.1755985712,9.8143539,115.97606,3.7269487
39627983979283362,0.1825306815,9.7019014,98.183922,4.3366165
39633491658280279,0.06345884237,8.5075998,86.542801,2.8599999
39628471265133383,0.4414980807,10.89413,109.76784,6.2633119
39636985895193825,0.1044882607,9.5750885,116.97095,3.2588255
39627672485103443,0.06353619283,9.3761425,133.00471,3.6399627
39632936277905113,0.2761661723,9.9133053,77.256866,3.7806654
39627700792463294,0.07087692237,10.017761,373.22821,3.6624968
39627809341053439,0.2291393891,10.307076,75.996521,5.2553544
39633427317654610,0.1171658984,9.6232672,75.931358,3.1808169
39628433839361330,0.2197936893,9.863987,35.952133,4.2986693
39627585419741026,0.07611949399,9.3717747,574.68469,3.3451257
39627461842967169,0.2283041669,10.438562,73.171425,5.2550426
39627589135894900,0.2062590135,9.525919,67.789742,3.4596028
39628298912795338,0.2603601522,10.580761,233.91457,3.9464567
39632929541854713,0.1767388557,9.7939644,35.364067,5.2944069
39632936621837363,0.2756205884,10.07099,162.54901,4.1492171
39627732732085529,0.102859696,9.5050354,320.20215,3.6766918
39628104347421843,0.1924291737,9.7021332,102.11691,3.9979844
39627601047717584,0.07335407702,9.7117395,166.3783,4.1419177
39633487300395531,0.2465483176,10.087958,102.24105,3.4401369
39627906191723490,0.175279239,9.8567133,119.7149,3.8249717
39627672933895394,0.09236671687,8.9985285,74.950546,3.3355057
39627597381895574,0.1599667391,9.3718615,147.69122,3.0236948
39627694148682417,0.03073829181,9.378933,35.832523,2.9093149
39633001075705589,0.240405344,9.185956,118.37853,3.1283109
39636872758038994,0.005952587908,5.5955682,60.808777,3.1778388
39627986659443958,0.1011906397,9.3566456,70.351601,3.4991181
39628514613265143,0.07356803346,8.3583832,78.558708,2.9527049
39627871559354736,0.1829093957,10.081645,251.91438,4.0822473
39628320383436693,0.08204448212,9.5725698,56.753311,3.8203087
39627636179211472,0.08453627748,8.6974621,89.171051,2.8599999
39628481570540784,0.09034092139,8.666975,46.648579,3.0345826
39633430022983145,0.3364450613,10.328885,58.350296,5.5496778
39632966468502533,0.1790324256,9.4918346,48.786484,3.9247055
39627776407372151,0.0987622435,9.4311829,77.718323,2.8768921
39633289899674121,0.2155512357,9.9434261,59.58852,4.6922717
39627727094939927,0.07890566576,8.5114136,57.5788,3.3681798
39628357322671797,0.1390495116,9.9869137,338.83652,4.4217768
39627745981890916,0.07642284672,8.7256699,151.78552,2.8599999
39627818836951276,0.08134205545,9.9946413,1020.0203,3.6057425
39627825094857190,0.1882786596,9.8145466,93.558517,4.068769
39627636359564849,0.1370927093,9.8172607,103.17674,3.2603166
39633314738339974,0.2731944583,9.7459049,104.3182,3.5172622
39633470024060008,0.1697850383,10.378687,92.288933,3.7358608
39628188388691110,0.0819632064,9.06073,184.20311,3.067766
39627761697950204,0.2499205484,10.481556,52.081158,2.8599999
39633404861352036,0.1073608885,10.247381,288.91449,4.8728037
39628401815852468,0.2290664782,9.5082979,190.45457,3.7198555
39627594768845800,0.2414259279,10.316737,82.45433,3.8911994
39633000165541337,0.1528717024,9.4456663,42.284485,3.3938642
39633204906297681,0.02773875214,7.7841425,83.803871,2.8599999
39628279673523989,0.05372378537,9.3539438,409.42795,3.9507227
39633236619428883,0.2762604207,9.5269403,97.37027,3.2200017
39627937669974052,0.4071521048,10.327071,107.66325,3.5563755
39627575009477393,0.2719085681,10.11008,100.60911,3.1654932
39627589307859703,0.1722816518,10.169323,115.92361,4.3125358
39633339170161666,0.279810694,10.571838,156.99132,4.9517894
39627556982358182,0.08207735413,10.166474,171.91182,4.1403403
39627539198512553,0.07504145684,9.207058,375.62109,2.8599999
39632934667290494,0.2901136817,10.377846,77.05584,4.3404856
39633004544397882,0.3532412132,9.6746273,67.111244,3.4203365
39627609385994703,0.08365961325,8.76616,69.084084,3.1210434
39627848624902888,0.3985097977,10.167464,88.910057,4.1249399
39627879402703047,0.1155675955,9.5402441,62.970211,3.1205549
39627672896146352,0.08896026709,9.7801628,113.19463,3.5843482
39627781985801221,0.1312696376,9.8302221,62.803734,4.9062614
39633307972927564,0.01586356383,8.0581102,989.96826,2.8599999
39633440135446967,0.1170340231,9.1002331,106.70744,2.8599999
39627606680670041,0.07910704798,9.8187571,246.99068,4.1200886
39627585658816128,0.1207057236,9.3686447,71.976585,3.7906101
39627844673863938,0.1526059611,10.110142,1276.9969,4.3795686
39627871496442947,0.1189713879,9.4839392,115.40431,3.3764479
39628199897862505,0.2490190654,10.236764,108.12952,4.4204049
39628034671642883,0.3300318929,10.429904,66.880096,3.8659039
39628396371641480,0.1688828547,9.9144115,80.273987,3.3852983
39632941055215900,0.1651967587,9.2387085,68.761101,4.7412186
39627652960618922,0.1556729194,9.8498421,129.6769,3.1627355
39627933404368066,0.1752057522,9.9737816,121.21134,3.9841871
39633005064487466,0.1435758469,9.5956345,105.42647,3.6500657
39627655330402403,0.07111807142,9.9953623,141.95087,4.8395705
39633144202134267,0.2464568263,9.8674755,93.896835,3.4687407
39628189558901077,0.111058754,9.4477501,43.118637,3.242466
39628322623193458,0.1718597966,9.7893696,59.520733,2.9811692
39633275618070739,0.2325256839,10.802823,94.22934,5.8542166
39627967600529543,0.08553003298,9.5822058,95.828819,3.1074796
39633365288094669,0.05136098028,8.1924963,53.54044,2.8599999
39633329544233290,0.1920998807,10.076835,241.21283,4.3299718
39627621394287866,0.1101159557,9.4427557,71.193214,2.8599999
39633072630531528,0.4160818193,10.111878,234.15103,3.8267539
39627420768151427,0.09390528269,10.219489,382.97803,4.1292319
39627673265245232,0.06152424459,9.4093094,702.63293,3.5306237
39627922880857759,0.1710808191,9.7473145,58.195393,3.9641514
39627805289349535,0.1556949641,9.6842194,91.637039,2.8645985
39627769335776747,0.278192875,9.8699789,54.724716,3.781642
39628476155691999,0.3391022241,10.773746,149.30333,5.2022734
39632946595891820,0.1297302157,9.949255,88.581627,3.9461639
39627853330909166,0.1154838705,9.185811,68.228867,2.8599999
39628493448811662,0.0980770579,9.9311686,274.96564,3.8260047
39633267275598582,0.1291680619,10.053628,63.045517,4.1639099
39628053365659865,0.1990197684,9.6863499,79.565376,4.3170609
39628397688655958,0.115244529,8.7496681,128.10097,3.0957079
39627860163432701,0.4486951774,10.316869,102.34769,4.5097079
39633073163208092,0.3332183335,9.7840014,73.962502,4.2299409
39627965172023552,0.1047428265,8.9085922,173.58482,3.0936575
39627764029986142,0.1326620616,9.1379128,79.562553,2.8599999
39633270987556625,0.177198626,9.9900513,68.362556,4.0719914
39627709302703392,0.18172237,9.3464842,66.945747,3.10218
39633348783505928,0.1239889025,9.2813168,89.824623,3.1153157
39633485115162831,0.3306313533,10.361133,64.089455,5.2493758
39633536717686823,0.3415269861,10.40543,43.112724,3.7108178
39627788524717300,0.05334119571,10.717335,193.4279,4.2279267
39628300288524941,0.1795107004,9.7318296,164.87064,3.5638552
39636359106794168,0.1016431128,9.1042824,108.90642,3.4184394
39628527984705881,0.2867409827,10.243442,180.54636,4.4702888
39628527770797314,0.2880699713,9.8632193,93.715065,3.2078226
39628517402480507,0.2264273802,9.7862368,69.22094,3.754838
39627714608498949,0.1424111398,10.024604,117.51201,4.7617936
39627775778227365,0.07961639829,9.1713657,45.806923,3.1863256
39627775170054577,0.04469802741,8.470994,81.679977,2.8599999
39628147628445467,0.3143557509,9.7851219,60.455032,2.8599999
39627403806380876,0.2477881394,10.078024,77.915886,4.1280961
39632935531316323,0.1196461361,9.0536089,238.98575,3.183264
39627830023161968,0.175589783,10.116157,138.38705,3.2760653
39627896683236116,0.4047987377,10.254402,143.30524,3.438606
39633266520624214,0.2208612053,9.9031496,56.154095,4.3029046
39627597474171844,0.3618462137,9.9282684,152.22209,3.7672307
39627727891859168,0.4864842772,10.592235,62.548248,4.3315692
39633275131528699,0.1669896371,9.6526442,43.189011,3.2367594
39627897098470247,0.2155605725,10.10602,285.5607,3.005481
39633063306593928,0.2453180165,10.210613,47.789532,4.2963648
39627771978188813,0.3457456948,10.230621,97.0075,4.2716889
39627996058879463,0.204858316,10.06529,166.17166,3.2815208
39633524721977003,0.07197148165,9.2350283,79.235397,3.2720287
39628251676543274,0.218917287,10.200835,118.3278,4.3525271
39627990048444781,0.2543439314,9.752018,52.687458,2.8599999
39627672325722428,0.09109251296,8.8845158,52.710133,2.8599999
39627655653363538,0.1108142469,9.7012415,69.941917,3.5853384
39633486054687036,0.1866817373,10.023941,181.8358,3.2670455
39627659012997809,0.1109903837,9.1449747,50.619511,2.8599999
39628379846083311,0.1808755846,10.344431,405.71555,4.7589264
39627709407563848,0.436388012,10.443525,119.91424,4.3724546
39627745323388752,0.2252318147,9.3450165,105.64595,2.8599999
39633071741337910,0.2217557218,10.386096,46.549721,3.9010363
39627897396268348,0.1776877729,9.8717852,223.82402,3.6724474
39628124312317716,0.2440374307,9.6625938,78.903313,4.9735613
39632970373399259,0.0227703777,7.4273949,127.9916,2.8599999
39633161340059938,0.2196750199,10.141852,61.141621,3.6711571
39627767347677561,0.1521410638,9.4676943,127.17345,3.1977
39633252750724189,0.1464327385,9.4881382,68.874001,2.8599999
39633048127408254,0.2474643652,10.289507,98.104965,3.887954
39627921379300907,0.2891415685,9.8796101,310.38409,4.0510092
39633375518001638,0.2955944069,10.030094,136.12271,4.5044093
39627939720987664,0.3121157633,10.011242,195.12474,3.416249
39633318534186187,0.03112238454,9.4769516,76.790916,2.8599999
39628374410269601,0.1709396021,9.4682169,50.382439,2.8599999
39627975431294816,0.0452374079,7.7985382,171.95663,2.8599999
39627559461192101,0.2808272967,10.107406,80.490189,3.5138571
39632999649645338,0.155253831,9.534709,77.174904,3.4798565
39628498750410356,0.4086560464,10.272367,40.169682,3.3319011
39628502395258697,0.206488172,9.5386772,144.08078,3.7488689
39627751149273820,0.0271346002,8.5826359,243.59389,2.9720221
39627655825327496,0.1187406927,9.6195993,160.85997,3.6395061
39627897647930371,0.1693929285,9.7612429,60.847942,2.9663105
39633511052741176,0.1689352984,10.219173,207.0627,4.2716846
39633498356584430,0.1026198505,10.12808,95.281364,4.2051153
39627909417142259,0.2939573134,11.49279,67.174225,7.3297291
39627824390211444,0.11204868,9.9928217,94.713921,4.6742592
39632985397398113,0.2052162375,10.003072,74.65033,3.8139391
39628365283461710,0.1101534,9.8421259,204.1982,3.7295344
39627793339778255,0.06271800716,8.3375854,59.42326,2.8599999
39627818774042550,0.08863366496,8.9805803,402.45047,2.9754517
39633390198065731,0.2236296326,10.115938,77.160088,3.1956012
39627824889333436,0.2945659569,9.82302,66.799202,3.1419854
39633179513979072,0.06771495999,8.8746843,47.816105,2.9407568
39627909647830201,0.1569398373,9.654911,157.44276,4.1202011
39628528630635526,0.4153415651,10.168609,357.89563,3.9001465
39633365309066530,0.3280744334,10.598444,135.37784,5.7343502
39628425199093188,0.2687684906,10.085625,50.669468,5.8501024
39628512180570528,0.4338044307,11.151277,43.970085,7.3943152
39633289249554863,0.06205480025,8.9537745,59.543911,3.7431023
39627976848968073,0.3054412186,10.088483,137.89195,4.4026632
39633057270993591,0.09745897286,10.007439,648.65784,4.5365911
39627733189268057,0.2081214749,10.227104,124.87599,3.8062308
39633495705782342,0.3360655777,10.032186,66.987122,4.1182775
39627728000912704,0.1781615147,10.463579,294.56238,5.0890536
39627720761542824,0.2125853858,9.8916683,44.888405,2.8599999
39627450614815160,0.1895584616,9.4172869,42.238766,3.1255183
39627685093184275,0.2806736215,10.019958,108.60796,4.4939919
39627803720683351,0.0487614104,8.4673138,161.3324,2.8599999
39627971778056812,0.3088867312,10.13516,128.87192,4.6529641
39628055471199398,0.2912639589,11.051802,174.60619,6.0454745
39628158936285528,0.08539973952,9.1632948,103.34144,4.0554514
39633399857548768,0.06941397757,9.6693125,116.58629,3.3209672
39627975175442053,0.07101032114,9.2183962,152.08156,3.0201259
39627769847482358,0.3579222212,10.600163,61.329239,4.8851414
39633203236964200,0.3322680418,10.689271,55.062679,5.5403957
39628485970367561,0.1996970541,10.31538,2239.8108,3.3561616
39627790089192910,0.1700236429,9.5337124,85.431641,4.2226629
39627691397219743,0.1568497768,10.288954,111.06217,5.0767632
39627708954578669,0.1538882423,9.9089622,164.83054,4.4718847
39627655229738363,0.3866171009,10.495786,65.91188,4.9020042
39628267757504605,0.1879229531,9.3948059,135.41734,3.2207918
39633463648718354,0.3243253628,10.551471,30.745108,3.5855832
39628387219669362,0.2604234299,10.308091,89.177483,4.8263354
39633476764306217,0.1902174551,9.7229309,79.74704,4.0373263
39628163600352103,0.1793250863,9.3632698,107.7807,3.5792243
39636645087024725,0.2636752185,10.215746,77.901566,3.3224235
39633131237540720,0.2916601183,9.788311,68.076096,3.3614218
39633077126826107,0.07324452756,9.0768356,53.565678,3.5327175
39633278856072082,0.289512158,10.238009,63.590294,4.3966255
39628099859517712,0.3518189353,9.9687452,80.270905,3.4304867
39628419293514420,0.1201967006,10.91438,59.474663,4.3454585
39627672740955686,0.1397554534,9.6904631,66.301331,3.6813383
39633503251334069,0.08822459932,8.5608568,130.09224,3.0848553
39627999519179552,0.2081228301,10.354691,207.66545,4.5133796
39633441175636603,0.2981720698,10.618454,87.118057,5.0367103
39637163238753741,0.0430716548,8.1269588,266.11057,2.8599999
39627684623420629,0.0689065016,8.3001394,39.288815,2.9614708
39627833424742996,0.2646209235,9.8316841,64.203583,3.397398
39633509777670927,0.1338054488,9.2074003,56.743969,2.8599999
39627844363491406,0.3200104468,9.9942541,68.252342,4.5469184
39627630709835887,0.26893666,10.05187,92.869286,3.8156421
39633216457411159,0.2231392868,9.3171606,462.3674,3.1570246
39633545945154957,0.2831375706,10.165682,50.921333,5.3207202
39633493558297689,0.2290689453,10.871534,191.70071,5.0036726
39627764160007200,0.1835517692,9.6417379,79.074898,3.6536655
39627667577766034,0.1445878089,9.3862686,77.530876,3.2801135
39627820724391825,0.1655999582,10.254071,196.82019,5.4972959
39627684560504395,0.1425420969,10.404857,172.15395,5.5198278
39627334105437431,0.1652932356,9.570199,73.070419,3.0664632
39627915117202694,0.2331557762,9.4092855,211.12083,3.3776639
39628034822638477,0.2316206712,9.977087,48.148777,3.0025008
39627616436621325,0.231536109,9.8780689,74.026535,3.9224081
39627956183634341,0.05307519173,9.7740622,467.8584,3.134141
39628068859412963,0.1359510765,9.5268412,90.208031,3.1239166
39627654474764903,0.1313872991,9.1680117,88.26239,3.4131904
39627781000139860,0.3058856097,10.050342,77.684914,4.218904
39633005920126831,0.2082536411,10.390967,48.131908,7.7432208
39633117111128234,0.1879769493,11.095498,180.61868,4.9829855
39628217253896501,0.0816486645,9.3131762,43.823051,3.3821282
39633104876343451,0.332700689,10.433127,136.39569,5.1959963
39627570731286589,0.1505135075,10.016229,116.71278,3.284795
39627724884545520,0.0382639098,10.186468,1070.7253,4.217535
39627987305366593,0.08129200917,8.8370247,94.345619,3.8035405
39628007828096096,0.3248072677,10.591469,91.453949,4.1160965
39627797185961578,0.3433891474,10.170734,105.31666,3.5593755
39628076660821464,0.05110585238,8.9198303,63.160797,3.454994
39628121976080668,0.2282392833,9.5753622,105.01498,3.5327971
39627715594160059,0.3203600422,10.07253,81.627823,3.2707934
39627744996230122,0.08210014357,9.5570774,35.026096,5.6306615
39627927532345730,0.3034852306,9.8415642,107.47599,4.1469874
39633264020816602,0.2350172139,9.8288441,111.64705,4.8488436
39628147531975786,0.4589858168,10.969528,97.622078,5.3071871
39627851154064362,0.1723375806,9.832427,133.47751,4.3391094
39628517545083987,0.3623038132,10.345556,101.53945,4.0325499
39627496223674029,0.0587633863,9.8779716,164.99384,3.1750734
39628390919047771,0.1501429115,9.5166206,128.81551,2.9413276
39627676486473457,0.05402221395,9.1722536,102.08548,3.268754
39628027528741401,0.3234576898,9.9505854,53.246761,3.1595817
39627757331677906,0.09492166636,8.9934816,304.22412,3.2568462
39627838621483303,0.1188492704,10.337535,341.86295,3.8767037
39628507134821864,0.05023843965,8.9808617,262.06015,3.132525
39627745260474615,0.1103779303,10.075905,305.81876,4.3358874
39627649655508834,0.3619725023,10.334418,94.355354,5.1287446
39633446347211734,0.3385834139,10.573415,109.81281,5.5693855
39632954946748630,0.1932953137,10.024225,163.25914,4.0437131
39627908708303568,0.1803342693,10.436911,94.085777,3.2703719
39627779347583096,0.07164486148,8.7444725,168.53741,3.2677207
39633335110077304,0.178780637,10.036792,232.36041,3.4238207
39628493725631238,0.1231295762,9.2808514,310.45853,3.6325378
39627815280181687,0.214021826,9.969327,45.9454,3.8217404
39627670975153960,0.01325582539,8.3110819,73.607529,4.5107484
39627787870404805,0.3879387337,10.23004,68.166954,4.441534
39633216763592952,0.2682893569,9.924654,33.135708,3.3846831
39628017449831613,0.188862162,9.9021511,42.811207,3.9403486
39633457655057330,0.2400372313,10.198597,44.898945,4.812222
39627869999076873,0.1358626309,10.01623,206.10307,3.9713027
39627708904248254,0.06142735916,10.075637,45.36174,4.684814
39627880744880173,0.1013928135,10.012174,63.003132,4.3628058
39628004896277959,0.1286241712,9.6080217,31.92421,2.9072623
39627697785143642,0.1721810554,9.8523169,120.59368,3.6171937
39633240306222461,0.205635983,10.620702,84.888893,4.3521457
39628106486517293,0.178347217,10.122971,70.61792,4.3653779
39633536570884679,0.09811195657,8.8562584,65.61866,2.8599999
39627974701486556,0.08130127854,9.9963884,236.35771,4.5033751
39633510977242943,0.2458723332,10.347139,159.05499,4.0635929
39632945706697348,0.2320164862,10.528342,191.231,4.7937956
39628127831328503,0.2383512432,10.23298,80.449326,4.5134683
39628051637600876,0.0826327272,8.9461355,38.233952,3.7616808
39628035493728926,0.3864679984,9.0122967,633.47705,3.2387319
39627897597597409,0.3587134224,10.236365,143.36121,2.9748609
39627640922967322,0.1371038163,9.4405985,49.829723,4.3302097
39628118108935243,0.1278374722,9.2324257,123.72712,3.3461661
39627776247988470,0.1866346842,9.8945847,55.700962,2.9051924
39633278428251513,0.131914548,9.8088751,80.586563,3.3442066
39633221280861330,0.3237155687,10.895165,150.39873,5.0667858
39632996428418476,0.2325238758,9.9210644,122.48322,3.7397742
39627751438682356,0.04778486038,8.4050798,143.97639,2.8599999
39633396690846234,0.1083008301,9.1222572,82.497452,2.8599999
39633325463178221,0.09664423478,10.550491,102.69201,4.8212032
39627619079033166,0.2772932307,10.852386,150.94963,5.4025626
39633293645187525,0.1597767473,9.9308491,76.330971,3.4290023
39627661022073624,0.1932467791,10.216888,55.52063,3.7957747
39633188342990361,0.3012937307,9.7624636,65.05027,3.4515409
39627818430108429,0.1928292503,9.8501253,111.4513,3.3422616
39628116129223633,0.237766228,9.704422,139.93117,3.4366038
39633499484849803,0.04342876827,8.1435127,235.65012,3.0682003
39627891180307423,0.1762656499,10.634034,272.6113,3.9157109
39628035162374389,0.1365581502,9.726634,54.877007,4.0826874
39628492211489635,0.1892469783,9.6665554,234.67851,3.5844479
39627708400928225,0.1503361661,9.8140402,94.864265,2.9242454
39633287005607435,0.04892872886,9.2792072,801.62347,3.3525639
39627661168872430,0.1201646519,10.145443,66.302673,3.9417908
39627669544895178,0.2318732306,9.8962336,123.79138,3.6574781
39633282425424240,0.06361077075,8.6304226,63.245415,2.8599999
39627833705768529,0.2223087887,9.6448965,93.605232,4.3318472
39627737253545031,0.3637994725,10.176817,98.083374,4.9237704
39627663559626109,0.05663902275,9.4674768,189.80478,2.8599999
39627703539731726,0.3939090229,10.736972,58.745758,3.8796022
39627712473601269,0.06921077341,8.0309267,1011.8336,3.1195016
39627616524700570,0.2333017094,9.6791563,46.935158,3.5967669
39627941948167497,0.05013645849,8.8650093,158.91165,2.8599999
39627761010082258,0.05553990029,10.2203,220.89949,6.4060435
39632965281517050,0.3807263985,9.9787455,85.94175,3.512084
39633225370308415,0.05044459798,9.3828268,331.97647,3.4528511
39627701228669114,0.3576037351,11.051483,50.269527,3.8992147
39627660720083203,0.135569396,10.316301,266.85974,4.7847919
39627909756883043,0.1918942793,10.215077,81.718002,3.7399185
39628023456072266,0.09790356605,9.7517004,53.227295,4.8774457
39628268386650616,0.2589956692,10.1529,64.02919,4.0357108
39633478995674609,0.3592286943,10.35691,154.75943,5.3984027
39628267753310702,0.106650139,10.438065,67.934402,3.5540917
39627639262023855,0.3038931335,10.254392,68.710075,3.8963981
39633263026767750,0.1664200257,9.2071991,53.284458,2.8599999
39627553505280369,0.1057783374,9.4129934,54.542709,4.5691447
39633359730641353,0.2459644467,10.618424,105.5166,4.4869504
39627854832471851,0.2555185319,9.8095741,49.343952,3.9115479
39628052728119990,0.4120203403,10.143553,62.532047,4.5143652
39633000735967062,0.4640996764,10.240139,153.46033,4.5095406
39628385466454339,0.1531514631,9.1002522,63.201206,3.0505362
39627612099710263,0.4603865787,10.168959,96.577049,4.6685801
39633252830413417,0.3604086052,10.29025,540.02405,4.3068552
39627719167707529,0.2267695937,9.8375397,93.423813,3.9529197
39627815594754224,0.3220030516,9.8392191,80.105003,3.9779162
39628019198859103,0.333000869,10.503261,95.795715,4.016448
39628435454168555,0.08285181703,8.9407187,188.02899,2.8599999
39628262850172149,0.4053668197,10.358603,55.164516,4.4565225
39627592889795980,0.1580429567,9.6528044,138.51144,3.9701505
39628193421856228,0.1449061428,9.905673,151.09364,4.0818286
39627800239412304,0.1403852831,10.164901,184.12102,5.110508
39628257263359911,0.08148160663,8.9188719,55.730896,3.1789753
39627690810018982,0.2786044822,10.501588,120.84546,4.519383
39628195636450018,0.2715641586,9.9326782,107.31678,3.7524867
39627856896070191,0.2014121623,9.967844,39.409889,4.4249339
39633005685245003,0.4398592365,10.269809,92.214798,4.0839553
39627666998957681,0.2638111294,9.742609,107.60409,4.2050343
39628001360480230,0.2877044713,10.089555,72.010796,3.9722874
39627961837552839,0.1433745362,9.619173,65.35218,3.2249174
39628318240148979,0.1134140006,9.414917,115.81206,3.8189049
39628075649993009,0.229289293,10.07673,73.700356,4.1571445
39627862914895789,0.2181005592,9.8311882,116.87037,3.4254236
39633303430501182,0.1881818145,9.6099415,51.603848,4.591774
39628075461248492,0.3695686455,10.4371,69.888657,4.1677847
39627763878987303,0.3253430338,10.101272,82.20845,4.3403287
39628471256747140,0.1764519718,9.7347193,142.89679,4.5028725
39628186203459690,0.2202027958,9.6935043,70.220955,3.0307941
39628233557149648,0.2638364742,10.397486,116.0603,4.2426143
39627824646065289,0.1672908613,10.103436,85.835075,3.758728
39633209004131768,0.2167428145,10.375036,124.59801,4.9477959
39627503165252260,0.2888643559,9.6428719,50.398319,2.8870432
39628041197982498,0.1697881992,9.5977707,56.765438,2.8599999
39627701396441164,0.141562677,10.03036,85.846786,4.2620497
39633311504531686,0.4210055445,10.575268,74.642288,4.3232226
39628407125838843,0.09661623991,9.1363096,33.370338,3.2869184
39628471445491174,0.2774874727,10.437609,167.81294,5.0418024
39627613332834691,0.3221456086,10.058195,67.027283,4.0366783
39627723726919923,0.2289145295,9.8832359,32.67231,3.1791835
39628082876777494,0.3379687237,10.524049,121.47763,4.2192283
39628266360804218,0.3448439017,9.6078911,127.95249,3.3566418
39633015701244032,0.1779569572,10.262231,92.842888,2.8599999
39628070721684451,0.2810863067,10.273074,72.20639,4.4129815
39633416349551171,0.3007900145,10.135703,66.295853,3.5069573
39628111242855986,0.05912317478,8.8298311,88.258247,3.8101974
39627872859590426,0.08002131251,9.1236458,97.34272,3.8522871
39633338884949234,0.08035645988,8.8416348,42.304604,2.8960233
39627497695871968,0.1404737863,10.794201,254.45074,5.1520605
39628496200273755,0.0775577784,8.8398457,150.46616,3.0008745
39627787937517931,0.2420664546,10.000396,72.811226,3.9726207
39633535035773017,0.1716214103,9.230402,116.89098,3.3550258
39633162342500957,0.2116347732,10.194362,59.992523,4.4541187
39628439396812364,0.07747217057,9.5184069,598.59601,3.5592041
39633187722234499,0.1975625418,9.8336096,286.70523,4.255188
39628046545717310,0.1545601816,10.468673,122.38123,5.0866389
39627486014738170,0.1659312331,9.6820078,70.449417,3.9057956
39633371151729363,0.04075810995,9.5449638,87.371353,2.8599999
39633341854519515,0.04369759232,8.5722895,67.466164,2.8599999
39633109401994587,0.309970977,10.252948,86.576485,4.9304132
39628471546151100,0.02228674435,8.6555271,181.73125,2.8599999
39627392129435492,0.126509526,10.190285,74.621284,3.9170372
39633487149404011,0.07562822237,8.819478,142.13152,3.648917
39628341560476697,0.3549183577,10.063795,59.427578,3.9942203
39633450541518455,0.124539352,9.23522,75.759804,3.9607873
39633054683108592,0.2793981719,10.52394,62.413677,5.3753896
39628313672555089,0.2253427846,9.8239212,107.57806,3.935488
39628390990351123,0.2102807341,9.9074764,131.43297,4.6713605
39627812260284855,0.286181097,10.491775,110.39891,6.2146196
39628527720468119,0.3081614046,10.349557,103.39486,4.6642566
39627824272769197,0.2302695411,10.45686,229.96967,5.2324872
39627871488049927,0.2702287164,10.546186,102.83128,4.2261434
39627691359472317,0.2373168806,10.027443,93.367981,3.9790881
39627968716211063,0.195255694,9.9747572,61.943539,3.6664431
39633029622140377,0.286349505,10.460773,105.36735,5.4929891
39627884448452938,0.07548535475,9.5683823,52.193642,3.5176191
39627769973312520,0.3088258587,10.291364,93.549347,3.9812608
39627796149966864,0.4597823428,10.059141,172.37323,3.5104215
39633374360373371,0.2560524028,10.736058,235.58945,4.7764568
39633196312169566,0.2717010928,10.041751,51.440479,3.4905372
39633396015564676,0.1989672312,9.9678106,86.996246,3.8055964
39627965004254261,0.1563929398,9.9164801,161.06306,4.5677366
39633489502405608,0.2546039554,10.148817,70.711037,3.2613165
39628001633108159,0.05928411151,9.5971432,318.85681,3.5284677
39633095959249955,0.1769618748,9.83529,56.971672,3.7064948
39633358153584360,0.1930598037,9.7350426,123.39313,4.2728643
39627679724473534,0.1882619017,9.6900997,105.98877,3.4209569
39633365371977828,0.1268522405,9.3501644,102.9984,3.3047445
39627757449122009,0.1318776059,10.183124,155.70288,5.4309607
39628405091601061,0.1413938534,9.3066339,139.50652,3.4417746
39633076728365973,0.07830453701,9.3390427,112.53555,3.0707195
39633495391211481,0.1311225599,9.1676683,82.136253,3.370472
39628517675110710,0.239935027,9.5671291,100.72653,3.0154388
39627635008997050,0.09646876758,9.6737175,44.911819,4.1662855
39627853851005107,0.214602455,9.5418406,61.290951,3.2949455
39627995312293668,0.1245821767,10.63871,171.23512,4.3590879
39627681402196529,0.4270711761,11.069289,108.90031,5.2633128
39628267245801453,0.2137381436,9.8667736,176.73334,3.0173676
39627741737262556,0.1388077638,9.0784903,54.411823,2.8599999
39632957043902844,0.1634259757,10.016756,71.560822,4.2803965
39628478143795794,0.3382057283,10.182313,91.865852,4.054193
39628309163675043,0.08059600065,10.235868,224.26752,4.5110383
39627845072329010,0.09686072619,8.6019926,37.382004,2.8599999
39627800881141015,0.04390117465,7.9453816,57.621235,2.8599999
39628041281868259,0.2820060112,10.252723,424.31427,4.1739001
39633271188883482,0.3649799207,10.41732,231.27328,4.6159129
39633317800184455,0.07759126048,9.3839388,72.129044,3.2355523
39633228654444719,0.3082773534,8.8924093,71.638924,3.2364383
39628029307131727,0.1719748426,9.2430906,54.647411,4.3524575
39633443755134286,0.1395407146,9.0810223,109.36966,3.3927262
39627879067160785,0.110929775,9.0543547,133.91898,3.2304544
39627968166759381,0.4140813583,10.37018,136.86302,4.0760541
39628296740148388,0.2082087178,10.769613,157.43057,4.1578317
39628061196423291,0.1427735078,9.71134,78.25148,4.115303
39627993626186767,0.2851500612,10.044428,47.69825,4.8640532
39627732560121676,0.1532332277,9.7006416,105.18468,4.6938844
39627848889144584,0.2541882084,10.143459,97.99939,4.2840199
39627945135836712,0.1998705,10.113586,142.43967,3.2754583
39627555833123167,0.06424135891,8.5738373,215.97136,2.8599999
39633136778215722,0.3596175425,10.695479,78.89299,5.0850196
39633452621891336,0.4085271282,10.362551,128.91075,5.0893369
39627908758635834,0.09686384723,10.098184,72.758568,5.1860409
39627666864735235,0.1865324946,9.744381,63.319565,3.9101374
39633286191909914,0.08784600946,9.4791317,53.511246,2.8655176
39628310212250543,0.3059554531,10.504976,93.841522,4.1855412
39633045120094923,0.3405100777,10.307289,46.704342,3.6212595
39632962207092227,0.4303041568,10.526349,120.38006,4.5393906
39627757654639260,0.2407260912,9.8925905,101.53299,3.593055
39628291086221576,0.1537527087,10.429896,128.38319,3.3287644
39628493503334788,0.1898895671,10.200511,77.09388,4.1200972
39628125356690790,0.3074474475,10.587421,89.289314,6.1106043
39627835903579166,0.3664700462,10.438223,105.83916,4.8464637
39627997640131261,0.1299362944,9.3770542,185.92032,3.3380094
39633510813666698,0.1864560124,9.528368,70.685196,3.8872931
39633019216070821,0.3671709512,10.758689,128.64009,4.4004173
39627712150640381,0.364414121,10.364248,65.956818,4.9362664
39632946419730297,0.2165790917,9.618638,40.641186,4.8379593
39628088753001260,0.2519317216,9.8086824,54.915607,3.6082363
39633252763308193,0.1178468359,9.7948437,69.606468,3.4965053
39627909610083764,0.240681725,9.349556,96.255943,2.8599999
39627606185740628,0.2281521788,9.9695921,219.52631,4.444355
39627875783019062,0.1637479061,9.7600641,100.44628,5.5583353
39627977096430518,0.2163328815,9.9518366,145.42995,3.7546184
39636497355248837,0.07570864069,9.3591032,43.885567,3.2308583
39627709734716394,0.2481211098,9.399745,291.24301,3.2353594
39628088677503863,0.1807115498,9.2954226,120.4587,3.4764082
39627649257050231,0.4546380716,10.550215,61.304165,5.0009317
39627855222541167,0.3086870153,10.950382,82.213593,8.1403379
39628485043422256,0.4768249356,10.588263,117.17175,4.8158541
39628094293676316,0.1839898289,10.321963,103.41862,5.6058502
39633016288448166,0.04980625414,10.912435,521.22559,4.5542283
39627945718844425,0.1564070261,9.4812307,113.27657,3.9272521
39627999653404549,0.2567601099,10.32654,84.715446,6.0262427
39633015948706432,0.230830702,9.6224766,54.315777,3.0270495
39627741733063248,0.1381235905,9.3138647,133.8629,3.6220329
39627636271485923,0.01161649572,7.4019318,535.34772,3.1430652
39627426598224170,0.3497653228,10.20081,110.04671,4.4884787
39627925737179745,0.1498768961,9.6782188,69.895905,3.5369945
39628096067865725,0.2367043475,9.9023018,63.637978,4.7878513
39627853779698777,0.1974972862,9.2441311,106.65868,2.9405699
39633179971162183,0.3633451061,10.066621,59.890762,3.9017065
39627890370806004,0.107794494,8.7957706,66.866814,2.9613388
39627832518772304,0.1212346695,8.6064577,90.650711,2.8599999
39628423349406516,0.1989157786,10.182165,129.757,4.9306192
39633264012430441,0.2058580169,9.1417999,103.62585,2.8599999
39627643309526271,0.4083222766,10.491086,91.832176,4.2970905
39627649269631838,0.184873974,9.2256079,69.716942,3.8038344
39628412855262803,0.1172719562,9.4559402,104.45459,4.9211159
39627701379663816,0.1860619041,9.4855423,156.66652,3.8994713
39627600162721542,0.3231977743,9.8150864,123.69526,3.7396111
39628035393061674,0.03268378079,9.221489,183.927,3.6263752
39627503463045056,0.1185181165,10.478904,220.3181,4.8418503
39628222660351067,0.3378070986,9.9019852,84.168945,4.1471205
39627911199720578,0.2111287939,9.7444715,200.77924,3.6147451
39627909496833413,0.1534067418,9.7418108,197.97704,3.0948632
39633223789054424,0.02383899477,7.7590261,74.406258,2.9549503
39627854442402514,0.09868680565,9.8363647,122.95366,3.7998242
39633001063124136,0.02904134529,8.1974163,104.84599,2.8599999
39633293670352359,0.01823977332,7.4646473,73.134026,2.8599999
39633085230221680,0.1198654879,9.54006,242.6174,3.345711
39633474398717438,0.2110363516,10.402322,187.40048,3.70418
39627697038559286,0.2574515219,10.034372,104.76517,3.8355641
39627589341415911,0.2013432298,10.157522,81.67704,3.7249427
39633421890226460,0.1061027375,10.309287,208.05051,3.7869611
39633344996053444,0.2427782154,10.089488,45.721104,3.7985775
39633208148492856,0.2575594314,9.7437897,40.149994,3.8080029
39633435337162821,0.2859086479,10.03676,71.66629,3.565397
39627577437983428,0.3659824852,10.869944,69.730934,3.2667272
39627700817633278,0.284472094,10.48395,60.106262,4.3777952
39627920804679584,0.4340966927,10.247736,78.737587,4.5954566
39627920829841992,0.181736907,10.62907,334.44302,4.9736896
39627724909710646,0.06986304188,8.2268753,133.38547,2.8599999
39628512230903046,0.1514119338,9.7128944,84.343185,2.8599999
39627959853648384,0.1729528572,9.7078876,63.069359,3.3855791
39627334759744198,0.253219027,10.040506,283.05411,3.7149889
39627745671513263,0.3446111797,10.550757,91.870308,3.942358
39627715187311085,0.3200990577,9.9913797,59.751591,3.4001048
39633380718938525,0.0444755867,8.3790579,43.477604,3.5451756
39627848385826969,0.1693982378,9.9940577,177.45898,3.2149656
39627615505487302,0.1155706224,9.2990875,45.414482,2.9453049
39628348393001160,0.1009140765,9.5321894,59.072342,2.9240594
39628497613751793,0.2640167268,10.228075,123.49831,4.2419095
39628423437486761,0.3214367424,10.154422,138.86021,4.3071694
39628059074102631,0.08095304568,9.0042458,54.788322,2.8599999
39633289857728796,0.1188717791,8.9180441,44.557438,2.9463823
39627735957507444,0.08696468676,8.9163761,286.10635,3.2696812
39628125507684995,0.3752201817,10.558392,104.6419,4.8987474
39627779481799117,0.2227784983,10.276363,139.95616,4.9827466
39628512310596572,0.1527180863,9.1313534,37.186314,3.553442
39628350624371598,0.3514907819,10.893204,84.478081,4.9530253
39628439547806872,0.3209888953,10.188903,67.473991,3.9357789
39628501430570714,0.2175090443,10.325263,72.050148,4.3745675
39628117928575131,0.3141228458,10.997068,191.72945,5.5344825
39627824214052540,0.09372022418,9.8895206,78.922058,3.4790945
39632961875742625,0.3864433765,10.492098,49.950329,4.3650579
39628324217034288,0.09652818739,9.3629475,107.73094,3.3727305
39627938823410044,0.229720118,9.8021069,97.371582,3.819979
39627901598961674,0.3297615032,10.107645,90.034119,3.7377107
39633047947054048,0.2614280063,10.642043,104.72014,3.881007
39633082432618983,0.03259930054,8.6460104,566.50891,3.1435573
39627696396830209,0.2957051241,10.140928,106.43822,3.677753
39628287634310340,0.07466457655,8.5895634,183.78046,3.3612721
39627838306915707,0.05827134956,8.50319,391.92435,3.129838
39627945790147982,0.2146102705,10.558147,148.83002,4.0846
39628427237525477,0.08950991381,8.7901278,110.19187,2.8928621
39627971182465006,0.2960107963,11.120408,154.84746,4.1298251
39628529729539799,0.1880178416,9.6946163,49.724178,3.0488679
39633258991847596,0.08029018634,9.2968197,87.331802,3.0638254
39627334122211925,0.09797281417,10.347968,297.89572,3.9732962
39633021342588014,0.122666039,9.2752876,104.43923,3.2707143
39628449991623925,0.2698999034,9.9567575,73.600662,3.7054756
39627655305234384,0.1335643542,9.0014791,65.324051,2.8599999
39633162933896924,0.08701993323,10.556859,227.4632,4.7843032
39633475082390551,0.2112149376,9.8268385,71.43502,2.8599999
39627869650944080,0.4445940282,11.210246,140.8905,5.6901498
39632986542443999,0.1408011965,9.8189154,117.84682,3.9759557
39628075847127423,0.06707131004,8.8698683,48.422031,4.219286
39633529205689842,0.1536221172,9.4493132,311.85947,3.6638525
39627908540531392,0.07639040941,9.1754456,178.54175,4.5327158
39628172844597857,0.06051856676,9.5736752,81.583199,3.6235096
39628099087761828,0.09010338219,8.9263773,116.26987,3.3159797
39628235532666725,0.2951340397,9.725894,42.519199,2.9942293
39633501628138035,0.2205233284,10.167066,76.470711,4.5166111
39627640461591375,0.1835157161,8.9098845,93.837494,2.8599999
39627642621658967,0.3397710179,10.114433,118.68632,3.348305
39627676578744514,0.2047430724,9.6826878,73.92923,3.3243856
39627691560796709,0.2904777003,10.150249,43.549965,4.251287
39627980045029355,0.1718286222,9.8909283,78.248428,4.5321918
39627999045222926,0.4112653662,10.507425,36.474686,2.8599999
39627433141339644,0.03082909595,8.3227663,115.40424,2.8599999
39627687840449238,0.136149207,9.7952271,148.7612,3.8810809
39627706551239044,0.3982839421,10.353964,58.928165,4.3482423
39627725224283017,0.2137719525,9.7733269,72.035889,3.2303033
39628522829907785,0.0613596699,8.6171761,72.54451,3.7177527
39628094398533782,0.08059998365,9.8111496,57.93417,2.9776332
39633158164973568,0.2074409092,9.6575499,50.206539,3.4849787
39627654827082257,0.3662234688,10.61337,123.37851,5.1277299
39627636200179813,0.302354762,10.183974,52.822315,3.9110434
39628527670138104,0.1119591748,10.334786,361.69388,3.8986318
39628012899009983,0.2213325329,9.8473396,353.4389,3.5986953
39627480117548693,0.02048034518,6.6530709,633.06372,3.0071926
39633352315111810,0.08201580215,9.421998,154.22099,3.4493794
39627841926599870,0.1019869756,10.37572,378.63644,6.7407136
39627944779320132,0.1059241167,9.9103909,65.361748,3.9224403
39627444642119872,0.1820453367,9.4840679,48.031963,3.7080123
39628430018349927,0.1059956939,9.5761518,106.53725,3.0883379
39633318597100042,0.1738629463,9.4374914,62.142849,5.5250969
39632941508199963,0.167698808,9.7624245,136.26376,3.6213341
39627945693677838,0.0512045931,8.7527695,58.999748,2.8599999
39627965348189036,0.2225941385,9.9076223,184.43141,3.238198
39628072244221608,0.0781083995,10.206876,589.05713,4.5420194
39628018892675629,0.3437364951,10.977153,180.82558,5.1203489
39627935467964892,0.08991269528,9.6655331,84.119125,2.9607871
39628118368980476,0.2282421651,9.4462624,61.114655,3.5570607
39633303996728404,0.3916831491,10.721097,113.60471,4.660264
39627928987763266,0.3083682602,9.9389811,119.3442,3.3700683
39627981399787589,0.03277833231,9.622118,129.67503,2.9961059
39636205905645568,0.3537641805,9.6341839,71.49501,3.3949184
39627770027835914,0.1425446255,10.107452,212.93095,4.8468518
39628240192544374,0.1772370393,10.057535,120.51168,3.5191627
39627702684093290,0.4518458249,10.916114,104.83229,3.5049112
39627867125976664,0.09193065441,9.7772121,82.108017,3.7909601
39627868648510355,0.09322287083,9.4193506,79.318794,4.5409536
39633267032328524,0.1567453225,10.472852,245.39203,6.353425
39628043542593954,0.3994154729,10.272673,51.763363,3.317323
39627907605202038,0.2021991643,9.3190327,90.168152,3.7174346
39628488231094452,0.2935596877,10.158476,49.510956,4.5382204
39633200435168106,0.05304331812,8.2434769,129.95265,3.3252153
39627749358309208,0.2132089137,9.7573242,149.49625,3.1507292
39633216197363774,0.08860004832,11.201015,136.87906,5.5303674
39633321772188391,0.2172424727,10.072698,120.12668,4.458797
39628216842850286,0.1422159177,9.2463589,52.55267,5.4504738
39627619263581619,0.2989060503,10.671798,154.73335,4.6440854
39633183506956381,0.09216029157,9.7791538,225.17319,5.1036296
39628493478168054,0.06465307645,9.9394131,282.56259,3.69473
39627667179307152,0.1179720173,9.5085773,121.38058,3.3760548
39627802160404962,0.1371485197,9.3698111,71.377312,3.1166282
39627949648910064,0.3778369634,10.768495,87.057762,2.8599999
39628125511876865,0.3018546875,10.208617,47.538116,3.4844003
39627613148282943,0.07699909594,10.236209,278.44958,3.9912832
39627691288171011,0.05587999154,10.233035,213.31683,3.8960736
39627630584008668,0.2530715848,10.157467,74.366196,3.4629045
39627583159010051,0.1990519345,10.768015,86.017746,4.5714669
39628051172035455,0.1289569277,9.5958357,61.007046,2.8599999
39627847307892676,0.13290205,9.3201771,172.15038,3.3748465
39627667091230022,0.4494176541,10.311311,87.745857,4.3169217
39627830669088456,0.1091091492,10.17683,161.7276,4.1058569
39627891046089644,0.06028040518,8.8348503,160.20848,2.8599999
39627781239212627,0.06754028814,8.878377,104.91597,3.6206965
39627642365806073,0.3713222454,10.746575,89.287872,6.6718273
39628047443298266,0.1589094614,9.9296923,142.46953,4.1774783
39633086295575052,0.3596727964,10.81002,124.44669,4.7668524
39627598942180225,0.2954462898,9.7844725,81.29184,3.1639526
39627763631524693,0.3155071227,10.771175,134.51614,4.3496094
39628141127274579,0.07818956319,10.064508,195.8875,3.8894341
39633369188797024,0.1750217323,9.7990675,96.652588,3.6856234
39627655221351111,0.1418789897,9.0500498,123.99815,3.0016794
39627925946894888,0.0913861225,9.0231781,118.74082,4.085268
39627496265617305,0.1431217441,9.4173431,417.88739,3.5227816
39628534909502268,0.05831503128,8.9190626,100.33381,3.3308103
39628108508172036,0.106565888,9.1480074,74.289314,3.0687375
39633472087654569,0.4180391157,10.707579,96.388283,4.7887421
39627817742241460,0.1283180137,10.3411,305.70221,4.4140811
39627929210062334,0.0379323842,8.9891129,33.209751,3.2150884
39627805532619435,0.09492330128,9.9023218,59.770435,3.454447
39628275303056577,0.1456915321,9.9113674,40.592064,3.7257533
39627985573123843,0.1573186781,9.1873693,243.39908,3.2096467
39632955550731915,0.383836823,10.459466,83.762161,4.4873357
39628459332339811,0.4498795726,10.68964,109.21265,4.6396914
39633163055530355,0.2789377414,9.5457335,191.78676,3.3347859
39627606307375954,0.1485106875,9.6391325,57.538975,3.6266088
39627921073113622,0.1252217223,9.726388,258.40375,3.6781371
39627545108287480,0.4048181012,10.548906,151.71924,4.1211348
39627643175308699,0.3024519208,10.489543,286.51334,5.5037937
39627693670535710,0.2553634051,10.175272,103.17291,4.8113651
39633393708698220,0.06576462771,9.3849277,654.36182,3.9410925
39627805125772776,0.3001186975,9.8745136,137.57843,3.9370286
39632976216064503,0.02521083881,8.4195871,114.15302,2.9954708
39627681855179355,0.0940257236,10.134644,169.29344,4.2314591
39628361709913949,0.1926529499,9.4886627,110.84162,4.6134925
39633290679812749,0.2010372681,9.4057007,63.593422,4.5909257
39627657276557791,0.1374475456,9.0843773,69.009804,3.2282114
39627691808261485,0.3657649792,10.303954,70.337624,3.7756894
39628347113738870,0.2509705294,10.290423,83.119568,4.3083925
39628224321292383,0.3896068439,10.041537,193.53476,4.2178512
39628189785392989,0.2440824657,9.7951632,76.905624,3.5005872
39628291279162932,0.1642634719,9.5987959,50.610382,2.9179878
39633131967350180,0.1362067313,9.5487833,71.730682,3.2190423
39633542145116212,0.06344553378,9.0148125,57.052147,3.8016768
39633130709059361,0.1213443448,10.171914,314.56409,4.130022
39627859383291111,0.1984757938,9.8566837,181.49661,4.4858603
39627827317841614,0.04530315078,11.412451,242.91039,5.3087606
39628356001465332,0.1944026718,10.264639,79.736908,4.1534896
39628502399453318,0.3872096476,10.08269,70.596848,3.911721
39633260128502418,0.2628397657,10.579957,147.77606,5.0399084
39628024869555884,0.1840400068,9.4378147,112.35673,3.7757196
39633109829812347,0.1695860719,10.314013,143.64012,4.8962226
39632976148956271,0.2836794441,10.096486,112.85163,4.101644
39628004992749988,0.1784663481,11.042246,400.37915,5.0383496
39627815531847052,0.2425503902,9.8864651,146.41426,4.518383
39627848062861958,0.09339520402,9.0221243,80.186623,2.8599999
39632941919241995,0.07601877974,9.2627468,341.49799,3.3514161
39627473251467373,0.35046025,10.5245,139.03476,4.8203454
39632941625639400,0.1423906414,9.3152351,134.14937,3.4405072
39627991688415602,0.1130387599,9.5423708,67.628876,3.6846914
39627874709280431,0.08967931005,9.9463224,132.06963,2.9094195
39636447866651496,0.07065244164,9.0336733,124.40253,3.3925269
39627926768978690,0.3522563459,10.303301,163.17783,4.8826251
39633204268764049,0.1401818388,9.5165997,78.910896,3.1125154
39633192612792344,0.1164220063,9.9934301,121.8807,3.7905908
39627890958009648,0.2680338722,10.013328,46.087162,7.6224504
39628052623266203,0.1102132567,9.2838898,52.271744,5.4732976
39633169716085297,0.1346432602,9.5011711,147.38351,3.9059982
39633026056978991,0.1754798176,9.3936863,129.46571,3.5108576
39633279447469162,0.07747684649,9.0429182,86.110802,3.0755045
39632986227871189,0.2752572251,10.553491,166.34706,4.3968687
39627833428942766,0.1722493619,9.4619007,63.262413,3.2131109
39627712159026943,0.186272984,10.512999,132.09651,8.6596298
39627569196175930,0.05628368033,8.0702477,285.10388,2.8599999
39636347434048016,0.1500109103,9.6382132,92.072479,3.9233923
39633204231015635,0.4269095898,10.614165,73.125114,4.575552
39633374825939877,0.1519185873,8.8603506,31.982086,2.8599999
39636695057959757,0.1764928799,9.9086914,104.74039,4.6884561
39628313345394315,0.1176165991,9.3190823,52.221714,2.8599999
39633114670040562,0.2012972069,9.6515951,204.01259,3.6128871
39627770170443974,0.07173109897,10.471793,141.52374,5.7857599
39628106075475404,0.2418869252,10.179668,68.445183,3.8039486
39628279912600462,0.4152856763,10.187958,43.911797,3.9794691
39627426988294855,0.1481379347,10.264679,39.191704,5.154943
39627636548306926,0.3157120717,11.044824,60.231438,6.5268006
39636485271456879,0.3590888058,9.9936314,98.004669,4.0610404
39633108118536403,0.2732216954,9.7659006,41.787659,3.7458625
39627438866565524,0.2739704583,9.8552866,28.306637,3.424715
39628112379513002,0.06356302047,8.3376207,51.129326,3.9202166
39633329724592988,0.1209642639,9.0854645,81.23822,2.8599999
39628251651384270,0.1819240138,9.4918013,55.8713,3.5883915
39633095112002758,0.1362335171,9.3983898,80.45546,3.2832937
39632961619887701,0.3478086646,9.5547905,96.378174,3.6140914
39632929902560811,0.0490162863,9.666688,55.154366,3.2986276
39633263009988918,0.1849878689,9.7799368,81.749069,3.2625363
39627727749252095,0.1024138855,9.9686241,94.309273,3.6040058
39633243934296944,0.3666884677,10.570163,235.12746,5.0659623
39633517826541379,0.1861111216,9.5037775,62.88311,2.8599999
39633437451095277,0.2585073951,10.077413,105.06679,3.2284479
39632941344623641,0.09070356284,9.7872925,59.865379,3.4151659
39633530673693803,0.1046952578,9.4646769,93.815262,3.6123407
39633001864234544,0.141693222,9.4199972,264.29163,2.8599999
39627811970876972,0.06147668742,8.605484,158.84734,2.8599999
39627743096216472,0.1882872975,9.2943144,144.86626,4.3334837
39633325081495014,0.3579940141,10.046694,44.226524,5.3161006
39632946583308091,0.0550875274,8.8405905,93.703445,3.3998203
39633531273478270,0.1844747776,9.4044304,51.250904,2.8599999
39627981118770461,0.05660097948,9.3220863,76.991417,4.0707231
39633049276646022,0.2404366883,9.7111959,77.804634,3.2498589
39627573390478890,0.04961483761,8.8150434,107.81099,2.8599999
39627623055232517,0.3016929069,10.216131,146.67136,4.2282143
39632966422365127,0.3042337536,10.132543,105.85835,4.1915364
39627631049574063,0.4011545708,10.093129,54.963421,3.8262045
39633527603464537,0.3313630814,11.039414,88.323135,4.5318871
39628480354192825,0.2275779196,10.224633,65.951553,3.9199171
39627919718353396,0.09342421431,9.1699295,49.179207,2.9832969
39627594835952874,0.08033987418,9.0918503,113.06056,3.6168156
39627714839186266,0.1799536337,10.801933,173.717,5.5286283
39633525992853428,0.1834657182,9.5097179,280.02216,3.3267097
39627787723606972,0.2744335205,10.259348,147.93713,4.2678151
39633170005494840,0.2267415724,10.587166,63.491226,2.8599999
39627811228488314,0.2945734789,9.8139067,91.556152,3.8036261
39628169992473595,0.4099318517,10.77246,86.318237,5.1033978
39627867356663280,0.1550991668,9.2005444,64.061111,3.322336
39627800801448579,0.2018166504,10.355371,170.41621,6.2626824
39628015956659294,0.1042716511,10.698827,148.47855,3.864326
39627823152890335,0.1733524682,9.7565126,359.74936,3.6434267
39627973577410476,0.2745349956,9.8329382,75.555122,3.2873018
39627479530351087,0.05666914516,9.3111887,54.630943,2.8599999
39633209125766766,0.4135451612,10.60576,80.340019,4.4088478
39627386563592523,0.02849757277,8.4304171,58.486473,2.8599999
39628493583025602,0.029591872,8.5973263,64.846268,2.8599999
39627660174824238,0.2863901253,9.9702244,94.842148,4.2921472
39628157237594196,0.1440427725,10.02314,152.03995,4.1448145
39627890173674707,0.1568623249,10.607422,237.95511,4.0409389
39627937871299613,0.3579370009,9.7514849,88.246582,3.3989975
39633487094877781,0.1668823533,9.6951838,65.966286,3.4531505
39633410460747485,0.1712858599,9.8730946,111.68465,4.2394481
39632990438950993,0.06195489509,10.58963,330.5885,4.9967875
39627621197153704,0.360784858,10.086044,122.169,4.5059395
39628011749773725,0.1606892322,9.3948584,77.026657,3.6535592
39632996252255383,0.2482323985,9.8680983,173.31046,4.9340281
39628016829072687,0.1247646649,9.5112638,43.927784,3.190763
39627612267484472,0.2286205737,9.7746906,122.45495,2.8599999
39627826701272630,0.06895204883,9.8723764,145.02493,2.969388
39627671239395592,0.1414151238,9.6143494,68.096245,2.9782109
39628013205197554,0.03857568565,8.4374838,62.558514,3.1644881
39627699668388992,0.1489804995,9.3902836,91.518997,3.6259143
39627639358491716,0.1605864563,9.9423199,179.32353,3.4698775
39627739086458009,0.1356307796,10.372336,146.82184,3.8068433
39633453196512749,0.141630931,9.7114782,60.875465,4.4867978
39627766265546039,0.05330721756,8.9836845,796.53693,3.5886722
39633275227996213,0.1718098743,10.646517,161.04654,6.479743
39627715107621470,0.1797329541,10.018702,96.109467,5.6546984
39628502487534120,0.09260055238,9.1701288,121.26679,2.8599999
39627968749770010,0.2867365934,10.694599,96.883682,5.8621984
39627651765244408,0.4791548086,10.253994,82.648392,3.7820351
39627731175999985,0.2475220988,10.178047,70.70713,3.6949465
39627787362898513,0.2223063106,9.8102255,36.067436,3.1501427
39632961640860156,0.3267353593,10.426387,77.834404,5.0430222
39628270378945841,0.1209748736,9.9228506,59.466461,3.9637291
39628123997737675,0.090528316,9.4342308,93.531258,3.4265821
39633148018955319,0.2314882271,9.5087528,44.352619,3.1008694
39633332266337010,0.2403009904,9.7493057,40.171333,2.8599999
39627720602162195,0.07494611496,9.3782501,133.75842,3.0014467
39632980989184357,0.3128866352,10.34538,70.878822,4.9585066
39627926936753293,0.1455971346,9.5867701,49.07888,2.8599999
39627884767218095,0.1153655962,9.3699455,116.51234,3.9170856
39632951717138187,0.3140123637,9.9604425,92.124901,3.6654513
39627732530762034,0.1960782624,9.2181158,108.92267,3.2286265
39628011577803383,0.05430068762,8.3583927,93.675247,2.8628311
39627685533581358,0.07472493681,8.2597179,191.62613,2.9701481
39627685835573904,0.2609510375,10.388027,106.2134,4.8620229
39633240637573495,0.007611072268,5.8051138,588.18048,2.8599999
39632941357206278,0.1369447429,9.6215086,163.75439,3.7330754
39627798918207060,0.1575937109,9.9117079,135.12636,4.1934295
39633275634846791,0.2949526084,10.154541,126.45463,4.6171851
39627702491152848,0.229463384,9.7562866,131.79933,4.0896964
39633077424620037,0.3029995348,9.7944498,112.59531,3.9948199
39627784577882242,0.2774445759,9.7026749,97.5681,3.6616015
39627764348754081,0.2181878567,10.096289,104.1797,5.4934988
39627669763000623,0.319514734,9.8558073,51.422329,4.6697531
39628526386680822,0.21943913,9.3855715,85.170166,3.3055167
39627775249746182,0.2176548136,9.6757221,137.54674,3.4748948
39628502248461290,0.08392425802,9.3005676,112.40393,3.2522063
39628064493142875,0.2274382791,9.5061531,53.983234,2.8599999
39627863044916105,0.1297770945,9.8040819,88.956886,3.0552409
39627640604199272,0.3304655512,10.151335,153.84358,3.6851063
39627983551466358,0.1950003947,9.7748508,138.03412,3.9893353
39628341392708419,0.2382148056,9.7059765,64.32328,4.452632
39627624699396326,0.2617781929,10.788924,223.44804,7.2321072
39633187734817022,0.2343805986,9.6443834,69.17244,3.6550958
39628401975236576,0.4421289491,10.611112,63.190567,4.3051963
39627856405333070,0.21678852,10.025326,166.08382,4.7212543
39632999637060152,0.1327775643,10.046082,79.284454,3.3479793
39633458716213619,0.100679763,8.916254,50.918251,3.2924356
39632981417003626,0.2813222152,9.639411,54.58987,3.1612451
39633481692614748,0.2520077489,10.034096,132.76237,4.4474216
39632946696555975,0.2729047501,9.6902485,82.319267,3.8746259
39627868522678410,0.3910541656,10.76716,77.26136,3.5859821
39627766961799360,0.05807589697,8.1484709,58.207321,3.1735592
39633297101294733,0.2966757653,9.9237537,57.401836,3.8675711
39628512939739593,0.08645151706,9.0808516,88.37738,2.9878576
39633544716222885,0.1290835103,9.4267778,68.99424,3.7941136
39632975003910967,0.2194532246,9.8434134,150.75618,4.3154154
39627883995467396,0.1418212389,10.199127,90.498199,4.5440903
39628029256797142,0.3024175061,9.6293707,216.13676,3.5331485
39632934994447531,0.1789648957,10.20555,253.54291,3.6120417
39627791259403336,0.09110398431,9.3042583,41.546055,4.0635867
39627676654248817,0.2251451615,9.884079,73.530632,3.2780728
39627944754157758,0.1077579232,8.8101711,159.8325,3.3583014
39628251592657391,0.1449503275,10.656169,810.06628,4.5203185
39633281569784137,0.1070820766,9.62183,316.27029,2.8607681
39627507984502555,0.1789651582,9.6793442,120.30794,3.2589529
39628287579786312,0.3609543622,10.934988,130.04944,5.9977312
39627981806638328,0.2605175637,9.9970293,107.2428,3.9943914
39628274267066101,0.07570010391,9.0326452,63.086227,3.732239
39628149524269104,0.2161564222,9.807683,69.771484,5.5060453
39627884934990833,0.2575219919,9.9678392,55.742676,3.9956059
39627580818591527,0.0144194447,8.6341057,41.327122,4.6642728
39633010621941460,0.1796922297,9.9798117,121.72762,4.0072193
39633402000837936,0.4062493783,10.362867,84.516617,5.0145192
39633409986792657,0.09271779657,9.4791946,39.707993,2.8599999
39633355028826384,0.2944784961,9.7908831,76.826469,4.3225813
39627810976825533,0.1480802678,9.6009588,107.06364,3.6278663
39628401861985395,0.3231035082,10.507111,82.760887,4.2048855
39628159225697547,0.1715853817,9.6637058,84.539566,3.4945092
39633015814488349,0.3835623458,10.551784,81.725342,6.266047
39627969727043168,0.4050057958,10.342812,133.1759,4.6610637
39628157132737491,0.1442948917,10.308575,136.47668,3.9534101
39627896230251460,0.1454633101,9.1583681,47.816414,2.8599999
39628182571194166,0.083210594,8.8321152,69.021225,2.8637998
39633066649455644,0.052133486,9.5125446,98.070885,4.0562215
39627766580125023,0.2265439609,9.7061224,42.611309,3.6954575
39627497687489319,0.1887550421,9.8897991,29.353069,4.3003578
39627719390007417,0.03307335711,9.4636307,215.99623,2.8842478
39633207234136901,0.07440554001,8.9444542,111.75134,2.9259665
39627624791675841,0.1821556263,9.509469,74.35759,2.8599999
39627921370912388,0.04158017537,8.2599449,102.19884,3.200546
39627386592958175,0.08580601686,8.7547398,33.907242,2.8599999
39636610286880698,0.2811069583,9.8896751,74.344841,4.3498135
39627796137382714,0.3335597526,10.64628,104.93898,4.6719646
39628051096540111,0.2685477095,10.071783,88.205162,4.9223294
39627866568132283,0.01994885573,8.8663721,224.45015,3.2549875
39628082344100277,0.1610490772,9.1293983,60.829437,3.4285712
39628071103367935,0.113653732,9.1750689,47.192135,2.8599999
39628483680273678,0.4303290773,10.280486,81.666832,3.7634308
39627907663925552,0.3117780816,9.618062,205.1978,3.7662606
39628251412301047,0.1486425796,10.002785,71.459763,3.7758627
39627647029873527,0.1754273769,9.1375046,166.47729,3.2405903
39627726721651389,0.2073900993,9.9205599,173.48601,3.5043516
39633378743419257,0.0735944523,8.5866013,50.877304,2.8599999
39627818937616224,0.03271604912,9.2815733,177.74792,3.3073719
39633311634555248,0.09954222017,9.6517162,260.81882,3.8345094
39627703665558092,0.3897295291,10.747208,66.172272,5.1065459
39633483974312359,0.03860772425,7.3027296,224.75853,2.8599999
39633199592115219,0.2387013223,10.631474,112.88503,5.0192046
39627769478384398,0.3332949922,10.233395,132.72774,3.6779075
39627821621977468,0.1969854053,10.254611,100.09554,3.8630056
39627842698352861,0.3166754077,10.513806,129.65533,4.2123337
39633458133207293,0.06271362113,9.1069822,60.042995,3.4145012
39627709826990302,0.1860746354,9.9544792,68.025749,2.8599999
39627737492620865,0.2807669992,9.8345118,72.649078,4.0834846
39636657212755779,0.2947628373,10.008477,132.88582,3.6881943
39627763748962502,0.2062529809,10.223248,74.697212,4.166101
39633126334400402,0.09073439398,10.008174,62.865379,2.8599999
39633259851680749,0.4113269881,11.0191,96.862862,4.7087469
39633232324461867,0.1397270807,9.5695801,120.65712,3.4889424
39633044407062053,0.3239416804,11.025077,113.62437,6.1927643
39627945131641014,0.1704966232,9.4580822,62.969845,3.2728016
39627697835478737,0.04683167996,9.6575689,237.59985,3.317708
39628262980191757,0.0981952903,8.9194622,86.458122,2.8599999
39627842123730375,0.1636055139,9.5063953,82.982971,3.7432895
39627703917221267,0.06792157899,10.161768,331.35895,4.797317
39627601483926976,0.03704496111,8.1330633,70.553856,2.8599999
39628366936017009,0.2653227744,9.552083,48.122143,3.2728209
39627767834218363,0.2301966014,10.684194,86.12706,3.8309016
39633287051739938,0.0930828983,9.2599449,25.317057,2.8599999
39627977230649358,0.2124410465,10.201393,43.067009,3.8916388
39627757235212835,0.2788453801,9.3571491,94.657745,3.1398759
39628141810951402,0.1131473948,9.2324858,246.32393,3.2778008
39627745445021031,0.1366323772,9.3104372,64.709259,3.4567437
39633252851388160,0.1451625951,9.5120163,431.73914,3.470789
39633039445199501,0.0358802855,9.1023302,263.60883,3.1285737
39627733810022591,0.1345936371,10.053726,225.44139,3.5276206
39627817536716958,0.09327749928,9.7813816,121.65268,3.676522
39627974747625477,0.2204098605,9.9280195,99.746674,3.6256864
39633358753367477,0.006454575345,7.1334958,4639.0557,3.4060128
39633465322245252,0.2957372726,10.442701,156.53445,4.0115795
39628094738270852,0.08171542983,9.1285601,93.961807,3.2371089
39633540589028780,0.1761348685,9.905139,71.212425,2.9684069
39627763316949282,0.1721453978,9.9900856,296.41592,4.5888605
39627890018485243,0.2222304769,9.1541414,159.08327,3.1677637
39627897127835567,0.0667521508,9.115612,97.235809,3.1597509
39627963402030894,0.14435257,9.7085114,121.1285,3.8070624
39627913691139163,0.1535483884,9.388875,87.343552,3.1115158
39633532112341072,0.3017916125,10.024953,61.753006,3.9926393
39627627547331476,0.2518759269,10.072666,55.364506,3.334321
39628396438754827,0.2393432818,10.661136,315.12286,4.2380815
39633516199152749,0.178925678,9.4975214,63.43718,4.2475839
39627634564406274,0.3305414214,9.7885561,47.419609,2.8599999
39627624665844402,0.2387960559,10.308983,99.015816,4.8105636
39633365166459741,0.1108073684,9.4074564,137.10585,3.2697022
39627991948461589,0.3900286582,10.241784,41.525169,7.5022774
39627642663604883,0.2516844,9.9550266,50.653744,4.1407065
39633512575271548,0.3434577865,10.345586,50.512463,4.2606368
39628419218015359,0.4091681004,10.434527,47.328114,4.0280023
39627755360357615,0.3871784206,11.324133,117.30595,6.3080091
39627947140714631,0.3002109985,10.104701,240.45354,3.2579389
39628068955885235,0.2105658235,10.298337,96.781181,3.5596459
39633050006459213,0.4432793538,10.506903,57.747383,4.8729367
39627631208961132,0.206117737,9.6433897,441.18945,3.6013112
39633307691912436,0.1489186458,9.6862583,35.221085,3.0321746
39628222031204921,0.119597149,9.9966469,148.78078,2.911871
39627805729754051,0.2413231969,10.16365,94.646675,3.9869056
39633014233236923,0.0962830567,9.2832975,141.86391,3.015914
39627669821719657,0.253075391,10.799125,135.87112,5.8172002
39627883982883739,0.2682140115,10.037438,65.334358,4.0540347
39627737404541831,0.2106961441,9.8683128,161.42381,4.1285229
39627817079538471,0.3207664356,10.257173,91.27803,3.7057359
39628290914259275,0.1071236989,10.449412,64.336136,3.5776718
39627973766152315,0.2996700285,9.9082851,99.390152,4.1844978
39627757969215426,0.2946038093,10.463911,100.32651,4.3721471
39627993395499495,0.3238296857,10.107244,111.66276,4.0448518
39633024555418548,0.2784218907,10.013664,89.411026,4.1769767
39627739598165006,0.1687402064,9.6207085,71.849098,3.6061494
39627708711308549,0.1292415942,9.2049217,159.5312,3.2294173
39633020717633260,0.3888719165,9.8811722,119.23714,3.3699524
39633224179122929,0.2806796226,10.170079,69.866608,3.9711285
39628013398133992,0.230825303,10.026543,75.902489,4.9369826
39628236186980255,0.042215765,9.5845404,143.19159,3.5908501
39628369238688366,0.4744348136,10.60475,106.84728,4.5272598
39633063474366298,0.213409775,9.8947067,76.056061,3.3522873
39628412624572064,0.1259923414,9.3247976,127.13696,2.9697568
39627631657750421,0.09363605256,9.6508141,107.31628,3.0242295
39628017529520706,0.331612616,10.348435,34.639545,4.419981
39628188426445992,0.0607173376,8.6386309,62.616367,3.6035206
39627854765360873,0.1210608036,10.955505,796.04614,5.8941317
39627679871277228,0.2176532671,10.747358,267.44205,5.3183565
39627357148943167,0.2771874007,9.414732,84.439476,3.7350748
39633442576533931,0.1069242676,10.015625,110.8865,4.5874701
39627905394806617,0.3092828369,10.15311,56.454205,5.2194381
39627920192309831,0.1339296899,9.6209135,79.678261,3.8412392
39627869202154594,0.1673127053,9.812398,94.970413,4.7254744
39633275865532859,0.1488794823,10.166033,492.96021,4.0755444
39627749635134614,0.3979355753,10.655431,145.23232,4.3219399
39627624779089571,0.1669311767,9.9287167,56.35363,4.8533473
39627901779318746,0.4011294996,10.757132,73.926788,4.6604414
39627782342315820,0.2031784218,9.4647436,68.071609,3.5953078
39627589333028787,0.2552128235,9.8558731,99.499771,4.0539579
39632931001469614,0.2719348383,10.129784,179.03163,3.5320168
39633192109475037,0.07930565407,8.6820717,36.835567,3.3753605
39628193820316331,0.1938395334,9.0599003,112.85452,2.8599999
39628428659397972,0.1778605474,9.9332914,116.90747,3.7999144
39627925934313383,0.08653880863,9.0407381,66.112831,2.8599999
39627872729566484,0.3501114806,10.474831,75.341415,3.9949598
39633095720174900,0.2814931746,10.208619,130.99841,3.590611
39628486888918999,0.09494120546,9.4146643,81.520981,3.3903797
39628392592577523,0.07285033506,8.7884903,122.87478,3.05671
39627790089198525,0.2191323817,10.254089,72.613647,5.263948
39627675408533024,0.09579606367,9.1853743,61.9786,3.1342089
39627733029881931,0.3802756358,10.088318,55.045937,2.8949785
39627884049991321,0.1508027841,9.8357515,114.70223,4.0293608
39628481104971177,0.2185683043,9.0757942,81.308929,2.8599999
39633519651062345,0.2886877769,10.671685,53.566277,4.9373331
39628460452221341,0.1997872026,10.059146,103.82124,4.2585907
39627759965702110,0.08558629374,9.5174971,48.531181,2.8599999
39633274770817548,0.234225547,10.158377,98.881973,3.748215
39628359763758741,0.1272642645,9.3573008,67.823006,3.4552257
39633453213288950,0.3817111928,10.101091,97.39476,3.5798788
39633010848436168,0.2334039952,10.168244,42.98016,4.0497808
39627837124121466,0.2308345018,10.503193,82.7211,5.2715068
39633145040994680,0.0943397696,9.5536022,178.09891,4.6885767
39627983085899989,0.08442163456,8.7968931,45.283993,3.5900686
39633463648717119,0.4518531185,10.373869,79.209862,4.7092867
39627922859886776,0.2369421661,10.090631,88.504021,4.402462
39627570999726201,0.1012141465,8.7362204,46.897423,3.9021659
39628335495515432,0.3858116852,10.287962,81.333916,3.3749549
39633251966386512,0.4267201856,10.803467,72.673012,5.59168
39633278520525368,0.07519156663,9.8763084,270.29303,3.3045952
39627854933134213,0.1526642804,9.302701,46.494743,2.8599999
39627866446500707,0.3955895381,10.026347,125.9301,4.0015197
39627957211236879,0.1556431828,9.7998495,80.268791,3.8061206
39627634576986524,0.1876699392,10.079485,174.41562,3.5596473
39627617153843814,0.1986818912,10.214815,144.03918,5.2527151
39628401761324490,0.1910158309,9.7299318,133.9807,4.4977655
39628065004849774,0.2049814969,9.6447554,69.790405,5.8325753
39627720480523602,0.4297301659,10.94032,133.40118,5.0757327
39628096546015716,0.1442220634,9.5877466,66.186424,3.7894483
39627886625294838,0.1209287832,9.6316309,74.947372,3.5233593
39633409986791571,0.1574867806,8.9135866,61.188667,3.0291336
39627415583989175,0.1972337648,9.8900681,104.71812,3.6737111
39627823442297053,0.06268157365,9.675499,104.29781,2.9798291
39627648871171644,0.1901343892,8.9292679,215.80516,2.8895006
39628396229035178,0.1045275318,10.032637,137.50488,3.811255
39633545672525636,0.3279344158,10.765959,245.95274,4.7858701
39627791427175869,0.1432411451,9.2781858,111.21,3.5680337
39633434825458152,0.11635479,9.6317949,73.796852,3.9026704
39627868610759415,0.2321223762,10.079691,58.458748,3.8283012
39627601202910095,0.2548285791,10.288797,67.774467,4.3929834
39633044604191915,0.1691290332,9.3726997,80.260231,2.8599999
39628204956189361,0.05100374372,9.2689476,227.46976,3.2584615
39633458116430232,0.04169524904,8.8160353,319.71155,2.8922265
39628493813712906,0.1148486154,8.9186487,57.247364,3.5231843
39632975800829869,0.1953382266,9.3986969,50.643593,3.4044824
39633297302619315,0.3803048619,9.9795055,69.781456,4.0251207
39633035536108669,0.1216669755,10.797441,101.80748,5.6493802
39628388826089300,0.1567058394,9.4249811,49.489708,3.2821047
39627878031165637,0.1364602729,9.460659,119.72515,3.0480208
39627797458588223,0.3666262717,10.180621,227.10284,4.1752777
39627793117480737,0.1605866479,9.3033571,122.15572,3.3963859
39632941243960078,0.250660843,10.005083,95.867561,4.174798
39633178700284882,0.3274748199,10.208694,65.495049,3.8345978
39627737605867153,0.1682966175,10.116841,164.28807,3.6376944
39633071380629067,0.20035122,10.132137,59.094677,5.2362485
39627908884464367,0.4147974787,10.13908,63.038826,3.9897861
39627855033795601,0.08481699612,8.6850166,139.36208,3.0561035
39628102879416778,0.0604859321,8.3041964,34.4216,2.8599999
39628146437264041,0.1233858757,9.4947786,167.2327,3.6479533
39633085603514509,0.02760010085,9.3853703,310.34976,3.0531936
39633405763129671,0.059058967,8.7602701,163.36206,3.336575
39633482808299217,0.08228776556,8.6705971,61.102531,3.8121688
39628011363897086,0.3581899152,10.258611,113.98242,4.9657874
39633368161190025,0.1265806068,10.073905,185.77524,4.9269915
39628370291458922,0.3154511511,9.5955257,212.54903,3.1117656
39628241404691912,0.220401687,9.9218702,106.45581,4.4726686
39627910834818230,0.02901007644,8.6935568,132.65782,2.8599999
39633215484331976,0.05013949408,10.513595,599.38757,5.9040036
39627660929795329,0.1721634311,9.3801317,97.841057,2.9396994
39627989117305288,0.02561052127,8.6758299,315.35751,2.8599999
39628216914150337,0.3709650808,10.80254,148.17662,3.5631452
39627897270436559,0.05300294588,9.8941278,293.5961,3.8269546
39633090238221823,0.3089464801,10.208825,69.889465,4.5569501
39627639383659691,0.3141975418,10.158634,187.07594,4.4620919
39632941407535744,0.3140863893,10.665169,67.86692,4.1876607
39627589261723439,0.3854778216,10.215356,62.824081,3.3840489
39627926999664765,0.192038227,9.1869678,109.69054,3.0847867
39627576854971496,0.1700911805,10.412469,170.7717,3.7285261
39627682589183111,0.05800403094,8.8662319,65.479019,3.064806
39632980800439525,0.0656778274,9.248765,67.290024,3.8296783
39627585621066186,0.08719600744,9.0381708,62.104252,4.1450973
39633535073520137,0.2998229831,9.7415323,131.32478,3.8969674
39633286330318989,0.2489920007,10.244995,53.362595,4.0186105
39628347025659875,0.1791561144,9.4031315,43.863846,2.8599999
39627660195796543,0.09094802304,9.8753433,84.425095,4.0729671
39633227513597083,0.1353074337,9.8942699,109.99429,4.67206
39627881285944840,0.2793753869,10.307798,101.62423,4.7743039
39627902748198837,0.3227055223,10.643668,133.0414,5.1222806
39627948113791895,0.2976485133,10.081966,95.185486,4.3313961
39633445114086368,0.1213025125,8.6297569,76.929153,2.8599999
39633043320734943,0.1913088063,9.6251411,76.809219,3.7453537
39633462495282889,0.3226672994,9.2034273,153.70227,3.2119339
39627903402511759,0.182499603,10.056295,67.078362,4.2968264
39627787169957667,0.1237428815,9.5272398,66.449066,2.8599999
39627959690070299,0.1477293857,9.4649467,71.623398,3.3378339
39633377912948725,0.4257810566,9.5373993,194.20915,3.4515285
39633217208190349,0.1862222205,9.5848999,77.054596,3.7654054
39627895613688731,0.07294188791,8.8638639,60.147236,2.8599999
39628175889664861,0.05914137598,9.522584,362.81616,3.9759257
39627833072427686,0.4331933508,10.616669,57.866199,4.2317963
39628355934357334,0.2485805106,10.405323,25.725487,4.4770031
39633240545299426,0.1511697763,9.5361757,40.977806,3.5453143
39627732916633936,0.1879431445,9.8882246,109.1486,3.2005227
39627923791023460,0.2361164542,10.781349,63.147331,4.0587435
39628222630988271,0.2309240928,9.5815639,88.272682,3.4992337
39628303862071722,0.1138968303,9.2977476,61.541149,2.8599999
39627748779495692,0.1843770313,9.6682959,80.510895,3.7165117
39627685697159981,0.2760029281,9.9463549,131.37822,4.4792027
39633187919366704,0.09968953293,10.352602,211.98788,4.4803305
39627837065397027,0.2675999303,10.203169,118.63377,4.0235629
39628348212646982,0.1516347689,9.6219635,91.318024,3.7547038
39628117991494266,0.1503947163,9.5116634,86.347229,2.8599999
39633224384645603,0.2739150611,10.139856,84.065514,4.729054
39627897035557675,0.2075583278,9.8819599,887.26855,4.0962543
39627594273917669,0.2183162695,10.575718,174.11092,3.5798581
39627764176784303,0.08652186309,10.390919,549.99518,5.5180254
39633200544222547,0.3411138604,10.283147,34.46307,4.7612433
39627672183118427,0.2411901631,10.262128,114.24214,6.2765603
39633248334121629,0.2317551641,10.402298,60.326038,4.1331596
39627835572225518,0.1036279824,10.035327,49.091579,5.0007381
39632944762981091,0.1514716996,9.1688356,77.744965,3.4723179
39633030972705404,0.1787932171,9.8121128,108.08907,3.8258371
39633368442209821,0.2043906133,9.8815832,70.519241,3.1840742
39627833131140898,0.1100567412,9.5935946,72.327301,4.3843303
39628455691690405,0.06525814878,9.2834759,472.31924,4.102716
39628244898550117,0.3714559567,10.285682,55.358429,4.4527617
39633087243490138,0.2678705067,11.045376,69.513329,4.1980243
39627817427669962,0.1318892821,9.7319775,39.572701,3.2503142
39628507386482342,0.2037803141,9.8807211,63.847561,5.0217524
39628512159600086,0.1420223398,10.251052,84.812897,4.7059789
39633504052448323,0.288657016,9.0549278,420.85776,3.0623868
39627624858780903,0.2201455012,9.8387718,72.856026,3.5100567
39627850751413879,0.1412158454,9.0695896,57.922871,3.0903559
39627824662842058,0.05892924477,8.5097313,576.33246,3.0024738
39627677094642656,0.1294181905,9.760705,118.58231,3.0927496
39627600624092971,0.2697624696,10.460958,105.31283,7.0175471
39633061989584083,0.1957616711,9.810482,32.800003,4.5924225
39632961250788655,0.2138740152,10.009589,90.147545,3.8893452
39627409523213474,0.2610695251,9.6699305,51.886787,4.7476325
39627696824648797,0.3829985808,10.631187,77.175674,4.7617006
39633503461048518,0.1408346377,9.2886677,38.479832,5.1518612
39633263236481715,0.1376884087,9.8883934,65.544868,4.4716964
39633346468252230,0.4891224131,10.337144,45.104664,3.2124538
39633244311784338,0.4478702414,10.271165,89.023476,4.1317892
39632986404030745,0.039158377,7.9222751,405.43332,3.5949695
39628239517257724,0.4623814799,11.143604,48.946159,3.9930599
39628127822941654,0.08351327373,8.9541035,61.152351,2.8599999
39627983954116635,0.3296628375,9.8858356,70.857231,4.0424986
39633236845920425,0.3767315871,10.423873,74.579659,5.0470452
39628379707673640,0.2956119228,10.506351,78.616692,3.590189
39627817574465971,0.1280472037,9.5941362,132.98441,3.6444273
39628518211980767,0.2386390856,10.747085,109.93835,4.8949203
39627768866014426,0.1980251172,10.018203,178.23642,3.8940678
39627914815214180,0.06055810143,9.3240547,56.582012,3.5171394
39627878106665963,0.07423809804,7.773169,313.07388,2.8599999
39628423483624584,0.3140333698,11.377083,134.95651,6.0301089
39627727837337143,0.1420110198,9.5840874,311.44418,2.9991868
39627640994272106,0.03781853348,8.3846102,195.1752,2.9087548
39628319313894916,0.04102121827,8.1947441,68.073044,2.9714429
39627782161958649,0.07178454124,9.7979069,203.12386,2.8599999
39628053118191610,0.1808371279,9.5299196,191.98082,3.4206667
39632950601449520,0.1470053508,8.9811325,214.06148,3.1456769
39627736477599817,0.09551621488,9.0338097,84.812523,3.4724045
39632966669830722,0.1179814867,9.4577627,88.779694,3.3367209
39633196169560771,0.03542478359,8.4325132,48.071945,3.6536911
39628009484849384,0.1033743707,9.3516026,239.86365,3.6463408
39628022684322116,0.3782545226,10.134959,38.193295,3.5066876
39627790953221608,0.0796350488,8.8767872,171.72997,3.3176708
39633024169544945,0.1203521822,10.096358,220.74187,4.4035544
39628225067878114,0.0357620663,8.775548,624.71887,2.8599999
39632986592774923,0.1730122028,9.8854675,35.500748,3.3303285
39627951020441977,0.1608305569,9.8317842,141.6293,2.9577217
39627664666923692,0.10742237,9.1782236,72.770668,2.9465015
39627985619255913,0.2302957963,10.27084,42.509388,3.7519786
39628195074416157,0.119971787,9.1191092,226.72914,2.8599999
39627857089006943,0.05702547165,8.6735392,90.983604,2.8599999
39633213252962725,0.05104511595,9.1786642,136.93887,3.4074273
39633039273233558,0.3715517668,10.479444,123.86967,3.5429924
39628322623198772,0.2545415689,9.5553885,72.517235,3.5658097
39633472100239484,0.1987811908,10.121085,150.02829,4.6979752
39627746199998179,0.07502951508,9.0286684,55.595921,2.9156954
39633059074539659,0.1249731805,9.3307133,34.309338,2.8599999
39627694584891120,0.1558009883,9.7106199,110.73607,3.5807912
39627977398420610,0.1201822901,8.9235582,76.293007,3.1996663
39628488562442447,0.224165456,9.9913263,80.309631,3.5219738
39633368127637331,0.3007125747,10.856846,126.76305,5.1151419
39633091194522690,0.3324325929,9.9773331,44.905975,3.1426642
39628193186972488,0.1383313443,10.107885,476.42642,3.9274809
39627739380058195,0.1682348807,9.4515276,74.976074,3.7973821
39633408409733957,0.1171124929,8.9600325,56.808655,2.9702432
39628481675397960,0.1922601522,10.283666,82.041504,4.4937296
39627736972534646,0.2760306164,10.431495,57.972828,3.9004202
39633401312970595,0.1381685628,9.5380945,96.927475,3.0777035
39627636753826597,0.1175349183,9.390234,91.97216,2.8599999
39627950391300104,0.238987901,9.6893139,107.48553,4.6850982
39632951327066768,0.1347640295,9.7093496,111.5646,3.0333991
39627767708385540,0.2166269935,9.5854959,60.380802,3.6319141
39627776067635656,0.2534434313,10.419974,122.16925,4.343626
39633251463071914,0.03798166864,9.8281183,255.79932,4.3889151
39627651509392980,0.05901377195,9.9686413,123.73631,5.5377922
39627708585479594,0.3167706003,10.518325,95.406357,4.5093756
39627983169784006,0.1552498605,10.142138,87.143951,5.0551329
39628123364394177,0.256903463,9.9882326,136.93216,3.333467
39633333059060663,0.2623559486,10.029451,93.37561,3.1988118
39627709411754891,0.3316974592,10.592448,113.75196,4.9693451
39628059095074097,0.1003204381,9.9512205,211.58286,4.5688715
39627809101973952,0.2890370878,9.9017725,64.32534,3.7000153
39633286334513331,0.2010436709,9.5767107,72.889648,3.8044076
39628405565558927,0.3643541332,10.386345,76.621323,4.23985
39628467565758112,0.1981685655,10.364264,60.123367,4.1437173
39628306013752309,0.1465206383,9.1921997,115.98421,3.4548175
39627943684605635,0.111456158,10.625816,168.3326,5.1949248
39633240465606452,0.1807088547,9.5113792,74.778923,3.1537764
39627385749899477,0.1612658775,10.49251,84.001305,3.7195804
39633089835566450,0.1177038278,9.5686502,90.330627,3.7555861
39633283306227543,0.1980431696,9.8919458,31.972969,4.2570195
39633011066537569,0.2639107358,10.634835,88.389519,3.6780529
39627926718647771,0.3235697587,11.093504,83.416512,5.3978872
39627941876861147,0.1420826278,9.5094843,177.51701,4.1903563
39627784359772463,0.10723035,9.1691408,316.22958,3.3826394
39627945756592862,0.2255164356,9.6771984,83.604988,3.4953985
39628170386736352,0.2702977077,10.957542,102.39806,7.0529976
39628467855168256,0.1855159912,10.430041,106.05466,6.3341985
39628281938448336,0.2359283988,9.6090927,34.155682,3.3340948
39633016330391014,0.2468131561,10.199521,435.61642,4.1413331
39627513898469439,0.3341238675,10.197704,55.679798,3.5152352
39627963829852312,0.3111630533,10.632708,111.15762,3.8728609
39633184257738291,0.3313499841,10.321379,78.922798,5.3071713
39628460041178035,0.428108809,10.001896,123.13563,3.5668936
39628457549759938,0.1661449356,9.7481709,84.784233,4.0866466
39632950223963218,0.3601737279,10.565991,176.78877,5.5545101
39627883416654320,0.08752447354,10.565989,240.88461,3.5838003
39633067479924989,0.1958443853,9.4502773,41.994797,2.8599999
39627909542975288,0.2079244009,9.3322306,90.275314,2.9297168
39627938106180398,0.01441394563,8.7114916,57.511875,2.8599999
39627784422689699,0.283293896,10.27587,82.622894,4.6036115
39627800147135237,0.1795320758,9.326088,56.730515,3.3407056
39627809370413613,0.1653019969,10.353119,59.735756,5.7537036
39632980322289880,0.232450611,9.7335014,57.592846,3.0713131
39627945773374073,0.1229277287,9.3150263,114.37035,3.4264269
39627884888854264,0.08250487212,9.2536926,104.73833,2.9328518
39627762708775931,0.3155077753,10.299143,62.546738,4.0867801
39627763828656970,0.1830082638,10.301883,62.024055,3.5851121
39627853431575617,0.3080435812,10.042458,62.575253,2.8599999
39627982788100533,0.1864888632,10.268671,112.22846,5.7583756
39633114607124721,0.1956208334,9.7158709,68.392372,3.6675305
39633526106097982,0.1150901795,9.4101725,120.79912,3.4775083
39628051125898739,0.1393387389,9.2833614,198.26169,3.7591894
39628432182608013,0.1195361602,10.14811,57.30431,2.8599999
39633054502751061,0.1423324301,9.688015,185.849,3.6281221
39627999049422839,0.1407611879,10.070526,97.123489,3.6693785
39627938856962842,0.1161074982,9.3414745,403.29218,3.5810359
39627751677759063,0.2453600114,10.13743,85.631721,3.0678623
39627832556521066,0.08218468125,9.0501547,58.423191,3.8165722
39628036655553109,0.1760265265,9.5067568,592.44598,3.5296345
39627933433725872,0.1240772845,9.4982262,41.223557,3.4543467
39627977629107989,0.1100650385,9.7389374,108.51278,3.5374875
39628462306099658,0.2236375102,9.4204922,86.564102,2.8779335
39627863770530690,0.1971566279,9.8308983,291.75906,3.4530652
39628106029337039,0.06944654949,10.168684,152.2321,4.8115873
39627811710829622,0.3365940164,9.6095858,214.28368,3.4513099
39633271092413108,0.1712621003,9.9581566,78.001534,6.0276866
39633371067844701,0.2917583941,10.693073,108.52791,6.0893397
39628187658883659,0.09133787337,8.841011,44.51812,2.9575574
39633529788695102,0.1325280081,9.9930372,52.168667,4.1275296
39633011473388688,0.1180391769,9.2309189,93.73497,3.8111701
39627473905781841,0.08369050117,9.1162863,51.924786,3.4656241
39628410728745176,0.1830311617,10.426946,68.822701,4.5677156
39633191228672562,0.2515751659,10.188209,92.130341,4.1511679
39627362635092148,0.03104813228,7.5708094,35.386402,2.8599999
39627697462183757,0.1418467995,9.894207,105.50475,3.9417429
39628105991590831,0.2706151797,9.4278994,117.54195,3.3126431
39627515597162396,0.03167567137,9.0788879,67.708794,2.8599999
39628085208814202,0.1309789925,9.49191,262.71628,3.0593743
39627802604996001,0.2509510415,10.64998,105.54883,4.9885206
39627776243794392,0.1255016956,9.5305882,58.684513,3.6346707
39627576376821701,0.2668920127,10.390817,217.12497,4.6899223
39627657528216802,0.2753623819,10.429632,178.60899,4.3317995
39628335491321287,0.2854119291,9.862545,50.334827,3.7436168
39633047838004633,0.0893321043,8.9671383,128.92075,2.9019504
39627607276257425,0.06834779788,9.5493355,83.863914,3.4012568
39627817645768986,0.1783941335,9.8351545,112.00282,3.8425283
39627851191818719,0.06220800809,8.8537464,76.875656,2.8599999
39627769394498725,0.08596508823,9.9517527,71.082153,3.7744429
39633511052739743,0.2665431616,10.126798,78.57991,3.2421944
39633371747320563,0.07679841399,9.3681221,108.69058,3.1313248
39627806438589389,0.1873206614,9.7953739,49.487099,3.5806227
39633527657988836,0.1030769066,9.3003635,54.290459,3.0734222
39633540610000695,0.1162265802,9.3791466,91.564651,3.5025122
39628108894048528,0.449359318,10.5056,85.177132,6.5127373
39633188443653421,0.1152222291,9.841814,134.60814,3.7113678
39633256261356627,0.1665565312,9.5314798,45.312031,2.9966309
39627797521504412,0.02925230245,6.3060222,572.36072,2.8599999
39627778470975142,0.3851680171,10.595272,54.515671,4.4722323
39627639748562238,0.2350919898,9.7738543,46.26384,3.3353214
39627526095505079,0.1608442461,9.0807629,277.18805,3.0376647
39628399718696350,0.1684593633,9.6982241,54.89822,5.1626825
39627902622368205,0.1626105786,9.7310829,150.74713,3.2057722
39627706605767897,0.08182418194,8.4726496,178.09373,3.0328748
39627625353707597,0.1051299402,9.0017443,468.2023,2.9290938
39627709118157582,0.0629264001,8.2501173,83.727882,3.131053
39627630093274796,0.140659864,9.4143162,90.083603,3.5938864
39627648883755900,0.4510634491,10.201339,92.036026,3.868577
39627673021976696,0.1379248598,9.9446621,99.671112,3.1306829
39633071296741867,0.1801821286,9.7439299,35.79081,3.5129607
39627866127731060,0.2024844559,10.183187,57.99258,5.321661
39633368568040268,0.318955268,9.8695173,86.093788,3.6248949
39628127856495417,0.07273081459,9.3068466,521.41467,3.503144
39627729980627520,0.1483682167,9.9652939,126.8439,3.6916935
39633170802410515,0.1647503289,9.6956415,60.503567,4.0355501
39633410712406667,0.2479260971,10.280079,120.97702,4.1472793
39627748968242604,0.1368373019,9.6145191,96.504799,3.6698437
39633524730366527,0.4097031156,10.536152,44.299583,2.9928582
39628517901599171,0.1118791162,10.249966,182.2173,3.4246485
39627696623325922,0.439624479,10.499909,62.464569,3.1904695
39627923912660230,0.05865695258,9.6023655,146.89642,3.4562256
39628357884708634,0.1481044631,10.020758,50.818047,2.8599999
39633440546490470,0.1139477049,8.4113531,52.143574,2.8599999
39627842052424413,0.2457397679,9.9413881,141.65054,4.5238857
39627615933305645,0.3420423114,10.588633,140.72749,5.8297873
39627609402774407,0.1528209549,9.881176,229.8358,5.7655339
39633455792784105,0.1671374241,9.4964819,57.518829,3.8806679
39628153253007897,0.05091282244,8.4248199,51.460052,3.1749558
39627929843401453,0.1240909936,9.5366993,94.887733,3.4791791
39627826541895265,0.2807319422,10.460518,31.078875,3.9792917
39627850952736973,0.2833801598,9.6852779,93.037323,3.4872458
39628512419645625,0.1510280536,9.0691996,76.777817,3.3197198
39633243351286707,0.143728151,9.8894663,165.29897,4.7089534
39627806094658880,0.08140331142,9.9805222,504.70328,4.4888749
39627819029890101,0.05572734498,9.3912163,270.10587,4.599679
39627830715222312,0.004870986162,6.7284575,454.69604,3.4791522
39633503515574306,0.04957703972,8.5751038,149.64793,3.3050857
39633308023262540,0.2099660361,10.355089,269.40106,4.2767425
39628147506808364,0.08507891573,9.223403,59.942436,2.8858986
39627597373509121,0.08776827649,10.235127,128.46548,3.3126509
39628396069656847,0.0923759722,10.302527,529.51697,4.7270412
39627607309816136,0.3217836384,10.193775,97.5,4.064168
39628423286490513,0.1468067776,9.5783281,52.319862,2.8599999
39627803213173516,0.1192677608,9.418128,148.37286,3.3620954
39627865339204165,0.2007870624,9.6982431,234.91312,3.520205
39633109431354427,0.2311300534,9.8437567,41.913284,3.2960649
39627812683908264,0.09918381625,10.24029,165.29012,4.6707783
39627606571615325,0.3983876038,10.443944,81.4161,4.2582641
39627700477894775,0.05330632359,9.6873331,87.229851,3.3854568
39633170819189171,0.2569621925,9.9188051,95.133087,3.8928783
39633262666058637,0.2658457885,10.28642,104.04704,6.5913262
39633544498120695,0.2388591761,10.15023,44.340321,4.2325521
39627764017400927,0.08774421885,9.342411,292.70029,3.2380652
39628251592658441,0.1823653309,9.9626207,136.36104,4.1766772
39627902198747682,0.3288206534,10.045894,222.6506,3.6621146
39633507391113312,0.1440487071,9.417964,84.88694,3.3025792
39627731255693715,0.3404144335,10.070191,105.91508,4.0312781
39627754320172538,0.07596977835,8.609127,90.263077,2.8599999
39628130016563939,0.1340747226,9.7953758,80.691124,5.3149047
39633489561128929,0.1247006957,9.1074829,46.650398,2.8791647
39627649600981766,0.1385665137,9.1613197,77.613892,2.9500101
39628053244021688,0.2994070819,10.163633,49.59201,2.8599999
39627862755508358,0.2294721266,9.9769182,124.86895,5.0501051
39627851745462878,0.3969866756,10.696596,54.183369,6.3685589
39633049201148370,0.132023062,10.361345,93.454544,3.371619
39633390936262605,0.24360681,11.065645,334.85922,4.7674994
39628410607110211,0.07388218767,8.914485,130.30048,3.4010525
39627618579909827,0.2069438981,10.354606,186.04027,5.6010571
39627883953522677,0.2215145135,9.5514584,79.452652,3.6629746
39628011389059362,0.2655389259,10.989946,27.406498,3.1087198
39633149965111342,0.1575151054,9.3669739,222.64613,3.6278121
39627682492718159,0.2108827729,9.9400263,51.90509,3.5336151
39633260740872986,0.1871235112,9.7223253,88.62912,3.2978206
39628216960291231,0.1315354446,9.6279812,102.79455,3.7969377
39633369323015761,0.2963483149,10.172116,119.37796,3.789613
39633517969146032,0.3437010289,10.581658,184.17143,3.9249678
39633296665085379,0.2275224775,10.320661,132.60835,4.3242974
39628517813521988,0.3128275964,10.271278,109.62756,4.7379055
39633489456268755,0.3417399347,10.119222,29.328632,3.6478956
39627703418095366,0.4025993829,10.548135,63.458626,4.7558784
39633130440627527,0.04988278019,8.1967468,53.422691,2.8599999
39627968166756664,0.2505385492,9.5629873,42.78019,3.9447262
39633194865133542,0.1660431291,10.519358,123.72882,4.987638
39627826554471472,0.1819790602,9.5672035,85.263947,3.3965838
39633005962068800,0.4161286125,10.609732,48.835472,4.566731
39633430090091233,0.2399504271,9.5557508,52.620464,3.8487544
39633353208498334,0.266979059,10.099373,152.11563,4.5167751
39627922872469998,0.08911914403,9.0917969,100.24136,3.0921996
39627701165755027,0.1182481805,8.9693642,53.763916,3.3768017
39632975544978107,0.3788355267,10.70111,117.65162,4.660924
39633300926499402,0.2913464753,10.21416,32.280663,4.4525509
39628029374235573,0.2570216463,9.3369455,143.89191,3.5049388
39627743628888160,0.2089394592,9.4009027,130.85728,3.6353152
39627757247792098,0.2124867462,9.8063898,210.92751,3.3191803
39627985594090738,0.2209459423,10.071447,64.440422,3.6872466
39632929885785598,0.0739209316,8.4974804,51.942665,3.0575891
39627600720561511,0.2596421579,9.6482544,31.231115,3.4024251
39627825203905182,0.08440528343,9.6733732,90.147163,3.7556131
39628528408336388,0.2497169622,10.268862,331.64987,4.7288909
39627874767998013,0.09653214867,9.022521,82.509087,2.9698184
39627729825435868,0.1295895116,9.4187422,67.415833,3.1362014
39633328692790164,0.273245631,10.611532,143.36041,5.4705334
39633514412376691,0.1595142516,9.3206491,83.930244,3.7039249
39633503653988081,0.1702733477,9.7002993,90.084579,4.2821474
39633044721632353,0.2600207039,10.519913,164.07877,5.0559402
39628019651841610,0.2200192512,9.9833393,65.669075,5.3990831
39628268436980080,0.09087004691,9.2359009,67.467834,4.0418439
39633278633772128,0.3998224423,10.518948,43.476818,4.8685288
39627757482674290,0.2579195294,10.315212,128.56531,3.6537452
39627975372570941,0.2605546829,9.9388428,201.28864,3.7434518
39627968879791925,0.04029670988,8.163291,72.227951,3.1702945
39627467773708413,0.05622179319,8.1181145,112.6636,2.8599999
39628512608390879,0.1106255872,9.841382,83.976707,4.8147893
39633268290620072,0.1700003425,10.072154,113.53999,3.4522886
39627717515149446,0.2541670607,9.7330694,73.76606,4.334662
39627727552122970,0.1798774093,9.688426,134.75693,3.6870852
39632994733919795,0.1905508015,9.7011175,94.070847,4.099719
39627939486109169,0.105708627,9.6778126,76.034714,4.0945411
39633157061872861,0.1587478488,9.8397293,142.48126,5.9643292
39627774880648999,0.4513450614,10.64015,90.956726,4.5360212
39627664373318950,0.4894028788,10.026008,78.98008,3.93241
39633001218310573,0.1669528861,9.7107401,108.43245,3.9143016
39628181384202327,0.3326568617,9.9283323,67.307121,3.6126571
39633105585179815,0.1548702666,10.020826,74.183083,3.1974847
39627826525115606,0.2526923927,9.2596235,654.95477,3.1085546
39633319364660834,0.1054072596,9.1621418,67.630135,3.0845459
39627830367093824,0.2695493739,10.104917,130.60313,3.7811296
39628004875306499,0.3584239788,10.215242,113.84568,4.1536183
39628337236152849,0.1991869593,10.847322,118.97195,4.348052
39627848784286243,0.2900729408,9.936635,123.98378,3.0466697
39627706991643972,0.1896405409,9.5708008,269.13135,3.6212852
39627631401895954,0.05840109541,9.3889217,110.64681,3.9864991
39627951171442587,0.01513380536,7.6269503,69.464622,2.8599999
39632975003913891,0.2530084615,10.266785,61.736771,4.4840546
39633034672081485,0.1825461863,9.6978874,98.175797,4.0764956
39633500332098000,0.3594913128,10.41583,80.020859,4.3407335
39627582919935547,0.199974273,9.9381113,129.09447,4.4252524
39627736444046961,0.03758091432,7.994319,59.298889,3.5247295
39627949892175341,0.09110884047,9.7506504,70.269905,3.7906957
39633244383086198,0.3435515614,9.9005661,78.585449,3.7055242
39627844267026436,0.2908380734,10.154882,133.64497,4.754519
39633407881252135,0.3252953495,10.543379,58.488342,4.7465544
39627803192199618,0.3861784523,10.284141,29.049706,3.8323834
39633104251388869,0.1969827131,9.1851559,63.215153,2.8599999
39627678638149275,0.04588429829,9.0601835,85.488167,3.3860009
39627673017778364,0.1259671029,9.0465231,262.99582,3.1587472
39633329602956644,0.1779910129,10.105466,456.39209,3.9425919
39627763459557663,0.2310603761,10.968675,382.47873,4.5753546
39628369280635560,0.3528119737,10.567868,63.713596,5.744504
39627334650693985,0.2153233233,9.8383856,50.85463,3.1550331
39633531323813283,0.07290540379,9.3228722,58.420174,4.1028495
39633271025305593,0.2853523586,10.193963,46.919014,3.4459667
39628023196029559,0.2238111539,10.164651,67.827194,5.0077209
39628455062540249,0.06972897196,8.9989843,50.476284,3.9586675
39632946520392271,0.1314916033,9.5095816,86.946167,3.507329
39633224653082016,0.2220082686,9.2384768,100.63388,3.1541588
39632946067408472,0.08379028908,9.0672817,219.09848,3.4256439
39633182588404746,0.1486696864,9.2257433,46.018135,4.5535178
39633321344370354,0.08103251814,9.8561211,136.03328,3.6842411
39627642864930597,0.1576000867,9.9524879,149.02379,4.3027606
39627496752152827,0.175233483,9.6450624,184.92548,2.8800311
39628377996399837,0.282203875,10.249861,60.054783,4.5857143
39632946805606484,0.201292554,9.6347322,83.225449,3.177371
39628357851154741,0.06294685386,8.5790739,32.006851,2.8599999
39633421856671473,0.1953225329,9.6568413,78.048386,2.8599999
39633179249739382,0.008628301585,8.7535381,266.02536,3.469605
39628439384228727,0.05014365061,8.4668865,45.604813,2.8599999
39627950869449731,0.09694754021,10.596624,134.67224,4.5009785
39627891243224268,0.03332569894,8.6192665,119.97428,2.8903415
39627848129972176,0.2108688668,9.5898685,55.150288,5.1553855
39627799631236806,0.3055139942,10.428646,95.724495,7.4131918
39628143098596011,0.3551863998,10.493372,88.931541,4.1684008
39627702797336889,0.01182276125,6.8402677,244.242,2.8599999
39627866958201304,0.1483891251,10.122042,100.79038,4.1334395
39633307226344658,0.2863503138,10.513615,60.356552,5.8348284
39627899950597790,0.2097320719,9.7870512,55.646564,3.4143074
39628374729035603,0.1664847471,9.5900202,53.090092,3.1443994
39633432661199001,0.1755638089,9.4775448,131.21547,3.3429098
39627683193163788,0.2776902338,10.297519,63.325222,4.218307
39633470615456972,0.09404804355,9.1511698,99.771317,3.8063152
39628483869018671,0.2721800099,10.566322,256.93414,5.6875954
39627745113672036,0.2198821094,10.498025,116.5586,3.3201573
39628379896414285,0.09556204765,8.8636017,137.29845,3.3304808
39633021246115781,0.02460714056,8.8189707,144.48633,2.8599999
39627895617881705,0.3443662417,10.071206,96.946129,4.3484073
39627968858819132,0.092498538,9.8204899,549.37891,4.8494968
39628205715358299,0.4877932301,10.86263,67.043678,5.7671962
39633020616969573,0.1808854372,9.6876602,56.097206,4.5375619
39627859295208005,0.05125238389,8.5158749,112.33706,3.4460487
39627949627937206,0.1467295694,9.2452164,64.313324,3.8260045
39633123046066474,0.226047372,9.7589436,74.847984,3.9849861
39628015944078282,0.2902300376,9.9878769,124.15305,4.5652761
39632991793711012,0.2496479172,9.8274612,126.64632,3.6002038
39627915092038270,0.3731224483,10.152909,96.560265,4.1465764
39628217224533522,0.1115755234,9.4583521,59.818554,3.2245126
39627841549110397,0.1920411935,9.566493,225.24115,3.8488696
39627927087745320,0.239042252,10.147511,162.6891,3.7307229
39627964974891971,0.2549582356,10.864407,222.90454,5.4660931
39627696329724785,0.1729281965,9.8180523,156.7462,3.6907001
39628017613410508,0.223832662,9.8432522,220.89711,3.5049512
39633010181540151,0.228043326,9.5878916,82.254044,3.1085978
39627940891198142,0.2786763465,9.8011045,77.684006,3.8111968
39627783927762956,0.2391088905,10.314354,124.65137,3.890049
39628444685833094,0.2664796991,10.491241,131.96194,3.4213204
39627639345909737,0.2198647399,9.5904636,90.422531,3.3172524
39633162208282788,0.3028281896,9.8915596,42.110394,4.5984435
39633166570360025,0.3616677479,10.446483,77.87114,4.3093853
39627995324877117,0.1657905173,9.6260614,72.561226,3.7281249
39627800059058151,0.359914955,10.170556,43.704277,4.4213576
39627707423655188,0.1587312505,9.1492004,189.94867,3.4999795
39627466746102165,0.2953230913,10.077453,90.485069,4.0449924
39627935472157285,0.03946823728,8.4021711,49.131443,2.8599999
39627756949999663,0.3365135167,9.5535507,129.0914,3.5392005
39633200930099900,0.2529018849,10.248427,121.868,4.4900966
39628518413311555,0.2897158596,10.137407,66.285393,4.0096025
39628093953933773,0.1507232722,9.8516722,176.33687,4.3987513
39627836507557795,0.07178577623,9.5734253,236.15298,3.5686131
39633542153504509,0.1833900612,9.791626,33.376984,3.1776912
39633461316684247,0.08780347321,9.3241491,70.423721,2.8744702
39627943990789917,0.1985309523,9.4859591,57.717392,4.8218527
39627733298319548,0.2606286085,10.125937,66.58429,3.466727
39627994939004316,0.2113131837,9.6118345,380.30707,3.5644884
39633153756761217,0.1643884449,9.4092169,50.11935,3.1035552
39628268428592544,0.1431762259,10.113933,110.29208,5.9765382
39627809601096647,0.04168029977,10.617249,336.5885,5.0155249
39628054334540101,0.1075876163,10.095451,202.422,5.2184029
39627678554263046,0.1661218414,9.5298805,49.135742,4.9556532
39633020642133253,0.1008142374,9.0501862,150.78859,3.14079
39627642709741916,0.2272005651,10.183805,148.72446,4.8399005
39628512906185781,0.2672630334,10.19837,62.618046,3.9815049
39632971560390377,0.2522825236,10.294043,73.539131,3.5799475
39628250867045199,0.1878652427,10.274323,136.4649,4.7699113
39627890106565131,0.0661834897,10.095204,140.03726,3.4909456
39627775014866150,0.4596661294,10.941564,180.67532,4.3675776
39628527082930207,0.1852377743,9.4223824,41.892868,3.7878921
39627856585688712,0.05111018274,10.687448,99.854622,5.5313993
39627929973426650,0.4089383495,10.675437,63.199799,6.5507798
39628324695184063,0.09763352586,9.3705626,128.03038,4.092227
39627904983766602,0.2503876823,10.18768,100.51833,4.4805565
39627585683983978,0.1830485594,9.753418,111.4865,3.9270303
39633068813716327,0.3242499936,9.9632492,59.963219,4.0730639
39627503723090991,0.1499118471,9.6272259,41.281044,3.2664495
39633101051137690,0.3588928216,11.090083,264.32983,3.6932888
39628060487582067,0.02740528081,8.822237,92.303551,3.4539511
39636395064559848,0.3831585849,9.7729454,97.872986,3.7505238
39628046579275201,0.3953720734,9.9785242,92.852562,4.1709614
39627775845336453,0.1687285042,9.9666452,59.413502,3.5287628
39627616533090872,0.1356557991,9.8874168,220.02669,3.5405293
39627854408846999,0.0809277151,9.7162714,36.301697,3.6998456
39632977138811987,0.1894295301,9.3679256,53.967701,2.8917241
39628519675790858,0.1378798327,9.4379873,85.854912,3.553323
39628391187482905,0.1778157232,9.9593182,122.90784,5.2503924
39627673856642288,0.3101035916,9.8671989,63.116837,3.0571361
39633236518766844,0.153666555,9.8581848,71.269958,3.6996882
39627621192961533,0.08075155744,10.482636,170.61514,4.8673778
39633421936362322,0.03676688911,8.8496342,67.977394,2.9885039
39633497370922331,0.1783610797,9.8241415,97.180412,3.687664
39627636820935546,0.2240365671,9.4751244,40.127266,3.6919491
39627961749473166,0.1963629691,10.151078,108.96075,3.7451274
39627811341733658,0.2177356519,9.9256344,139.62317,4.042346
39627586959052640,0.1294858026,10.829268,122.67463,7.9541354
39628040631747995,0.4304222406,10.920845,65.464218,4.647778
39633419650468534,0.03491951192,8.8560162,68.30574,2.8599999
39633402030196648,0.05680268321,9.9527922,90.653755,2.889987
39628380173243527,0.1044674539,9.7085657,75.557892,2.8599999
39633491637306530,0.06334502064,10.057694,164.57678,3.2546554
39627740030177041,0.2674250754,9.8939781,76.130447,3.950974
39628445998650483,0.1000246529,9.3006477,44.541206,3.49192
39633292797938466,0.2211679917,10.234388,66.412621,4.3796034
39627878421236158,0.2968984079,10.226974,75.600853,4.0770941
39627719465504042,0.2136710339,9.5694532,53.82465,2.8599999
39628432073559015,0.2145647415,9.7656898,32.123581,3.9249246
39633109964033054,0.2156417071,10.464735,126.18625,3.790132
39628106377463494,0.1049546889,8.819808,48.866123,2.8599999
39627956972160904,0.1817349409,9.6619949,63.499542,3.8869617
39633030595217869,0.3849680416,10.17609,63.815689,5.2350988
39627811878605158,0.1332107704,8.8662233,39.055759,2.8599999
39627673273633106,0.2505232512,9.8018064,66.915268,6.6408882
39627823815592654,0.1840848597,10.176295,190.03851,4.5981855
39633001679686829,0.1201443006,10.214191,220.83775,4.7578597
39627939414803636,0.3066758478,9.8587952,154.76419,4.8830104
39633501451977952,0.03782795993,9.5058384,66.645615,4.1297998
39627961611063040,0.1100616529,9.9881916,117.82471,2.8599999
39627661156288631,0.2706891701,10.656126,110.51862,5.4262943
39627727803782246,0.2367272784,10.087785,60.185867,4.5357518
39633491704417872,0.2317660541,9.4991617,54.302956,3.8178544
39633145707889401,0.4686928352,10.659534,52.704544,4.9925346
39627362899332744,0.1582838925,9.7660961,174.15553,3.9550011
39627944779321293,0.2792753488,10.145741,325.78708,4.0494828
39633063872823422,0.02946400278,7.9108295,619.71143,3.4202974
39633038388235364,0.2276051524,10.147838,67.737686,3.792979
39628483227287610,0.2734376835,9.7433414,97.939804,3.4703791
39633290604318343,0.2462684362,9.8360052,64.869652,4.0920072
39627811840854065,0.1777124653,10.514116,193.07533,3.6961687
39628438964798762,0.1762577985,10.082137,184.28517,3.9301782
39627927402319819,0.03352059556,8.3107958,97.387436,3.4167862
39628502277821204,0.1982134047,10.24668,218.92853,4.4449115
39627717473212786,0.2029462305,9.9564953,64.124321,3.5066607
39633455734065062,0.1265058249,9.612484,59.852703,2.9438298
39628512914572485,0.1665492118,9.2973948,79.608391,3.0038722
39633228893521112,0.1396674165,9.5113039,65.181633,3.3042622
39628172269978105,0.1484187857,9.4763613,92.236259,3.4199674
39627726771983992,0.1967399986,10.263456,95.436562,4.0252533
39627606789721412,0.09721869566,8.7559948,58.969585,3.3799162
39628159242472685,0.2127333895,10.666546,135.98256,7.0520449
39627726973308014,0.2373064299,9.770978,89.96315,4.2709541
39627606424814648,0.04874150703,8.8063126,335.41547,2.8599999
39632960843941113,0.3150762708,10.016841,141.81023,4.9877048
39627881223032393,0.03388365683,9.1873579,355.45786,2.9416554
39627803167034547,0.04285193619,8.3980513,71.914597,2.9772866
39627890156899131,0.405786379,11.36806,47.074295,3.1967223
39633000354284363,0.2434100418,10.490509,155.37309,4.19102
39627730211314083,0.193217851,10.133565,105.51198,5.3823805
39627721273248797,0.1775386991,9.4333773,233.63277,3.8219628
39628177844210587,0.192649536,10.749351,73.973564,5.722208
39633326281067011,0.3166716133,10.401032,39.858284,5.5395989
39627634442766748,0.1223646646,10.15188,69.793938,4.8354964
39632986156565630,0.2524726743,7.941514,959.41547,3.0839186
39627806451177338,0.1705640324,9.5476904,49.089558,3.9653256
39632966254594645,0.114732914,9.1788025,144.1899,3.1840792
39627415340719309,0.1595281783,9.2951803,205.14676,3.3558235
39627902815309100,0.1460168951,10.303956,111.44125,5.3323536
39627772116603586,0.1500756009,9.5222979,46.321121,3.6018975
39627751006668275,0.3663004658,10.623751,242.50206,5.1784663
39627839661677716,0.1608250701,9.2222357,114.3391,2.9512358
39627797412446334,0.1939401612,9.5250196,35.511955,2.8599999
39627496299169098,0.3186165209,10.806255,174.49995,5.2082844
39628502500116803,0.2192400294,10.224401,112.24961,3.653321
39633533634874383,0.1489989474,9.0673513,74.326279,2.8599999
39627903708693760,0.2449253655,10.006483,37.638931,2.9367318
39628469763576120,0.4548087927,11.028215,105.20734,4.2974291
39627652511829138,0.2666621762,10.783904,120.40963,4.3308864
39627869814529191,0.09280968036,9.1364145,41.517887,2.8599999
39627881722157895,0.3807224453,10.718105,124.26905,4.2839541
39627791418791451,0.2035501028,10.59994,103.33227,5.0842953
39627782170346649,0.1017788521,9.3291016,113.37405,2.8599999
39628512449005311,0.2852246937,10.089606,133.20154,4.1425686
39628279442836270,0.2392829246,9.9692421,57.050396,3.6310911
39628390692556156,0.2587443499,10.30745,57.470444,4.962956
39628421944314752,0.1512951133,10.203458,256.09381,3.6948249
39633401774342498,0.0309975033,8.5996246,53.068413,2.8599999
39627946805168219,0.07728778783,8.6341963,121.19424,2.8599999
39627725215893631,0.1536668071,9.5297461,76.28907,3.1920168
39627618395361346,0.1673490804,9.0800018,68.564812,2.8599999
39633236158056925,0.306395529,10.922609,108.86139,5.5273638
39628460599018431,0.1166684631,9.342432,45.480671,3.1230364
39633216495158263,0.01634587373,7.0447521,3209.6243,3.3940799
39627694811385809,0.3038763029,10.113358,147.71695,3.0118961
39633289975170652,0.3078101253,9.6529493,111.70972,3.5018966
39628205472088685,0.2500232819,9.9812717,78.362083,3.4501235
39627818635628070,0.3491691319,10.118704,230.72072,3.8062172
39628004913056896,0.2354366556,9.7861681,60.823215,4.255322
39627869168602409,0.2913786825,9.8670301,62.166927,4.0022473
39628474528306431,0.07979072128,7.5964713,187.33311,3.0516143
39627775262330497,0.07484310521,9.9804564,298.36893,4.1843543
39627788667328308,0.1420217727,9.1987314,53.742908,2.9840488
39627792987459593,0.2401240946,10.01037,138.75821,3.5205297
39627778370313013,0.136461865,9.3988686,80.694794,3.5407202
39632999670614413,0.1274123833,9.2055368,124.71837,3.1234338
39627811794715816,0.192297432,10.310065,196.33099,4.3553662
39633252071247478,0.2414024998,9.6991224,224.85533,3.5723047
39627654277628444,0.2240971339,10.825263,207.89502,6.176033
39628007731626823,0.05743349925,10.813528,463.02969,5.4437609
39627836339786282,0.08121706127,9.6553812,159.2057,2.8599999
39628290889090175,0.1352559676,8.8856812,113.83215,2.8599999
39633368219912855,0.1247717967,9.0965528,51.513641,2.8599999
39633020545664233,0.3545346861,10.032318,128.34172,4.451726
39633509781867414,0.1795714409,9.7653351,53.325905,5.2708554
39627929088430729,0.289498274,10.079152,56.160614,3.8675613
39628493696270862,0.03116867355,9.0170689,796.70416,3.4892471
39628272534816121,0.3498070732,10.109542,32.577332,4.4286075
39627943592333316,0.1825130362,10.697269,41.033947,3.9916959
39633175684579895,0.06701426928,9.689991,303.71649,3.7753017
39633212745449854,0.1161402573,9.5711918,80.603264,4.031497
39628011548444954,0.1391578319,9.3083324,164.60921,3.8779986
39636762217152616,0.3982786606,10.22716,63.818649,4.0370097
39627866010291677,0.3064531038,10.38455,77.01133,4.6229582
39628035535674486,0.1423937097,9.385376,62.570797,3.2045343
39628241396304363,0.1195463948,9.358552,199.54842,3.3008158
39628253060662335,0.3193053782,10.452609,79.758064,4.3045859
39627779838316595,0.4000089584,11.023416,58.296001,5.4710908
39627721696871223,0.2779833162,10.204973,177.00446,4.1494188
39627919877736224,0.2142068067,10.087074,73.364815,5.4711123
39627935073702630,0.3643590741,10.249639,124.48634,4.0397124
39627968745572437,0.06904481886,9.7737913,225.55725,3.1342843
39627977201291244,0.3989049789,10.620589,139.09517,3.4930418
39627802961512873,0.04480201379,9.0478449,605.50696,3.4592109
39627803653574419,0.08978072433,8.3512316,196.30507,2.9402952
39628374783565135,0.113080991,9.1393757,109.55722,3.1971695
39633358782727156,0.1054487981,9.5621204,80.9851,3.9855609
39633149214328579,0.2612995459,9.4753809,225.78188,3.3447855
39628522603417755,0.1674715704,10.413462,305.21539,3.9222069
39628123834156077,0.1026131039,10.105936,177.74466,4.0826602
39627987011769522,0.1550895289,9.6820307,63.23082,4.499074
39633122525970798,0.3233157943,10.021649,79.696297,3.5563376
39633370933627297,0.198776862,10.369141,65.55159,5.1578469
39627623097172959,0.3021108878,10.593576,123.46037,6.0891871
39627823610072520,0.05076916308,9.0819397,167.74905,2.9672666
39628498817516297,0.1268410966,9.3482685,65.159241,3.0421474
39628469352530866,0.09829541082,9.1812162,79.17395,2.895035
39627708660976505,0.3135649967,10.254201,123.04803,3.8981037
39633255833535455,0.347338014,10.262118,114.40465,3.9495082
39628493847269989,0.215457336,9.6712751,45.999664,3.598388
39633126481201525,0.2106899387,9.6514587,89.932999,3.8491714
39627945593014667,0.1662416219,9.8442879,114.9212,3.74598
39628222752624953,0.3281042738,10.637978,147.0881,4.1917729
39627766030670333,0.1382701801,10.301067,415.00012,4.9924731
39628053332099347,0.1366216798,9.2908649,227.02748,3.5632076
39627968955286297,0.2192779155,9.9715166,94.828392,4.2866883
39628412775565644,0.1901597804,9.7492971,109.68478,3.6870475
39637325877088528,0.3151226053,10.361087,121.1255,3.4732437
39633339426016636,0.06548932497,8.6736555,34.307079,3.7362373
39633514508847660,0.3145979525,10.471183,85.680618,4.1673989
39627815154359265,0.4233516938,10.140899,93.133408,3.9584506
39632951801024447,0.09706119065,9.8269949,70.924652,4.1804638
39633103538358241,0.06750065233,9.1747389,122.67546,3.5567861
39633232668394011,0.2489217659,9.70012,77.900948,3.3246012
39628276343248096,0.1724759293,9.5745535,45.431393,3.9576025
39627577278595706,0.05945966212,10.036931,328.51117,4.6620512
39628363366666600,0.1716215894,10.154437,53.226574,4.5792527
39627833210836762,0.390008878,10.169747,110.97561,3.8233716
39633335512729187,0.1819872712,9.5481243,49.594273,4.0561848
39633390101596616,0.06959336864,9.5373211,335.254,3.231534
39628435814877305,0.1108646101,9.485589,297.83282,4.1553516
39627606441592663,0.1479187875,9.5594597,115.5651,3.7003939
39627711672487910,0.3406331815,9.8952723,47.50919,3.8799732
39633061976999708,0.2069940716,9.1075239,59.560368,2.8599999
39627592969489422,0.1871628079,10.215167,191.31815,4.1853862
39633212036613266,0.2783839157,9.798831,82.422943,3.2304468
39628444870382793,0.3002097249,10.144603,44.361988,3.085973
39633523040059774,0.1517038682,8.6327782,158.19177,2.8599999
39627848524236780,0.078721967,11.046753,428.65353,5.4328785
39633203836750808,0.3288012508,10.401723,152.17992,4.5586205
39627739052903863,0.3324860152,10.219412,64.428329,3.2062457
39627766802418688,0.4242981215,10.557822,96.770348,3.9415722
39633220370696020,0.1194540864,9.4997873,157.38693,3.3321693
39627749526082937,0.2129834459,9.1978483,87.012024,3.8963532
39627945593015091,0.0466854932,8.5876608,62.796528,3.4627342
39632950102330251,0.0492128345,10.187391,212.50136,5.5325885
39627582496312216,0.2087563135,9.1017694,689.513,3.3028884
39627814076418062,0.1991899844,9.4015999,72.566895,3.2325895
39627824482487974,0.07227820705,10.397224,122.75813,3.9920447
39627901770924618,0.2888610306,10.076991,83.290276,3.6276522
39627398018240325,0.1987648158,10.107042,58.947277,3.3561413
39627773127430127,0.2181605689,9.759306,66.601913,4.755899
39627850545889730,0.2880422258,10.488079,58.653915,3.4807904
39628311495708988,0.1478361193,9.4092674,51.652256,2.8599999
39627551261327646,0.2213592893,10.298059,201.9077,4.8216553
39632969941386789,0.1397482715,9.7044554,171.19875,5.0643606
39627862776480967,0.1460890401,10.233164,113.96239,3.953088
39633000341703729,0.3053137433,10.218004,211.84512,4.0511112
39627869420259456,0.1006392418,9.6290064,60.891041,3.9136531
39633081946079532,0.1661490252,9.4612579,73.366142,2.963088
39633300075053944,0.03105424155,8.8309231,54.18063,3.4684708
39627727510177213,0.06048847701,9.1155329,115.3942,4.1218686
39628168801291173,0.06269657994,8.7557755,44.39484,3.5629869
39628511547228667,0.3047311016,10.6495,88.532936,4.4269433
39633068163600378,0.08002710866,9.0383711,49.495121,2.8599999
39627565454853169,0.218454961,9.6233931,58.036133,3.3582127
39628444824243934,0.1897692995,9.9102936,134.9184,3.6369011
39627889703913708,0.4542310964,10.769829,84.769028,4.2892141
39627684636000762,0.1689208996,9.105876,57.0215,2.8599999
39633469906617786,0.1518388447,9.5618935,87.583893,3.8503382
39627957156708675,0.2291144369,9.7261009,234.07285,3.338017
39627603262314885,0.4022594994,10.120706,83.336021,3.9306779
39628028732508967,0.2005574217,10.155946,116.24979,3.8789287
39633396149784144,0.2745888605,10.142466,89.156342,4.0731158
39627908943188667,0.004377268491,7.0966892,354.14798,3.3809283
39627633822008764,0.1393131453,8.8328762,54.851864,2.9426913
39627900151928695,0.1791328845,10.594061,73.96257,4.5895524
39627597402868869,0.1256000246,10.07947,219.60254,4.8215356
39636689034940649,0.2103517568,9.3382635,71.381592,2.8599999
39627679728666474,0.1166886902,9.3537121,166.71309,3.1658518
39627787711026460,0.1273762916,10.026666,132.33653,3.9708815
39627881604714224,0.2803438389,9.9679956,65.378563,4.3200383
39633085720956678,0.02725232002,9.5853739,139.41464,4.4431314
39627862772289900,0.2753092748,9.1928091,58.174881,3.3344567
39633038618920090,0.1517868623,9.878026,91.427193,3.2864473
39633025318782881,0.163092271,10.235897,133.66049,3.3689559
39627983207534696,0.1920280603,9.9987192,171.31929,3.5901062
39627763648302987,0.07542410717,8.9564486,128.4023,3.2640646
39628443272349676,0.02059538895,6.9269304,150.98665,2.8599999
39632946121936085,0.0896728344,9.2791586,129.48848,4.8287797
39633371403390163,0.09392026485,10.209637,52.967251,4.2446527
39627875535559505,0.2683874688,9.9381361,65.618904,2.9889579
39628287055496924,0.2247540005,10.329957,53.856262,4.7195945
39633010512888140,0.2237603204,10.302765,160.89981,5.1688037
39627462354669117,0.02949181217,6.3089576,631.29657,2.8599999
39627467396221686,0.07790907552,9.0901985,70.738823,3.2930932
39627756643812386,0.2298064339,9.6996288,50.115715,3.2919462
39628527703687328,0.3523013681,10.487591,96.056473,4.1052527
39627899589891613,0.1841593011,10.215633,66.959633,5.6796069
39633162774513780,0.2763006578,9.82761,52.730354,3.4286375
39627609650237020,0.108241704,9.234128,106.43859,3.3370092
39633244236284942,0.2728574601,10.018972,117.64881,3.983711
39628106637513064,0.2381785878,9.515007,53.802841,2.8599999
39627737018669231,0.05760993784,8.763052,94.212898,2.8599999
39627748292952399,0.1059841138,10.083585,73.179962,4.7562804
39628372455719156,0.1431818861,10.284661,374.13208,4.0266876
39627728013492512,0.1307364668,9.370595,118.84486,3.4994593
39632951515807772,0.0685036015,8.8354797,231.39233,2.8599999
39627678768171501,0.06776795326,9.0991344,51.058983,3.1369281
39627597386093120,0.2836622047,10.330028,165.05298,5.1394072
39627911984058265,0.1385778815,10.780671,134.59767,4.3550763
39627875636224813,0.2664408892,10.355702,57.842949,3.2386553
39627873497121593,0.2852721951,9.9623556,53.717278,3.5990214
39627687265832188,0.2024022366,9.8650217,91.321213,3.3911564
39627818920839429,0.2312692969,10.270749,74.834915,3.8785291
39627818094561171,0.1717281451,8.9944391,216.46317,3.3013449
39633358866613624,0.2943204153,10.101089,100.40997,5.5115891
39633205107624239,0.09336224019,9.5879755,131.83502,3.8748925
39633378743420052,0.110662762,10.282248,84.604958,3.9691033
39627963171340498,0.05824334466,9.3928766,211.81052,5.2230649
39632956725137916,0.2003321919,9.384059,33.521812,3.4010391
39633005886572925,0.0797106472,8.788887,121.53441,3.1401491
39627727904443140,0.02980803752,9.4498835,701.3974,3.2372174
39633082239682339,0.2005740523,9.9798307,103.51545,3.6177948
39633485589119861,0.2103102835,10.091928,50.405716,2.8990154
39628411802484890,0.09611483712,8.8003178,52.114746,3.2936106
39627794497410549,0.3217092585,11.222239,66.074348,4.2988639
39628159309582516,0.069940068,8.7858963,164.97285,3.3382072
39633443184706061,0.2162175448,9.7589264,59.615208,3.3824568
39627709092989335,0.1055388159,9.7512083,168.63293,4.484405
39628502319761126,0.3778363844,10.773005,86.686203,4.9737072
39628374456403313,0.2868032569,9.2994633,83.862267,3.3904502
39627920234254546,0.06248811914,8.7550945,679.34088,3.2077236
39628296958255225,0.1019588195,9.7721529,65.443169,3.4844408
39628435282202293,0.2657671901,9.8142519,82.303009,3.1947129
39627823266137611,0.4633330608,10.43492,58.394203,4.2668381
39628326880412668,0.2264069713,10.160137,105.27776,4.8613877
39627926110474609,0.2279698376,10.343973,85.507843,4.4674549
39633278616994159,0.09031062206,8.6526098,50.422565,3.4362209
39633293586467518,0.1903976905,10.49057,155.41016,4.0082626
39628007815514857,0.3991452888,10.489957,196.60376,4.7171907
39628195883910761,0.1313857566,9.4363937,82.629601,4.0870495
39628171934435128,0.1423744398,9.1443415,92.401016,3.3232718
39628005282156921,0.1366424198,10.517929,139.79117,4.5595345
39633266793254703,0.06883697205,8.9031305,48.103092,4.1472435
39632972059512482,0.2247152132,10.002345,101.2056,4.8613377
39628469293811840,0.2364257545,10.386401,181.90457,3.9846442
39633140595033429,0.09551908442,9.2791748,171.27019,3.6631589
39627809542377730,0.06745214947,8.8008471,369.99448,3.0589898
39628379938361693,0.3805865773,10.073731,321.46747,4.053092
39627926194358457,0.1234511784,9.731595,84.127693,5.108458
39628491234218910,0.1647532002,9.623353,96.285568,4.1449485
39633103563524570,0.1114204267,9.2896404,80.653221,3.6196246
39633529230855814,0.2851219419,10.279343,186.28769,3.9383383
39633482820878505,0.2222603703,10.365247,92.79747,3.8977575
39627507867063688,0.08626634249,9.1374264,48.101292,3.0867929
39628005638672331,0.4122097194,9.9214382,75.266556,3.6259067
39628483088879609,0.1497194891,9.5937996,35.000202,2.8599999
39627908980933477,0.3881601486,10.805421,109.87247,4.650589
39633248367676290,0.2648148669,10.216155,69.936691,3.7067988
39628419381596268,0.1028724591,8.9208651,223.03879,2.9152887
39628002027372862,0.270108192,9.9086504,50.44978,6.1869335
39628178230087116,0.1456891362,9.5679846,88.309898,3.6228931
39633529205689812,0.1338777416,9.3777828,53.710239,4.0594535
39627927574287607,0.06155211154,9.4538584,75.337975,2.8767159
39627799115338314,0.2195322734,10.155991,32.178726,4.5897665
39627963418804375,0.4397077582,10.23725,73.340813,3.5335691
39628153076843835,0.4394372155,10.566236,150.26244,4.8348012
39633478517524239,0.1954614153,9.7044678,37.705528,3.486161
39627949955092412,0.2290319349,10.383124,218.83388,3.5714982
39627874868660882,0.05930368838,9.538331,251.72635,3.9401159
39628495655012205,0.04851296386,8.4252758,129.11441,2.8807402
39628016946517876,0.1069869633,9.2734556,99.747765,3.3432689
39628433990357587,0.0648074619,9.0647774,115.03478,3.6845632
39627700633081573,0.141380912,9.7919121,86.877029,3.8588428
39627746376158372,0.2420005992,9.2505236,96.768417,3.1870773
39627839565204919,0.3002538933,10.029923,53.543236,3.92977
39628440793516240,0.1216158637,9.9443655,72.072853,3.9041297
39628106234858872,0.03421383405,8.1399069,66.807648,2.8599999
39627690751297514,0.03823208524,9.2951231,252.26418,2.8599999
39627782300373540,0.2922349148,11.038507,53.454536,7.1159382
39633000039711952,0.1420544574,9.4208899,56.620399,3.804915
39627893306821720,0.08740783406,10.386073,105.49445,4.9324584
39627628558159407,0.05439909292,9.5457954,402.80362,4.1323943
39628242251942838,0.3993302837,10.345888,134.56393,4.5063486
39627790970003457,0.1933294908,10.077329,149.79102,4.0936475
39628476155695600,0.133249003,9.4334135,81.927361,3.1868732
39633131908629178,0.2183168202,9.8855419,58.96756,3.9386525
39627835576423039,0.3922226115,10.167389,118.04742,3.8650014
39627444721816404,0.2223539597,10.327302,128.70628,5.4593992
39627979973722304,0.1834101696,8.6851482,400.75705,3.0941916
39628314767261931,0.07107531115,9.0765657,49.688198,2.9630859
39633409953235712,0.04064244124,9.7495089,598.57483,4.201797
39633248107629281,0.1689482132,10.257836,71.035591,4.8822408
39628009858139200,0.2028801872,10.037703,90.034988,3.2728555
39627815502482656,0.4438606985,10.617021,168.64377,6.1487517
39633426755619984,0.09836772063,9.1960897,65.711716,3.5313003
39627903452845030,0.0571198592,9.0590277,1611.4569,3.815968
39632946184851086,0.06546677391,8.7402983,449.27914,2.8599999
39627787039933953,0.07054870181,8.6378498,91.08992,2.8599999
39633507336588266,0.1546676976,9.4489365,138.11362,2.8599999
39627782136794640,0.09061549141,9.3041964,71.018303,3.4312766
39628394500982147,0.1047590243,9.7664604,125.46999,3.1680689
39627363331345798,0.1556840081,9.9473019,120.98266,5.4108691
39627497129641374,0.1043818975,8.9578381,114.01556,3.7036436
39633170177460086,0.1043748556,9.4730854,202.47739,3.4758623
39627800029695795,0.3529548728,10.144146,98.432716,4.2748165
39627634824449166,0.04288226436,6.955431,543.76215,3.2311974
39628016808102867,0.1715849538,9.2609053,71.514389,2.8599999
39627615107030366,0.1302361302,10.212,232.16083,3.9610622
39627841863681078,0.1220791625,9.2043056,106.7832,3.94364
39633519521039620,0.232165141,10.358294,352.55859,3.3049328
39628281087006386,0.2783368915,10.80234,203.88837,4.6107664
39627873128023258,0.1437133424,9.788125,64.799973,4.2739606
39633204369427838,0.2606558191,9.3757753,40.432838,3.2161157
39627860549308831,0.3661816825,10.077367,375.75613,3.7563596
39627619230027780,0.230933533,9.6301289,170.07982,3.5406585
39628228402349410,0.1493993178,9.7360106,62.094063,3.5215833
39633005232260024,0.156712414,10.847717,237.75806,5.6430893
39627462027510297,0.09036778274,8.9486647,103.68369,3.2596805
39627696937894243,0.1765567728,9.8192892,113.75229,3.6341779
39633315048721104,0.2870594993,10.341606,94.832504,5.6206093
39627887124418872,0.3198340282,10.163743,164.2276,4.8022308
39627735638740829,0.08602137454,9.5989838,228.24146,3.6596091
39628125365076074,0.1081617433,9.5899019,133.05486,3.8252692
39633179400734092,0.390704683,10.530497,66.634163,3.5706422
39628418249131612,0.2367874066,9.7775307,40.965832,4.0085382
39628193186976313,0.1121049165,10.207812,107.26276,4.2373013
39628094402725968,0.2786921561,10.376674,105.24116,4.3491254
39633474033812855,0.2849058768,10.198615,191.41364,4.0528312
39628000999774377,0.04339392578,8.1086788,40.003922,2.8599999
39628211453167773,0.1041461808,8.8497801,175.61813,3.4063926
39627941105112266,0.4174467783,10.534558,84.737747,4.3008299
39627663819672901,0.02195596079,7.7559667,39.923161,2.8599999
39633095124583284,0.1334796117,9.8235846,141.00941,3.7634346
39627832975951475,0.2152373699,10.153243,109.79765,3.5500035
39627916975280669,0.1520705439,9.5762768,39.737469,3.0409818
39628005554782700,0.03130605306,8.5107365,172.61641,3.0437536
39627835362509792,0.2810255412,10.246434,160.19376,4.733036
39627738557978539,0.1914755723,9.5656557,145.90982,4.425436
39627867386024940,0.03306788499,8.5307894,118.07871,3.2025447
39627782006772395,0.09576377758,9.7647781,83.88372,3.2128544
39627756983551402,0.3656722191,10.254447,65.804565,5.3520999
39627969450218211,0.07395923847,9.6545715,218.0127,3.9175391
39633381666850271,0.3504682039,9.5517645,99.987686,3.1026838
39632946113545045,0.2726456456,10.515979,75.154823,4.7879839
39627550955148373,0.1432412523,9.8608751,72.487984,4.2158422
39627929038098314,0.07522283439,8.0739126,365.32086,2.8599999
39627903041798907,0.2142690922,9.6107845,67.689812,3.4050307
39633154419459074,0.2349979947,10.195387,76.547012,5.6932058
39628124241003754,0.08172321789,8.7713337,50.863087,3.4485095
39633445785174285,0.4009687038,8.7649298,279.40375,3.0789661
39628264695661259,0.1876485243,9.763958,55.232128,3.8292162
39627773462971953,0.3163651197,10.436833,63.208385,4.863328
39627601265822031,0.136539929,9.8891706,165.88881,3.5233564
39627646614636458,0.2318874576,10.346299,193.51369,3.9655616
39627693762807437,0.3513557078,10.870986,59.439186,4.138072
39627867100811105,0.1863002654,9.4770222,509.10269,3.1366038
39628287709810986,0.3011491872,10.183316,54.329929,3.584805
39633292575643353,0.3925516986,10.992487,100.65099,4.9408073
39627567854000313,0.1898712319,10.572275,72.323784,3.8939705
39628330164554075,0.3222633822,10.581348,83.124893,4.3201027
39627799853537188,0.1712312836,9.7181921,81.460762,4.0801053
39627677153365519,0.1948001886,9.4343672,79.90522,4.6533003
39633039331951063,0.151411651,9.9916172,101.62691,3.8417146
39628528223781057,0.1286520416,10.433276,220.88734,5.249701
39628004942416951,0.2003261889,9.9007025,62.208244,4.4407005
39628326028971798,0.1851286915,10.368762,141.51083,4.1799173
39628402994448433,0.3413969686,10.246012,66.55201,5.7726555
39633152427166829,0.2013808056,9.4289112,53.77253,4.0093102
39628088501341641,0.3400842433,9.3046036,34.284927,4.5064149
39627715124396622,0.06210608598,9.1984777,220.54044,3.1083345
39627667426771970,0.112299662,9.7785339,93.773811,3.8454123
39628370257906147,0.1683971306,9.4780865,30.411543,2.8599999
39628388834477662,0.3290888302,10.094988,56.350071,4.0926843
39628467347653591,0.1768184016,9.1349087,94.903313,2.8886852
39628454169153000,0.03139589397,7.7247338,330.37036,2.8599999
39627671218424590,0.01533085217,6.6835561,52.336613,4.1683273
39627751837140963,0.08437090571,8.569294,77.530548,3.6493263
39633227794615646,0.1946261471,10.08805,67.205872,4.5364347
39627843105194505,0.3053025946,10.558658,115.65481,4.6890979
39627717921997094,0.2102349598,9.9339237,56.070889,3.2278802
39627869097297054,0.1251642059,9.9534378,152.12077,3.6075768
39627803645183065,0.2837694855,10.645537,64.914154,4.4656401
39628076853760289,0.1794146822,9.6553993,132.50424,3.5470138
39628405200655323,0.1194075502,9.7675619,80.767197,3.565953
39627595246995401,0.0681012758,7.9897118,66.733612,3.8674841
39633278629578205,0.2022568907,9.6371298,136.51375,4.2005014
39632991445583483,0.2340294943,9.8014545,38.235325,2.8599999
39627723466872527,0.2053102823,9.5705147,192.46063,2.9071734
39628205744723239,0.1185329973,10.106519,132.53551,3.6434782
39627705372641216,0.1117866317,9.5671549,155.21725,3.0931644
39627818044228922,0.1603758294,9.4694061,86.107368,2.9104812
39627927024831704,0.05493487166,9.1410465,248.01466,3.565629
39633548054891895,0.3404729687,10.127089,125.14735,4.1360645
39627836377535585,0.06892520481,9.6724625,96.085243,2.8599999
39627926748005240,0.1931790236,9.8447351,65.238914,3.1649427
39627860897431779,0.03135335029,8.353673,87.265945,2.8599999
39627964891005715,0.1638063112,8.3079376,2496.5959,3.3502655
39628346937574621,0.1895614321,9.2956524,57.394367,3.4079247
39627970955973729,0.1135759484,9.1274481,73.285034,2.9387062
39628118276703470,0.1313588256,10.425816,123.47213,5.3559532
39628421407447091,0.1459126769,10.133356,44.38784,3.9326458
39633152909508757,0.2206749464,11.12355,311.45047,6.737164
39627744660685579,0.2189479958,9.8790693,66.250732,3.7538645
39633308245557587,0.2002247945,9.5155277,53.345917,3.1175745
39633241220582668,0.2556946755,9.3075275,98.222137,3.2108798
39628408765812016,0.1504884978,9.6433649,57.085125,3.5516527
39633011045566690,0.2683553933,9.7360306,56.772675,3.2638834
39628082532846456,0.07320512708,9.0918484,72.580429,3.4777203
39633157259002044,0.430543599,10.089097,143.25958,3.4159644
39627784548519480,0.06868146384,9.6471663,169.42639,4.1381078
39633095703399297,0.08663821413,9.4175749,33.530605,3.1670105
39627752109769478,0.2023779513,9.9549475,192.49509,4.5806913
39627661705746825,0.1078374721,8.8167868,30.656197,2.8599999
39633244655716034,0.1689691394,9.2375154,129.52811,2.8599999
39627871613879698,0.2985898879,10.17457,84.895851,5.4620328
39627545297028032,0.09257924527,10.133922,47.879009,3.7932768
39633153660290118,0.09054594871,9.9721222,68.730865,4.4528251
39633410754347227,0.2332085881,10.514598,41.848274,4.5709376
39627758275399433,0.2925912779,10.1181,402.14548,3.7561882
39628319024483482,0.04994278577,9.0491295,273.13034,3.5175722
39633279422300498,0.2997861888,10.319325,37.871647,4.5902972
39627636107905455,0.04002397017,7.6415877,108.13735,2.8599999
39627931965719389,0.01886909905,7.7659669,201.81459,2.8599999
39633095124584610,0.1042611442,9.1369143,240.04028,3.4493296
39632991755961508,0.1126620883,9.7001333,48.522549,3.6505744
39633474096726407,0.2755314975,9.7544422,111.04837,3.3545835
39628353824620706,0.1146280725,9.3978148,197.27077,3.0482249
39628098492174899,0.1105275963,9.260829,133.97386,3.8070736
39627645477981259,0.3021111316,10.24464,63.01553,5.5349741
39627829599537602,0.07766469931,9.2575312,216.9386,3.5198154
39628228805002147,0.2268157931,9.8124475,77.529099,3.3987799
39627933601498371,0.0965839551,9.2720747,46.511929,4.6062808
39628131107079332,0.3984153061,10.477676,111.35932,3.7964244
39627651526166683,0.1011702066,9.5551147,57.173748,3.1580722
39627687840452100,0.2916958224,10.132227,65.792137,3.748903
39628184320214558,0.2513049981,9.8259468,84.964333,3.9194083
39628401476110144,0.225568696,9.6552458,95.50161,3.4328713
39627914861349679,0.1719823413,9.2481575,75.147804,3.7346866
39627935962892764,0.3450033303,10.740484,216.88165,5.3306918
39628241912204934,0.348613039,10.40274,89.043297,3.7190773
39627724154732964,0.113869619,9.6844473,167.30542,3.4604974
39628164875425712,0.1271381194,9.1933289,110.38984,3.497174
39627851384750629,0.09343329151,9.6373348,127.02297,4.832715
39628187835039982,0.1727380647,10.062559,135.40987,3.1134188
39627794417714773,0.1508655987,10.275244,434.52359,3.789032
39627980082776536,0.09953508079,9.4378414,82.913353,3.9505699
39633424511666542,0.05504963709,8.9616432,536.41345,2.8599999
39627727761837450,0.1021883536,9.4105215,337.86151,3.6862001
39627673038755021,0.03801046201,9.2365818,265.28354,3.4431117
39627817448640844,0.1724198501,9.8873587,160.05594,3.4082441
39627902978887629,0.239938093,9.6262693,70.778412,2.9096625
39632996180953279,0.2667395541,9.6558666,49.535973,3.8489695
39633345813939576,0.09785802444,8.5782871,138.51715,3.176085
39628289043599167,0.3587591515,10.231314,44.671066,3.4600699
39627877511069750,0.1174312957,9.9489021,237.72937,3.83846
39633080599708312,0.1783944874,9.4781685,40.107849,2.8599999
39627856438888977,0.137532222,10.976503,478.57516,4.9136291
39628058948276817,0.1885992974,9.5664635,59.421738,3.7874172
39628513002657048,0.3187263947,10.828966,85.332848,3.7951415
39627974814732612,0.06143362066,9.0681496,100.74313,2.8599999
39628286757705902,0.1778071305,10.193193,46.95274,3.6018722
39627485482059529,0.2114505056,10.901192,178.96838,5.3434362
39628403007035151,0.06947964023,9.3926754,156.00575,3.121675
39627926827702089,0.1831876662,9.1166735,266.47821,4.2179685
39627879444645970,0.2058527765,10.425788,161.64888,5.3372569
39627940991862366,0.2429069356,9.8491898,73.605209,3.9332204
39627760011839158,0.130963376,8.7207279,104.38658,2.8599999
39627896897144645,0.02434826693,8.8116188,107.33063,3.5857668
39627751124108100,0.4630620175,10.337362,118.37839,4.3735285
39633264444441144,0.2635674686,10.227821,205.70012,4.8374867
39633341594471047,0.226976469,9.5886564,40.197254,3.9796491
39627415449764314,0.06971738377,10.233757,2973.5198,3.3928423
39633354923968966,0.135895942,9.1444883,135.25069,3.1099937
39627785328656662,0.2173881687,9.6515741,132.49309,3.3931344
39633071376436910,0.1199915344,9.4126501,38.373219,3.1402144
39627981135547370,0.3019387817,9.9055405,182.80847,3.3950908
39627806069492065,0.2637891351,9.5350103,143.63939,4.2024665
39628129852987743,0.1561212015,9.3643675,58.698154,3.0447574
39628010868968270,0.1238631154,9.7328548,257.13675,3.5778332
39627472693628825,0.07009114522,10.042338,120.98751,3.8861556
39627697353134202,0.09708023244,9.6038446,1488.4026,3.806911
39628053378242011,0.1794079753,10.532113,326.14258,5.026268
39627871458692519,0.02691849118,7.3494091,245.38347,2.9412668
39627859936940355,0.2226512022,9.9848871,253.54761,3.9394832
39627871592909127,0.1021836838,10.070642,319.6481,3.5490386
39627642726514997,0.1145076527,8.8322306,49.855694,3.9912415
39627669737833211,0.3785860626,10.544044,73.249138,4.3851252
39628053147551153,0.1573193692,9.6706085,61.05415,4.2543011
39627823744287632,0.3029238098,9.8230753,54.094162,3.7171109
39628094578888334,0.4068092044,10.241576,52.553051,4.005548
39627667066064049,0.08509144088,10.25625,224.11069,5.8171353
39633220551052744,0.2593253943,10.120051,106.40968,3.7893474
39627752122356911,0.05234928908,8.9858561,138.27336,3.3736463
39627908037216762,0.3998894618,10.577846,51.468376,3.5997753
39633044553862676,0.1638362943,9.9241791,58.355518,6.074017
39627503450463194,0.1675166099,9.8834238,129.34785,4.4698682
39628363685431842,0.128455272,8.8374853,41.718716,2.973696
39633300930692227,0.1484251618,9.4985828,93.112137,2.8599999
39628448112580010,0.01574756377,8.8288116,689.30896,3.9028425
39627556651009278,0.1904126508,10.050493,121.77971,5.911499
39627691833431590,0.4429411622,10.158181,66.800896,4.8839808
39628476369602988,0.1745026419,9.742548,63.592392,3.2970822
39627618881898714,0.2107292797,9.9996929,108.94532,4.1950603
39627721684291078,0.2527459643,9.8306665,93.853561,2.8599999
39627592931738740,0.2617048733,9.4992256,55.189777,3.4239964
39627873190939113,0.03831853171,8.6794405,117.3416,3.2220175
39633462918908507,0.2932985636,9.8450699,31.211969,4.1958227
39628317933963559,0.1735586999,9.6680412,61.2994,3.551769
39627701048317096,0.06731456108,8.9859438,47.689289,3.4156265
39627997753380712,0.2349042537,10.123083,162.3423,3.9364915
39628285256139831,0.0185555629,7.9371085,1129.9663,2.8599999
39627872696012717,0.02339907557,10.407703,238.14336,5.0552554
39627798943370318,0.2160440916,9.757267,93.707489,3.5924582
39628490944809594,0.3382746263,10.353874,64.12368,4.2484021
39627774788371414,0.2210004024,10.026095,58.873005,4.0717139
39627853439964460,0.1068381131,9.5752974,107.31551,2.8599999
39632961112378622,0.04985117898,8.4015131,89.203926,3.8211899
39633485043860054,0.07747199258,9.9019508,189.67943,4.2313118
39627745545687201,0.1032230853,9.4177618,184.15141,3.2518413
39628408606429399,0.02500888844,8.9763746,55.209488,2.8599999
39632962181927895,0.37568395,10.735881,148.70143,5.4250088
39627678889809028,0.05411741799,8.3888121,60.67297,3.369004
39627766030664164,0.160131712,10.787818,248.21718,5.3649774
39627777900550043,0.1483112252,9.249958,71.125397,3.4929459
39633049268257419,0.2392462762,9.913537,59.033443,3.0642219
39632986613746210,0.2069565366,10.044086,100.27799,4.3033619
39628176363621489,0.1492759114,9.588171,109.48913,3.105597
39627878094082401,0.1396729064,9.8001652,88.787689,3.5833604
39627865733468573,0.3743321811,11.145091,55.799526,7.0077453
39628094545332624,0.3982135009,10.298867,60.104763,4.326067
39627386622315716,0.235998428,10.562783,85.491966,4.4995537
39627929352670930,0.3733893737,10.548351,59.0396,3.8862109
39627753800076732,0.08427435131,8.7691774,80.430687,3.0406656
39627667057673473,0.1844029982,10.142892,103.84673,5.2436113
39628517993876720,0.03190380288,9.2773342,54.563953,3.5967548
39628029462317633,0.4001230766,11.264116,61.947136,4.1386013
39628159255052979,0.227966301,10.313193,66.894402,5.4544048
39633285441127168,0.246367432,9.8633146,50.319523,3.6024375
39627989889058996,0.201059548,9.551795,450.4299,3.4792886
39627739241645512,0.1637110726,9.0381985,145.68904,3.0980358
39628432660762019,0.140907813,9.9996262,138.67093,4.7205281
39627727409518131,0.1135237241,9.5668774,66.096741,4.0188532
39627697973890080,0.05213243537,8.8249512,60.568333,3.5787914
39628030766747625,0.2256126389,9.9671497,33.914776,4.2923236
39633435978892693,0.3282342996,9.5830469,55.984077,3.9981978
39627794426106131,0.05490576454,8.7512493,1705.6345,3.2304008
39627793142647997,0.4084126188,9.9766712,68.872124,3.6108589
39628031697883623,0.1194285531,10.555148,117.19737,5.2292843
39628137255931856,0.0633974601,9.7686672,683.77222,4.3189993
39633278709268721,0.09269858537,9.117341,57.188503,3.2310724
39627959987865683,0.4693284547,10.577451,76.750366,3.8368187
39628016548058192,0.1608133613,9.6715727,101.50484,3.3966029
39633039982068001,0.2258714613,10.061562,93.078926,4.2708817
39627579711293153,0.2154698253,10.2536,246.8741,4.1709213
39628455708462627,0.3132778334,10.362971,42.216927,4.0231485
39627621574640928,0.302442083,10.381645,209.60577,3.9619887
39633260044617400,0.2704091431,9.741045,46.816898,2.9021137
39627745604404213,0.04012150076,8.2533712,531.36969,2.9670775
39627892946109082,0.1380602937,9.7815275,112.74516,3.4863884
39633201064314613,0.2260514282,9.7023563,83.317589,3.6807122
39633096047330447,0.1478046827,9.0412531,64.672897,3.0252795
39627897035556787,0.2237953532,9.4296408,66.788651,3.4430883
39627734158151872,0.09529733734,9.2110186,123.3398,2.8599999
39627964907787542,0.2430960164,9.9580221,75.684448,3.360332
39633495751919827,0.06556063638,8.5505981,108.21543,3.6471174
39628275479217018,0.3977164981,10.02444,135.51414,3.5722096
39628391070041717,0.301724198,9.9339781,40.746231,4.3690395
39633319112999842,0.3100144298,10.752029,26.429636,5.3964686
39628491011918797,0.09331186287,9.4045725,935.5968,3.550164
39627779909616215,0.09785151515,9.101923,100.57784,3.4485881
39627959874622258,0.1677115857,9.4559555,146.84796,4.0201073
39627769369335315,0.2247175349,9.5880632,48.926395,3.5635252
39633432099164217,0.05343389515,8.8951616,279.05667,2.9929383
39627679766417103,0.2027865459,10.026861,44.232994,3.3755
39628292369682572,0.102318526,8.8316364,52.904182,2.8885736
39633474402913466,0.03322648505,9.9018259,60.138088,3.9385912
39633416148224989,0.2503711927,10.6031,191.91789,6.366363
39633489221388083,0.2218940993,9.2150192,80.249878,2.8599999
39627860905824524,0.1336960862,9.4063015,226.49443,3.0475276
39632941457868820,0.1165845538,9.3344584,66.938065,3.2445796
39628480400326871,0.2552326355,10.287656,160.68504,3.3117526
39628368982841893,0.1939907233,9.9663076,76.577431,3.8692083
39628454823466133,0.1653453473,9.5190763,84.886559,3.3291447
39633540790356537,0.2761373499,9.9735842,45.504978,3.586885
39628437467437747,0.06849505261,9.1449833,111.61571,2.9843113
39628131081913110,0.1327898498,9.8559504,132.70953,3.5927482
39627884947573553,0.06287550092,8.5462341,63.752838,3.016089
39627581179301528,0.3158986328,10.227489,119.89259,3.159359
39628146567286011,0.02212168607,7.6842904,51.809429,2.8599999
39627826202155331,0.1464867543,9.9135027,69.244324,3.1485407
39636671477585976,0.1611878341,9.5380964,101.91484,3.6553502
39628187172344108,0.1540491822,9.2588854,85.637756,4.8384466
39633175873324127,0.125143545,9.4568491,74.342697,4.3031301
39627676486474764,0.1342024197,9.2511244,227.43477,3.9374683
39627827074567878,0.04428345753,9.0271006,569.3266,3.7466319
39633024777716252,0.2600381949,9.9731903,84.569733,4.7638655
39628070881070688,0.07048327515,9.4369411,176.11107,4.4520068
39627763581194605,0.2677117816,10.763979,159.62587,4.1926746
39633377199916072,0.3575961817,10.640402,217.58928,3.7974923
39632930317797559,0.05892104799,10.029385,290.48761,3.2040474
39628133690773395,0.1041557341,8.1505327,215.28169,3.0150638
39627994729284065,0.1880180009,9.7246017,62.979145,4.3220301
39627749245059358,0.2288897901,9.6830578,73.900864,2.9889216
39627845726638294,0.2114124772,9.7014561,73.498085,4.0340843
39633271096609550,0.08917296008,9.483777,34.79031,2.8599999
39633196224088117,0.1410278529,9.8617144,55.351269,3.7820284
39633368148610398,0.3607708742,10.798422,91.528175,6.1949224
39628160853083123,0.4449376874,9.9725075,47.353928,3.8766983
39628290968783899,0.01618205756,7.5116405,543.91254,2.9020045
39627699584502807,0.1274375479,9.1634369,132.30171,3.5222039
39633123088010177,0.1492699298,9.8821039,156.69537,3.5588205
39628335172551380,0.3158329694,10.430411,59.423565,4.9049683
39628096093033213,0.1838472497,11.079336,290.1315,5.6147532
39633535190958455,0.1822826575,10.335705,280.21167,4.0641432
39633054003627720,0.2454890493,9.9757948,186.5403,4.0315771
39633244177565846,0.07182647922,10.096058,140.44968,4.8271208
39627717489984413,0.3559720132,10.202347,103.92738,3.9751656
39632931211185528,0.1030621991,9.7058277,487.98688,3.5521038
39636832903760953,0.1879581788,9.6726036,93.213005,3.5941484
39628455247089550,0.03345754516,9.3718395,150.16005,4.2404928
39628062979003950,0.3097877637,10.081181,378.87177,3.76472
39627503584678781,0.1411898383,9.6829662,80.501907,3.6768937
39627747701559445,0.1291500914,8.8561029,235.67883,3.3329592
39632946629444935,0.05921601029,9.1711826,50.049091,3.8387654
39627743670833821,0.0485479682,8.5717459,27.48377,2.8599999
39628428663593501,0.2193658843,9.5903292,44.766212,3.1458938
39633311567448467,0.2316944911,10.402029,88.807251,5.3080597
39627685596497997,0.3170463483,9.7741451,102.71841,3.8342948
39627633746512203,0.2974429861,10.588362,223.00336,3.9078758
39633131153654243,0.121213217,10.03639,145.57523,4.6909804
39627763233064631,0.05040334684,9.1304302,370.70032,3.2102573
39628127952965482,0.2759372976,9.5791645,56.989887,3.7341869
39628076828591746,0.2051074578,9.8325653,64.727379,2.8599999
39627642470663098,0.3728730168,10.544652,131.53841,5.5010991
39627809089393229,0.2890705765,10.139706,120.0946,4.4446692
39627778370310756,0.1454579758,9.4886217,52.089764,2.8599999
39633063973489982,0.278310476,9.8305531,78.316208,3.3217924
39628107530900759,0.2852166343,9.7186928,85.786705,3.5460641
39628519789039594,0.2933603657,10.170411,50.327644,3.6546752
39633162342500720,0.2117344295,9.5432425,58.769119,3.6187644
39633482976068992,0.2118969774,10.144297,37.149509,4.5537291
39627984105114107,0.1871985222,9.8092051,113.95577,3.281698
39627809508819704,0.08282191611,9.9699821,665.06927,3.7764542
39628357712741428,0.2193787935,9.9460859,35.709564,5.1050367
39627794212195788,0.2364827063,10.326392,133.54134,4.1275811
39627703543925898,0.296763794,10.302123,72.027985,3.7273948
39628383650319244,0.06718796642,8.7390146,175.01987,2.8969676
39628094796990892,0.128172346,9.1998024,93.687828,3.6215243
39628217291637681,0.1402512811,10.107968,67.042953,4.1400561
39628492295374627,0.3884680602,10.724432,112.85714,5.361342
39633434762544637,0.2497511607,9.804595,148.2939,3.5965438
39628010223046573,0.2329047892,9.5937891,52.118454,3.386096
39627649630341830,0.08214979205,10.248151,198.16461,4.28866
39627630755972176,0.4002348044,10.412265,79.513168,4.3087001
39627720472134491,0.1776835398,10.291328,196.82108,3.6815286
39633082550060886,0.05097330287,9.1601915,64.000069,2.8599999
39628410544196785,0.3655424208,9.9574461,208.61545,3.4277415
39627764151616792,0.137337174,9.3700571,421.84717,3.5656939
39628307582422723,0.1811394399,10.014132,129.1062,3.1734467
39627826441232464,0.3671775319,9.7349529,296.62878,3.4625106
39633439984456145,0.1145412615,9.3882132,159.34705,3.587713
39632991831460597,0.3340492747,10.307734,117.55511,3.8260198
39627806509895053,0.1200001614,9.2837524,79.757317,3.182656
39627583276455292,0.3096325453,10.154433,87.546761,4.6407652
39627901586375177,0.234178811,10.126485,60.151871,4.0321527
39627820179129215,0.2078463376,10.548146,181.20517,5.2561636
39628487148963336,0.2168311405,10.68484,189.26151,3.867656
39628396329700308,0.3052447539,10.524121,41.829613,3.7414191
39633021179006051,0.02251299654,7.531178,141.79097,2.8599999
39628336103686482,0.08381357382,9.9023619,583.11194,4.0312419
39627895471082568,0.05012190398,9.2363243,288.66916,3.8174944
39627726545486765,0.3850335111,10.724377,62.470371,4.0457406
39633458166760349,0.09172725896,9.2111912,77.291832,2.8599999
39627836549499662,0.305993978,10.382838,163.96275,4.4899893
39627817759018043,0.3264579625,10.29143,123.29114,3.5925186
39627639660481825,0.1757582828,9.7513809,73.272888,6.4653277
39627827573689008,0.2657223182,9.9233418,162.78697,3.3719482
39633482955096722,0.2295571285,9.8877926,41.444107,5.4079375
39633314373435485,0.2589563715,10.245036,135.60257,4.1423922
39628379820917653,0.1316333312,9.1219139,48.722809,2.8599999
39627842887096227,0.224785953,10.008615,70.871017,4.2958517
39632955819167709,0.07908877267,8.9983416,342.64001,2.9373276
39628106599764894,0.2593885252,9.7902346,51.187557,3.540967
39628022915007021,0.1610159101,9.9117651,140.96902,3.3290815
39633296971270326,0.2201314588,9.8982897,85.666367,4.7330551
39633204319093805,0.246844933,9.9424944,88.14904,3.7596908
39627875644610729,0.2742572906,10.686291,115.35609,4.4816298
39628025918128633,0.1966601718,9.8593397,104.51719,2.8599999
39627589228167227,0.07197782878,10.335037,82.181396,4.1702209
39628480291277278,0.1843822183,10.580808,215.6528,5.8678513
39632996025764642,0.2521971836,10.162711,94.391853,4.2890844
39627899686358531,0.3309524483,9.7644444,165.22443,3.5037186
39627625324349388,0.1874501812,10.765973,230.55696,5.3648424
39632929856425623,0.1939831062,10.168255,78.998795,3.9733129
39627896129586727,0.2579201589,9.9994593,180.3403,3.7703123
39633296467953711,0.1871308856,9.2904615,107.61662,3.4323287
39627823421326722,0.3080089902,10.744727,178.5826,5.2936935
39633231481409823,0.1360672584,9.7648163,80.786903,3.4589593
39633260187222674,0.4684597869,10.561802,79.990623,4.5112171
39627793503355012,0.2564991153,10.686904,118.48608,5.4794111
39627950160613359,0.3525347919,10.261238,65.157806,4.0296831
39632935371934705,0.005115100385,7.8795481,1061.8298,2.8599999
39628262971809282,0.08308064571,8.7689466,230.95702,3.1005075
39633480644035113,0.2042222881,9.6999598,48.885216,2.8599999
39627663580597327,0.4023267588,10.425341,56.330101,5.2305789
39633461123744613,0.02632274689,9.2040396,695.69403,3.6141698
39633039763965396,0.3536261396,10.208389,142.81773,5.480989
39628355997274856,0.4227146023,10.202291,60.956547,3.4900577
39627386555213440,0.2692892333,10.338989,179.02769,4.6293674
39633252075438699,0.3553001924,10.021264,101.69999,3.7577152
39627612552692537,0.1254792979,9.4483042,60.913067,2.9642963
39633058776745994,0.08975458535,9.2203217,105.54261,3.8279459
39627715816461704,0.2192976432,9.9049015,44.455738,2.8599999
39627779888650069,0.1547897106,9.3598433,68.568741,2.8599999
39628023204415182,0.127107914,9.3077412,56.348167,3.7045698
39627848679424701,0.1115406378,9.2371483,109.79865,3.7968903
39628119623078516,0.319321928,9.9421253,330.82199,3.5309575
39627741888251779,0.3859011466,10.426328,92.203857,4.0089283
39633150007051615,0.2948610307,10.036382,89.597298,4.4195266
39627812939760052,0.01895048757,6.7964625,689.95575,2.8599999
39628439728161409,0.1484695123,9.7208548,107.86417,4.3541512
39628511178131978,0.1784216166,9.8537493,91.509415,4.5226779
39627800553982833,0.3901605423,10.05534,67.446915,3.2448745
39628011724608104,0.07743056158,8.6928644,191.33269,2.866188
39627944959674784,0.1265856009,9.8804607,314.51541,4.6102266
39628011477141180,0.2626537271,9.8867941,172.21893,4.4633741
39627739182926589,0.05349790717,9.0294113,141.58911,2.8599999
39627775958584841,0.3860903519,9.8882141,59.778618,3.3915808
39627670685751551,0.1868880367,9.8417559,63.291325,3.8795624
39628135083281010,0.1825266545,10.505369,199.22147,4.0607791
39627882103834986,0.2159910514,9.8312778,313.92398,3.4314518
39633398951575841,0.2097814556,9.6939726,62.186981,3.6748712
39628255187177904,0.12230319,9.7931118,134.92206,3.5085781
39628219023885757,0.2513907978,10.394395,144.35558,4.2698846
39627642625854456,0.2586946805,9.7407341,116.48329,4.3078918
39633166641663350,0.1812353358,9.1603966,48.655182,3.2931759
39627824306323919,0.1551470565,10.240683,158.60291,4.7923403
39627984058978318,0.06258803241,9.2241154,103.60503,3.2334487
39632951654220376,0.04768432954,8.6180248,76.727295,3.0157537
39633215664688003,0.2012488082,10.25257,63.838112,5.3889275
39633491721194328,0.2491990141,10.182547,77.256996,3.9241197
39633263752382262,0.1598018864,9.4937077,67.817154,4.0371118
39627964878426937,0.0281819099,8.5243778,33.034027,3.1955197
39627661001097766,0.1258145217,10.396932,221.97086,5.7950792
39627625148190858,0.1903105208,9.7463732,132.03461,3.2026083
39633512613020095,0.01230599509,8.0034704,34.807953,2.8599999
39633049134039512,0.1933575406,9.5442572,117.02738,3.1133392
39627887166359349,0.2434696964,10.744857,126.09541,6.0121989
39627823857533449,0.07333252776,8.8570671,95.380836,3.035099
39627651312256590,0.2856189263,9.7790937,80.722946,3.6198494
39628374703868428,0.1535183103,9.2631216,90.977776,3.7952058
39627999271720387,0.04532436043,8.114418,128.17766,2.8599999
39633132370002100,0.3981988803,10.325117,45.524715,5.8989902
39627836981513817,0.1578294023,9.901782,164.80238,3.8066969
39633349907579259,0.09804349689,9.471015,46.383614,3.3296001
39633468358922157,0.1060055439,9.3723011,100.52547,3.2479591
39633113315279854,0.3790264172,10.713103,89.937965,5.664793
39627421162413439,0.2829012883,10.01983,114.00101,4.4340172
39628122064162784,0.1802722092,9.95401,45.000504,3.7303874
39628324921678653,0.4838092241,10.261427,182.56378,4.6193628
39633223927466551,0.2208570985,9.8781672,139.09802,3.5811379
39633381117397911,0.1930089508,9.2784643,64.128357,3.191735
39627409602909328,0.33859793,10.077187,58.132244,4.8102627
39633192503742112,0.03935439603,9.0865459,79.461533,3.1788771
39628147620058429,0.2925105436,10.035466,155.46359,3.4402673
39627851233756798,0.08531524679,10.328478,160.04877,4.0137029
39633332262145123,0.1090595338,9.2556734,239.37572,3.129724
39633481805861105,0.08937205831,8.6757774,66.994667,3.344614
39633267388842679,0.08682827506,9.1552525,204.05756,2.8599999
39628273226875205,0.1856039112,9.6978579,96.280449,3.8400078
39627636632191288,0.3213682001,9.9787912,70.564804,3.3253844
39627836276870978,0.0908845048,8.7352104,105.00805,3.0443909
39627770476631059,0.06932502135,8.8351498,158.37236,3.5133233
39627691707598561,0.3118364737,10.278251,102.51015,5.1460748
39632945803167283,0.07603739095,9.3791676,219.63765,3.4899046
39627827477226551,0.3659156915,10.965785,41.749332,4.6326933
39627802210735551,0.07112365839,9.3811712,1059.1266,3.3281536
39627732753060316,0.187054466,10.003927,397.68289,4.3300939
39627582487923470,0.1284242241,9.3170662,141.5864,4.17378
39627909169680495,0.2587604869,10.005062,85.941254,3.9883039
39632962173536755,0.1401209169,9.5385246,80.636452,3.4943199
39627708702917863,0.4903216837,11.045708,99.411728,6.7832227
39627883789942965,0.273526649,10.285514,63.735023,4.9380298
39627652440530266,0.2332406485,9.6752853,45.728188,3.7740607
39627708505788328,0.08010622428,8.997304,123.9752,3.3910122
39627917021416535,0.3978489691,10.265773,27.442131,4.3196983
39628141492175662,0.07015076301,9.3627443,96.719025,2.8599999
39627866832377518,0.135128585,10.638663,103.16137,4.5336537
39627951586676600,0.150390422,9.308876,66.615883,2.9220159
39627856677962655,0.111178463,9.9153299,152.00967,3.1446431
39633248384452643,0.1071557326,8.8341818,180.27425,3.5938373
39633286938493170,0.11092357,9.4108381,36.190079,2.8599999
39627896955866722,0.1593423531,9.8044424,155.01134,3.629447
39627859836276984,0.06048444549,9.2320642,104.34341,3.1637936
39628417280247055,0.2508058877,10.154977,111.44158,4.2200513
39627677103031691,0.1473456998,9.0859947,183.39793,3.5993502
39627666231396062,0.1868245444,10.344063,133.85187,8.0108547
39633095695011535,0.2532153695,10.705637,108.27617,4.5697246
39627947212014025,0.2771364272,10.054446,41.295498,3.9568422
39627717536124360,0.240636717,9.6914339,108.3922,3.6124589
39627672329913296,0.1620485315,9.7429895,275.68292,3.5969474
39633184199019222,0.3997154675,10.263824,76.495117,3.7977319
39627693381130085,0.2726915277,9.9370289,104.56485,3.3181973
39628487073468490,0.3105951978,9.8478193,68.117699,3.9714715
39627717724870446,0.1678586329,9.3147726,72.147339,3.0312059
39627478574043476,0.0839362429,9.5695868,75.921524,3.8470407
39627472634908273,0.3575963868,10.500989,87.837486,6.0697541
39633514403989165,0.3177062191,10.778807,81.860527,4.4182105
39627795957028503,0.2081319345,10.047196,104.07775,3.5030894
39633096470955549,0.1068130979,9.2624102,225.22043,2.9693375
39627731201165648,0.2346428759,10.295527,125.21578,3.0937488
39627881118172800,0.1665403625,9.5928659,130.9908,3.6252255
39628476382188756,0.2264503062,9.7223043,63.932823,3.8994603
39633435181976370,0.09753213259,9.2623615,88.861748,3.9144542
39633434917734546,0.1391442019,9.8738966,183.52942,4.438097
39632946495226924,0.3168387814,10.084764,155.63504,4.0579524
39627696698819101,0.2459503438,9.9508123,43.67894,3.0937126
39627679430871901,0.1570835391,9.3209419,123.01993,3.3917508
39628017143647698,0.3150836561,10.054183,85.325706,4.5306859
39627588892625918,0.2085276064,9.6833611,103.962,4.3594298
39633530736610326,0.1311328571,9.4488726,89.660042,3.7430925
39632931672559802,0.2236762889,10.592814,240.47597,4.6320939
39627438958837862,0.1673780007,9.2059231,130.23602,3.1392767
39627794430299717,0.2193015256,9.7627707,83.630211,5.6424136
39632957111013330,0.02531887924,8.3528957,53.818409,3.0721416
39627764524914037,0.02991466877,7.7759442,239.28731,2.8599999
39632957073263860,0.1803012673,9.8155603,108.49408,3.9547637
39627817805156753,0.08622985266,8.7139111,259.33884,2.8599999
39633469998891643,0.3597046316,10.057916,70.710983,4.5941505
39627861048430552,0.03934890271,8.2107105,101.49088,2.9116883
39627796993025732,0.1160259308,9.618681,369.22018,2.9690652
39628011598780843,0.2601491213,10.271754,79.224541,4.0735164
39628486880528465,0.08320235654,9.6083345,145.36528,4.4016552
39627570353801634,0.08902699171,10.495728,147.68336,3.5996413
39627854907968058,0.3013316878,10.82358,72.381325,7.1559606
39627832791404760,0.0608224212,8.4415598,65.663948,3.0902836
39627592541672502,0.2362548239,10.975155,244.05208,4.6471028
39628324921679174,0.2848468893,11.006967,37.765732,8.1922121
39627963464943769,0.2575707272,9.9352922,93.099258,3.3680003
39628075566106533,0.08506508237,10.22716,111.28301,5.0123653
39633304286135137,0.1628906179,10.502438,208.42299,4.4567604
39628262581733717,0.2139250853,9.9894638,177.5542,3.7228789
39633239438001529,0.06082432426,9.2962866,79.576561,3.2672007
39633321621193175,0.3391668008,10.349836,188.5016,4.1007996
39627601316154245,0.2093362429,9.7601566,108.98196,3.426182
39633166490666490,0.2000007828,10.811265,99.823677,8.256546
39628493843074600,0.1425126001,9.453433,224.5817,3.4146888
39633440567461929,0.2788414526,10.526271,137.57373,6.3067946
39627740105673443,0.2044050292,10.039993,86.702942,4.138566
39627731205360868,0.161073589,9.3653889,54.426159,3.1086287
39627830392259340,0.1893498959,9.2781773,55.19569,3.1328309
39627805973021388,0.2541905931,9.5421047,60.418575,3.1476574
39627792895181357,0.1464896888,10.307115,160.10361,3.5524149
39627768920541263,0.2106379102,9.6091719,72.764259,3.1437981
39627923149296048,0.3436886009,10.540455,72.268784,4.787086
39633233205268422,0.3398660686,10.295981,55.707623,4.5871
39628053193687220,0.09508757105,8.8050537,123.88787,2.8599999
39627781079826548,0.02376073949,7.6787148,158.11575,3.0747342
39628046570885339,0.2009964107,9.6293459,131.13762,3.8065271
39633358799504124,0.1464165019,10.007815,274.21982,3.70081
39628507747194295,0.06283805337,9.0606127,89.133408,4.130609
39628077029921247,0.08443202036,8.8756733,91.723595,3.3552644
39627351859924944,0.1165406892,9.0683918,182.42879,3.028142
39633390156122160,0.1732406532,10.280844,139.16681,5.2759185
39628465900623640,0.2352104653,9.9488764,75.584351,5.2853589
39627727724088811,0.1830958935,10.079645,195.35271,3.6708722
39633271188883578,0.09160340961,9.1558256,98.805481,3.8815174
39627980841944498,0.1030985885,9.0177526,129.67853,3.4704325
39627503286883784,0.2050800055,9.9048815,57.548466,4.6152229
39627684816359530,0.1261953114,9.7396259,142.55611,3.9327118
39627887107641885,0.1699680253,10.035751,132.66599,4.6437941
39628041340588429,0.2172564102,9.5831509,47.046577,3.5879216
39627568382479053,0.1063451151,9.6059542,157.48221,4.1970992
39627962173098848,0.2272753496,9.7895718,111.98468,3.1638706
39628410611304629,0.2546378968,10.250185,51.97805,4.2935295
39628363484107221,0.2918547348,9.5910931,124.52841,3.3598061
39627812465806986,0.2630544762,10.604272,108.75792,5.0770726
39628352746685357,0.1356861543,9.5780468,98.829628,2.9824057
39633474528741833,0.2195753658,9.940237,168.45485,3.5559542
39627866823985108,0.07535579666,9.5475054,115.5433,3.1230433
39627685290313441,0.1722516977,9.2967138,99.293793,3.907742
39627661244373250,0.2677353367,9.9901514,69.971687,4.0422606
39633200225454494,0.1722063408,10.40062,126.08736,4.9337535
39628480417108890,0.2447093995,10.698951,79.333717,4.5139008
39627879012634464,0.2288829831,10.164172,132.05063,3.7928824
39628195066025933,0.240213441,10.196462,44.229259,5.0520287
39633462440757733,0.218438502,9.6070623,29.419039,4.2734962
39627974995085830,0.1696383727,9.7926216,79.023087,3.6689601
39627753779104015,0.07890609958,9.8037109,443.60526,3.5549767
39633212212777089,0.1156065601,9.5123167,37.791977,3.0816195
39628051125896783,0.03551805382,9.8125019,99.20018,3.8685212
39632996277421251,0.1805769586,9.8972149,180.20918,3.3111806
39627622593860697,0.1931283275,10.268135,246.99399,6.6387558
39628076694375832,0.1124008299,8.8957863,105.77126,3.1984766
39633184123520565,0.2791284656,9.8761377,40.410351,3.739315
39628043077030562,0.07830378775,9.1758003,65.261795,3.3906212
39633417112915797,0.3480688729,9.9819469,71.512642,3.3760583
39633304541989594,0.07539391675,9.5409184,87.952515,3.7626338
39627736628598176,0.1267826992,9.5340872,89.374687,3.4483383
39627697642539328,0.1489636408,10.317773,505.0491,4.8427281
39627675249156054,0.1107549669,9.7221842,330.2554,3.429872
39627636627997564,0.2451633107,9.7507305,61.016136,3.0162046
39628233066416942,0.01046327874,6.8049383,1376.8878,3.1273513
39627677174337253,0.3320824745,10.62765,87.535652,4.4503536
39627777955070652,0.2561527652,9.8262434,72.77449,4.3423605
39627636787380479,0.09830340951,9.8323984,770.33649,3.2888362
39627866194842497,0.3034656944,9.9924192,81.643425,3.581109
39633307968735731,0.2358059683,9.6174889,53.028881,2.8599999
39632945564091596,0.3005281424,10.548353,228.19075,5.2064199
39627781834805070,0.165427737,8.9727392,211.48482,2.9072514
39627779406301971,0.1884852565,9.7805195,164.44379,3.8497789
39627673743395729,0.205024616,9.4691868,64.843399,2.9163129
39627917814141889,0.1804586876,9.5889235,94.888138,3.4325609
39627736876058556,0.1352113202,10.203911,157.98013,5.4739962
39633482980265026,0.1389326593,10.434849,51.260757,2.8599999
39627879130076278,0.1221825675,9.2297945,109.8604,3.6977055
39628148744129962,0.06846082452,9.4565659,231.47066,4.4864211
39633153815478720,0.06395438956,9.8175278,136.45673,3.7165213
39628417473186207,0.03775457194,8.7955894,76.952171,3.1059415
39633405704408704,0.08774750388,9.6271944,128.53838,3.2006731
39627813006869224,0.1354172162,9.7024755,135.54155,4.0297542
39633307977122528,0.1256241979,9.9468107,64.942085,4.5134916
39628029575569549,0.1484840686,9.5786943,117.42518,3.0452216
39627701102839831,0.2787695267,9.6891756,93.489944,3.9199831
39628354533460193,0.2298157515,9.545351,39.549583,2.8599999
39627963821464641,0.2876954185,10.281756,85.365448,4.942008
39628171947020379,0.107335757,10.328185,903.59918,5.3685489
39627691900537919,0.03567951898,7.103488,198.52255,3.1518772
39627729536032062,0.2643807408,10.125868,57.269279,3.902864
39628296937283347,0.1806899477,9.7156963,55.445507,2.8599999
39627897257856010,0.03650293413,10.300933,486.97345,4.6266646
39627805775889488,0.3999939701,10.520894,69.944603,4.0822048
39627837019262769,0.1872245626,10.095996,165.91994,3.7414834
39628210509448743,0.179130678,9.5749979,84.915985,4.5577912
39633500294350164,0.0880909942,10.24472,114.20934,4.4982085
39633440559073183,0.07845743171,9.2731705,62.418163,2.9343808
39627945488156456,0.1008056715,10.013678,101.69211,3.9629784
39627527307662432,0.1206208172,9.2497263,130.33559,2.9480412
39627782568806471,0.05873250038,8.939024,135.45656,2.8599999
39628025192517661,0.04270824657,9.188056,271.87885,3.6807489
39628446216752254,0.06709060737,9.2411938,365.56506,3.6369948
39628029407792616,0.415543444,10.197784,53.593765,3.8361113
39628219313295408,0.1904628325,9.6058769,45.392345,3.1016285
39628522284650157,0.3675267791,9.8374825,70.634834,3.3181264
39627829142358904,0.2563400252,9.9603872,38.431816,2.9046297
39628426784542479,0.22757565,10.259084,57.696224,5.3236556
39627582311762969,0.3211691274,11.030797,53.646866,5.3820496
39627899833156806,0.0767356466,8.8723974,115.08022,2.8599999
39633148065089410,0.1203941115,9.731575,30.091976,2.9230959
39633285818614746,0.06474700727,9.0644436,55.921078,2.8599999
39628471239969308,0.08613653415,9.3899183,70.582985,2.898854
39627751245742352,0.2632145132,10.249731,106.67088,3.3786218
39633117782214158,0.02422089678,8.4256525,51.370605,3.3757706
39633039751381582,0.326484871,10.059718,52.466133,3.2242599
39627671163898184,0.1332138455,10.138729,81.815277,3.0044565
39628195049244543,0.0731157914,9.2200003,104.41908,3.4508584
39627467262002777,0.1796155503,10.104657,108.44404,4.3628674
39633162191503457,0.07877176516,9.6841345,45.414253,3.8918886
39627779511158258,0.1775147573,9.6827784,67.203125,3.76594
39628176820808028,0.1352004111,10.042945,78.267006,4.0341578
39627998994892391,0.2372828907,10.128053,88.128563,4.9320741
39627859978881046,0.03966779744,7.1947637,422.66367,3.5366879
39628107509926235,0.03842489178,8.1207514,91.894875,3.0743985
39627685399369123,0.2106196451,9.7831211,54.600437,3.8758438
39627654692868293,0.2205218437,9.6107912,89.957176,4.0244331
39628071107560163,0.06922742622,9.1109295,44.087551,3.2734203
39633057254215828,0.04822149061,8.2270823,371.06616,2.8599999
39628476700953076,0.2219745123,10.098934,117.33664,5.7652626
39628434007132988,0.120431075,9.5848227,68.485756,3.92241
39636655392428422,0.2683216444,9.8022652,106.48806,3.2949069
39627971895495109,0.009049781573,6.8261728,697.20361,2.8599999
39627865330810920,0.1253493565,10.059683,191.2962,4.1786704
39632960797804322,0.1033822398,9.5517159,113.3315,3.1752348
39633122874100806,0.123721889,9.12117,71.659866,3.1974604
39633228679610416,0.1442291391,9.1477642,74.094933,3.1887534
39627835890993889,0.1292589986,8.7996416,55.567558,3.1535139
39627800197465711,0.3516941332,10.590923,136.33904,4.8378468
39633100300356815,0.4141010245,10.28332,68.284294,4.1515422
39633489200417155,0.1704237645,9.7353401,70.431183,3.4989543
39633072919937167,0.1805354466,10.425116,67.489304,5.3943138
39633416890616392,0.1332144343,10.031751,973.74219,4.2556434
39633212535737266,0.395665983,10.312025,153.77747,4.1263065
39627931751811524,0.1489074517,9.512351,65.52948,2.9715092
39633529222465367,0.04580762618,8.7223129,142.39496,3.2812576
39627859492340154,0.3079727116,10.936194,314.978,4.6290684
39627736913805973,0.1848272173,9.5443707,44.22757,2.9741342
39628485777426533,0.3874497438,10.403884,100.68572,3.4618969
39627992778935125,0.2741086183,10.275311,69.224945,4.9907413
39627827653385959,0.4144515016,10.461203,63.850655,5.63309
39627950944948785,0.1708807571,9.3115053,144.239,3.1094708
39633271130161672,0.1734146436,9.1956644,172.80161,2.9027152
39627637068400381,0.364620437,10.724121,51.192245,5.9193053
39627812981705718,0.2043258756,9.4072685,49.777565,3.2438476
39633437606281419,0.01936632145,9.3520117,300.80908,4.4980597
39627616537280728,0.278327987,10.196818,234.65422,4.3763781
39627826810326735,0.1141796885,10.188708,221.15126,3.5131462
39628488860238874,0.3177914416,10.11131,252.74353,4.4004693
39627787778133685,0.06373596939,8.5216465,49.500618,2.8599999
39628075008263040,0.1676119425,9.7121706,60.723713,3.7753086
39627676461308536,0.4365166615,10.49912,132.69223,3.9652381
39633270333246963,0.2349290126,10.090834,209.78915,4.0652394
39636925065202908,0.3100073176,10.303039,96.937546,4.4091587
39633367787897685,0.09174857431,8.8662767,48.079777,3.7571087
39633152347476675,0.2373311804,9.3231039,95.7771,3.1533363
39628483378282576,0.1365058506,9.9287863,71.791092,3.8357291
39628497496314806,0.3944132639,10.769297,61.275829,6.2428966
39628047468470618,0.1560347979,10.652826,67.74868,4.2707047
39633021237725777,0.2720121273,10.352724,78.368767,4.4590759
39627721113866893,0.08140606302,9.845891,164.27597,4.7082863
39628257284331191,0.2279515386,9.6176176,100.49963,2.8599999
39627610984028045,0.1188305031,9.1278982,371.96896,3.183454
39628036563273981,0.1345839814,9.7332439,70.788063,3.0316887
39628497596979216,0.169944421,9.2180557,59.84259,3.6438162
39627975347408489,0.4373214355,11.031737,74.562119,4.6382985
39633472230261446,0.2047074891,9.3811302,82.25943,3.5467353
39627887514489273,0.1505203385,9.8442583,90.91423,4.7632723
39627593082734272,0.3960929822,10.550862,117.91049,4.8750539
39633260094947561,0.1913384285,9.3887005,116.76334,3.6149611
39627739870793476,0.2509061695,10.303819,117.08893,4.2476234
39627878257656244,0.0466073125,9.241066,140.7187,3.0631256
39627673558846567,0.2150312934,10.722599,298.84348,5.9319692
39633324972442732,0.265331253,10.215238,112.17475,3.8375633
39633476449732202,0.1236333059,7.9610949,58.988575,2.8599999
39627803636795741,0.2386850895,10.537517,52.369221,3.730005
39627999443682699,0.06956783174,9.6857281,183.1245,4.4435167
39627896649681208,0.2422875996,10.078757,84.502609,3.6655378
39627799010478457,0.1787248629,9.7019339,110.41589,3.5728958
39627654306988071,0.3830444833,10.204613,80.868515,3.0860369
39627993005427431,0.3509358621,10.324628,68.106575,5.7504597
39632976929099874,0.2657753362,10.015112,83.185638,4.5045037
39628412607792041,0.1365527257,9.6621084,93.626419,3.7582159
39627847467274556,0.3520317127,10.23009,100.15888,4.705195
39628060865072239,0.3200400194,10.831754,334.43112,4.9196644
39627646321040891,0.2889620155,9.8748922,394.75223,3.6285965
39628106130000714,0.4071585598,10.300639,61.872993,4.2620897
39628258462926542,0.211415303,9.9723635,75.024673,5.7677584
39627890354032168,0.08759625727,8.9798737,62.383461,2.9712005
39627896049893507,0.2505362851,10.334628,55.986675,4.7626023
39627891339690360,0.1397407697,10.317483,96.461716,4.5810685
39633095804060979,0.2455430496,9.5321064,116.35261,3.5494425
39627696728183978,0.2157670463,10.592151,160.33255,4.1402812
39627935241471881,0.2028489981,9.4928303,80.897896,3.1373179
39627427307066325,0.1071038727,10.311898,140.25285,4.3195443
39632957069066398,0.2416281333,10.073996,176.54501,3.9935277
39627944989037195,0.128007138,8.9340954,104.31196,3.2003481
39633001750989546,0.2591843931,11.028686,164.89175,7.0237508
39628113637804383,0.1669580432,10.095802,112.93452,4.4099922
39627809630454184,0.2238181239,10.219953,153.37593,4.3994994
39628480425494486,0.1575543449,10.033303,140.90863,4.0375118
39627754366310343,0.031205208,9.5329962,158.64476,3.2959104
39632946767859342,0.1929822031,9.9230547,50.839748,5.3589754
39633191933315984,0.1450455789,9.2920647,69.782639,3.8679535
39627997933736881,0.1408891098,9.5111828,71.362335,4.3271379
39628517809328756,0.0793213255,8.8388271,96.034805,3.6638906
39627702692484002,0.1529489676,9.8066359,270.54251,3.6598506
39627917226934360,0.06602538524,8.5529108,42.35458,2.8599999
39633256198441766,0.2504519232,10.817117,71.597519,6.0497007
39627386630705957,0.1310367833,9.7584372,285.42618,3.8962841
39633175051242201,0.1670604286,9.805831,109.44186,3.3996701
39627863577595205,0.1622569167,9.5843258,53.271332,3.8324077
39628017479188639,0.03371993865,8.2000904,127.82818,2.9102185
39633293229950174,0.267829071,10.132941,47.047855,4.4454479
39627737614256421,0.3724558054,10.757371,69.862953,4.0281858
39627995584922395,0.06823949698,9.1436081,70.361992,4.3255982
39627839028333952,0.3603481928,10.994585,91.703362,5.2482772
39627854786334089,0.1190414737,10.533605,168.8349,3.9985297
39633358958889873,0.1653499277,9.7652187,150.54575,3.364908
39633020667298416,0.4382748667,11.206279,87.94075,6.5639482
39628016799714283,0.1720216394,10.855565,223.96939,5.2561855
39628374485765261,0.1373245223,10.295947,106.16023,4.3383608
39627706291193572,0.1800943121,9.9125443,144.42825,4.3583031
39627610988218429,0.3599285079,10.382719,63.644081,4.5308757
39627769289641047,0.3473224246,10.371408,76.874359,3.8235519
39628074815328757,0.3795532731,11.033138,80.517982,3.5990577
39627830102855254,0.2423790529,9.7509508,169.40536,4.2076364
39632976350284831,0.1910648798,9.7759228,41.843494,4.253705
39633152691406206,0.1629854779,10.526581,114.15305,4.7010031
39632976547417990,0.3462984528,9.8990965,110.08069,3.495373
39627696413609839,0.06144128324,8.6154861,45.478012,3.9501812
39627817717072936,0.1538441434,9.4922171,84.826912,4.1840701
39633077651115855,0.3588101875,10.307648,171.83136,5.1097112
39627649735197249,0.100684692,9.333147,53.876396,3.7478125
39628492068880687,0.3544715165,10.44647,112.9035,4.0737453
39627763946096850,0.08603669505,10.930692,378.38727,4.745594
39627491664467247,0.06952588578,8.3253222,158.00024,2.9975977
39627613366388749,0.2025170991,10.315565,70.573883,4.4930725
39627582638919695,0.1225921698,9.6585846,71.912643,3.2392237
39627842962590889,0.1265858518,9.3226929,62.290806,2.9453368
39627709181068843,0.08575522803,8.7904682,71.923904,3.1797991
39627594475245942,0.05500701997,10.415157,2131.053,5.1511574
39627684900245726,0.05390866089,9.0020304,202.55244,3.9403877
39632930875638772,0.2209516303,10.144812,247.72481,4.805491
39628497563424526,0.2107499156,9.8790512,119.40096,4.6715293
39627911875006804,0.3784230982,10.095737,59.290054,4.3788624
39627983077509882,0.05017074425,7.8775306,628.63654,2.9246287
39627812260285173,0.2302678316,10.134877,59.592278,3.2351255
39627871878123883,0.1839621057,9.4859104,111.22546,3.4749088
39627812004431948,0.091371755,9.3209467,172.89471,3.1676538
39627805184491590,0.03801308876,9.8787451,459.39801,4.0062551
39628080746073124,0.1777272881,9.7263098,54.288322,4.0256653
39627569229731885,0.1845329008,9.676466,110.46761,3.7649078
39628023531576660,0.08533641622,9.3881998,53.238613,3.9657753
39628062983195730,0.2293537587,9.7143517,47.969559,4.8204327
39628216293396393,0.02334079154,9.4588404,246.63177,2.8683615
39628405527807912,0.1766356434,10.106791,129.19139,4.2360382
39627678596203327,0.375005012,10.427088,109.97038,5.0271916
39628430660075809,0.2832334037,9.7230492,99.493683,3.6465294
39627730731403016,0.4420368969,10.873887,56.547325,3.8543882
39633021032203349,0.1500359529,9.4479876,51.011127,3.3053489
39633248564808746,0.1295108047,9.8531113,112.09663,2.9889908
39628464503916549,0.1086860505,9.0241737,126.38119,3.1299775
39627685005101191,0.2629286485,11.161294,288.68851,6.6295948
39633371361447127,0.1015112329,9.4908915,41.567848,3.7166805
39628488713439561,0.2245952082,10.023965,53.761086,3.7740452
39627600716368425,0.3782793968,10.240499,84.979355,4.1732841
39627848893336393,0.0290282791,8.0164576,93.177574,2.8599999
39627922910217011,0.3415958472,9.7496719,139.72906,3.51351
39633081983828990,0.1594313467,9.2532959,123.29185,3.3315291
39633011154617911,0.3322629035,10.052122,63.577637,3.4074476
39627567505867214,0.1254938756,10.206255,126.68752,3.581934
39627696396834362,0.1790935016,10.020857,119.43105,3.9418869
39628107891607309,0.09168265419,9.1505651,99.381866,3.5724847
39627815322127294,0.02610405446,8.392395,49.449398,2.8599999
39627872519853166,0.2175663665,10.743164,260.90961,5.773818
39633122869906418,0.1303637019,10.705358,138.41061,5.8398161
39633271478291110,0.06597369874,8.2089252,37.51083,3.9681311
39627732618840182,0.3081387673,9.8933182,67.179619,4.6681271
39633318181865493,0.1274882739,8.9642782,142.91187,2.8599999
39628357951818529,0.1044069694,9.9771681,98.905495,3.5211887
39628113381955936,0.1789217057,9.4623394,34.839558,3.3832562
39627631208958129,0.3294535085,10.246367,202.43066,3.9451451
39628180373376452,0.1571617859,10.443409,52.025162,4.6138821
39627865343395523,0.4011838287,10.731524,166.74104,5.2749038
39628465552494772,0.2164764272,9.7738895,69.674782,2.974673
39628524692181139,0.3072786957,10.624034,131.07512,5.4378238
39627933614083059,0.2862467609,10.05477,113.3388,3.3089976
39632989788833419,0.368466087,10.269498,49.884262,3.925298
39627899807991517,0.1416559805,9.9279814,166.55035,4.6394606
39627896389635314,0.2272588152,9.6433048,96.071243,3.1772249
39633448926708851,0.03683521596,9.411891,138.97566,3.2777364
39632931727083316,0.434919434,9.807375,177.43706,3.0843766
39628129991393494,0.2561746903,10.829682,48.199379,3.429333
39628022810150530,0.2379201705,9.8113337,48.52002,3.3676035
39627666638243855,0.1891058447,9.6602011,219.88649,3.7396443
39627761710533156,0.1858616935,9.4835119,135.28738,3.5870736
39633153542848590,0.03350660832,11.193703,545.04822,4.7725024
39627803246728940,0.2421183452,9.7986364,73.326317,3.3636329
39628075016655535,0.115360368,10.41748,251.16716,4.4144092
39627739656882974,0.08104749238,9.2029638,180.16032,3.5419943
39627935220500315,0.0587248351,9.5753384,71.601196,3.609931
39632935757810827,0.05092018774,8.9194784,71.43364,2.9887152
39627781822221291,0.4327834497,11.078259,55.074535,5.2235613
39627803510965669,0.05236623692,8.4422922,36.566422,3.1578183
39627711492135801,0.09682650766,10.117618,251.34084,4.067626
39627794187026982,0.2701811581,10.17874,274.19769,4.3267217
39627588762600437,0.2094763064,10.591186,112.96819,3.8216445
39628070516163365,0.1771759839,9.6254416,67.259262,3.5178163
39633015109847922,0.3948709133,9.6043749,129.64966,3.5246525
39627636518947586,0.2111113491,9.7409124,83.711662,3.8546069
39628421940119512,0.06547830946,9.2739649,252.31709,3.5579472
39628106490708868,0.1395262657,9.6455469,55.330326,4.4241982
39627927448459202,0.1195065026,9.9603357,67.863998,5.1485987
39627575202420959,0.1545261021,9.5960579,103.13611,3.4018316
39633532162671244,0.2798887069,9.7113838,106.47212,3.1880424
39627642588103611,0.1501677351,10.559864,325.76404,5.0485687
39627636682524292,0.06717821249,10.482201,205.95285,4.3118658
39628526424427269,0.06533043058,8.7198334,92.816223,2.8599999
39633209083824163,0.4485998562,10.957778,93.989014,5.2905836
39633380668606646,0.2673199043,10.615121,76.07254,4.0400577
39628453430955866,0.4272348119,10.315082,207.78761,4.6571994
39627971455092687,0.2470691019,10.363665,90.305168,5.2830515
39633000966654576,0.09908177489,8.5660677,88.335869,3.0810573
39627762952047968,0.4791126178,10.619792,58.006817,4.1340003
39633512516552968,0.1935762897,9.4015846,73.340302,3.0437996
39627875032237375,0.2263762115,9.4678545,105.45168,3.3483088
39627685839768457,0.2013196944,9.2190056,201.14362,3.1684313
39627878953913924,0.07281614637,9.5799236,72.293877,3.2437375
39628332450450194,0.1534601006,9.4805079,105.44793,3.762151
39628251563299562,0.05832850953,9.2108107,61.593124,3.7984345
39633044654525076,0.06315755159,9.6990166,240.37309,3.7794583
39632956397978352,0.3264499498,10.372554,228.97153,4.8413115
39627681427362943,0.1143449616,8.9978018,83.944511,3.5477905
39627955680318210,0.05125036668,8.3708897,129.17323,2.8599999
39627455845114153,0.2047738933,10.163795,65.528374,3.2502
39633000811465701,0.1270504015,8.8464117,61.923283,2.8599999
39628507784940720,0.1856324174,10.04346,69.815865,4.2468243
39633220001597215,0.1694827937,10.106675,140.88727,4.0575457
39627685718132595,0.2147289894,9.505909,45.100838,5.4333529
39627874579258282,0.05378135819,10.08746,157.47984,4.0352488
39633545919987886,0.2929203373,9.4585552,144.62785,3.0126164
39627977876571880,0.1206870178,9.2440033,76.177788,2.8599999
39627891247420611,0.393812261,10.275188,83.57283,4.9996967
39627398064375830,0.1040586823,9.1904135,68.102203,4.1929083
39627883693478843,0.265739559,9.8669357,42.662014,3.5845578
39627607423060900,0.247717982,10.095626,156.50803,4.4264193
39632947044682448,0.03069824271,7.4529228,149.25255,2.9222119
39633158253052375,0.07277941442,8.7027388,215.53331,2.8599999
39628502827273019,0.2487790902,9.9130964,91.911812,3.5919425
39633086224269935,0.06518511807,8.6493158,374.90546,3.1919723
39627855260293925,0.1187888838,9.8362751,93.648117,3.73826
39627914211231577,0.04335770699,8.3658571,131.3208,2.8599999
39628401924905453,0.1015070687,9.3507023,57.394409,3.422925
39627908767028565,0.4063629053,10.204967,158.72603,4.3946266
39627679699306448,0.1402104021,9.6622334,88.453323,3.7088361
39632945589259920,0.2353559287,9.6695032,91.768311,3.3709974
39627776315100162,0.1788352111,9.5857954,38.224052,3.4346969
39628517532500918,0.2608857378,9.9008121,141.00766,3.2226477
39628483030161581,0.249740448,10.241062,102.97631,4.6750517
39628523190616598,0.09652064923,9.4716425,125.42924,3.9009492
39628353929483472,0.1098720496,9.8171606,131.64064,3.5302975
39627833777064243,0.07348225519,9.703002,273.7355,4.1419392
39627934926898891,0.3030915289,10.899316,123.78176,5.1673713
39627730223894582,0.3390590801,10.514941,63.177715,4.0947089
39633399933048218,0.2273305968,9.775341,66.834038,3.2237477
39632991676271283,0.1730208889,9.3856382,48.330963,2.8599999
39628029277765818,0.1974644295,9.9093361,248.87509,3.8575006
39633015218899120,0.03527112974,9.8721733,109.26389,3.5734341
39633358635926815,0.2749567313,10.075402,40.729439,3.8419735
39633535006408910,0.2105739345,9.4081459,353.64401,3.1403656
39627826562859629,0.2177090023,10.532323,276.25543,4.6080112
39633458099653716,0.1316423394,9.5428896,94.588646,3.2776418
39627901536046476,0.3127037529,9.1600876,301.72745,3.8885634
39627790261166626,0.3701236303,11.059293,117.44362,5.6207767
39627999523373876,0.1454956179,9.3078127,114.33655,2.8599999
39628106184524452,0.3268275074,10.791265,77.402405,4.8859639
39628135389465992,0.123425323,9.9359541,169.50488,5.4579425
39627701220278465,0.05278347905,8.025526,150.58656,3.4115984
39628330101640512,0.2389752129,9.8214293,114.69781,3.4596534
39628474515720190,0.1104257881,10.536974,208.87494,5.825985
39627630374291294,0.02105897675,7.2301745,171.59854,2.8599999
39633356261952268,0.2207918281,9.66714,66.998779,4.1467042
39633387983471302,0.3291901569,9.6773977,86.702286,3.3865948
39633232454486113,0.2864171287,9.852293,50.909081,3.6535742
39636182677592160,0.1224091042,9.3814726,79.048126,3.5840123
39633429918123383,0.1061268479,9.2019329,105.8672,3.720166
39633020474360618,0.2117213389,10.082944,94.996902,3.7689264
39627461897489571,0.05411976445,8.5005159,63.696461,2.8599999
39627875887879865,0.2802706733,9.5394325,110.44273,3.9098969
39627725534661749,0.3499329686,11.037935,47.561665,4.3299747
39627932825556384,0.1055993672,9.4491091,107.17581,3.6928852
39633442995962797,0.1295995665,9.7435179,45.325733,3.0953176
39627978040149083,0.08320929067,9.1524277,100.76099,3.0467212
39628439338092198,0.05241454611,8.4829788,65.841003,3.4577348
39627725173950595,0.1790142526,9.8657923,52.390274,2.9661863
39627745252085589,0.1569181848,9.3227615,74.161797,2.9020045
39633435328775781,0.08400324278,9.8912439,51.675079,4.3232813
39628001683442395,0.07373612816,8.4588871,630.92236,3.2266276
39627910985814395,0.4486621784,10.610654,128.92039,3.7104445
39628388813505385,0.449676799,10.7566,81.786095,3.9729581
39628401710990345,0.22424403,10.27064,99.713196,3.7051566
39627787744578545,0.06887954158,8.4543495,36.489254,2.8599999
39628468048103637,0.1118298898,9.2601051,74.965332,3.658406
39633203492817295,0.3697216743,10.601433,107.14674,5.6202106
39633028745527857,0.2358837692,10.406465,93.350937,7.1336746
39627983354331466,0.01090151629,8.7447119,125.42312,3.7289658
39628439388422686,0.1406511461,9.5528088,116.80711,3.4809368
39628507222901938,0.2234022287,9.6740255,234.70105,3.8997726
39627809068426116,0.1130277141,9.9082088,224.1219,4.2885675
39628522074933550,0.3093663291,10.024375,116.80342,4.0808873
39628330525268869,0.142303436,9.6459122,164.09807,3.2026479
39627767750331248,0.3292616898,10.345136,91.162682,4.3096037
39628264720828895,0.2536545392,9.863987,64.67276,3.2686813
39633514332687838,0.06953238579,10.075406,447.10724,4.3265438
39628199604259008,0.2309250083,9.6750536,54.988396,3.3091414
39633538407990224,0.1568699207,9.9836292,162.49796,4.0499916
39628397927732612,0.06477845029,9.6727037,111.85686,3.4274018
39633462457535217,0.2818428945,9.8601484,88.580605,4.8541193
39628250913181182,0.07151276438,8.9414272,88.570473,2.8887661
39633297025796599,0.08011962128,8.8636389,48.271709,2.8994894
39627688574459883,0.08777132433,9.245739,88.432961,3.0196416
39628090019682726,0.1971295441,10.549324,166.85796,4.8076916
39627764092898081,0.1205409898,9.3785868,66.415359,3.1355009
39627887149583682,0.2122853193,10.023109,139.37027,4.1792827
39632962089652178,0.3404924621,10.792583,126.50813,4.5661101
39633085267970075,0.1598690478,9.2704906,309.19489,3.541615
39628476545765274,0.2299983016,10.110316,52.379547,4.3550801
39627741930197121,0.3082138105,9.9065828,60.419086,3.5663729
39633011125257705,0.2310301198,9.568224,68.093353,3.5300698
39633365187429684,0.1950293766,9.8975487,69.497116,3.6703186
39633216570655355,0.2763163295,9.8675394,206.00569,4.1196933
39627799736092062,0.003171082404,6.8513036,135.23325,2.8599999
39628015470117024,0.3225426084,10.556672,93.858543,3.6347218
39628326494538223,0.3753818751,10.484791,66.277245,4.4830375
39627592977878883,0.05802264762,9.1438398,440.96057,3.7440755
39627999393350386,0.2865704897,9.8917141,45.096745,3.9221196
39627502544488647,0.1440843149,10.167262,329.43121,3.9515247
39627577454761120,0.07327475658,9.8530989,226.41148,4.0034904
39628127780996602,0.03584400574,10.033669,118.65268,3.990186
39628441439440673,0.1634200436,8.9057579,337.58942,2.9772987
39627682664683912,0.3524364459,10.459191,127.89443,4.9972882
39628040585613747,0.04113845895,9.2751255,174.5676,4.0252934
39636851023154635,0.222813527,9.7614431,76.597092,3.3635366
39627830295790977,0.1769099522,9.1394072,361.56512,3.3962815
39633308048426994,0.1621979751,10.456518,169.77786,5.0317993
39633067555425649,0.1905335025,10.178183,247.66409,4.6881762
39632976476113146,0.1252816258,10.034789,128.55978,4.5732341
39628331456401576,0.1899144537,9.9330778,113.44213,4.116137
39628326532289338,0.2295853643,9.9895744,70.122299,4.4385867
39633282136017968,0.1847069956,10.526282,144.46628,8.7373667
39627769256085027,0.0858020007,9.941967,463.43384,4.3189912
39633104935061062,0.3051032216,10.122746,56.941044,3.8291042
39633236032227142,0.1552791343,10.189413,153.92696,4.1251321
39627697202138292,0.3861098205,10.554029,104.30848,3.7849016
39627814479072996,0.2068425429,10.225176,94.504387,3.5837882
39627781419568225,0.1647276213,9.9787264,85.001945,2.8599999
39633381658461417,0.2694826024,9.6660557,91.807259,3.7167072
39628363333109025,0.08829887218,10.222991,74.294228,4.4201088
39633224644690554,0.2257373166,10.093791,79.441185,4.929987
39628160777586699,0.1704120931,9.4063091,269.63757,3.3793468
39633122957986574,0.2180074577,9.6267395,71.850319,3.7738869
39627884955963116,0.03733553552,8.0871029,39.101604,2.8599999
39628516844634337,0.08303326137,9.4267836,156.45078,3.0109577
39628102220908901,0.1189308845,9.6638775,29.26708,3.2688539
39633014942076667,0.09441055496,9.8828039,114.3598,3.5550494
39628218923222800,0.1786055571,9.8873358,175.26859,3.4201815
39628217019010051,0.1699731623,10.276019,131.16833,4.0404062
39633004481481165,0.06312100764,8.5942383,55.59882,3.2184129
39628235759162574,0.08515040621,9.2543745,269.68732,3.770052
39632981903542634,0.2058499525,10.084505,134.31448,4.0063534
39628420161736228,0.05723781702,9.0650129,81.967148,3.4912744
39628438964799427,0.252395103,9.9848757,120.7411,4.365623
39627673412044660,0.2901188898,9.562748,139.06779,3.3748534
39627827343001361,0.1225443826,8.8333387,46.33358,3.9346194
39627950844283554,0.3911000995,10.234117,30.465595,3.3319402
39627958888962305,0.168647653,9.7704344,76.772591,3.1350899
39633512852096097,0.3926386156,10.79166,133.04048,4.7117815
39627992153981706,0.2261924118,10.400377,252.91632,3.8254204
39633259549689802,0.03052152639,7.4509106,187.32301,2.8599999
39636424009449657,0.1421231313,9.6976357,204.30711,3.9731715
39628158743349347,0.3706786974,10.591381,120.93677,5.8925438
39628285662993721,0.4084095785,10.713356,71.628876,4.903378
39632931244736979,0.3416425736,10.301437,58.121223,3.1512933
39627899438893540,0.4158006656,11.088611,104.15842,6.1829166
39627794119919713,0.2545893206,10.003734,98.771927,3.8415499
39627838759901121,0.1417830226,9.0294285,277.04959,3.3220804
39633443113403308,0.1571028791,9.1963406,64.320427,3.0011914
39633216553880256,0.1234677507,9.8200865,146.8275,3.4982605
39627607129457365,0.1428360992,9.3401451,107.47236,2.8708434
39627744748765874,0.07864592001,9.1675959,212.52242,2.8599999
39632976643883937,0.167801813,10.0399,98.828079,4.3482847
39628013779813970,0.1827846562,9.6162615,42.468784,4.6772861
39636701349413155,0.3042875885,10.085599,158.07187,3.9620178
39633118390386891,0.1081068955,9.5942936,104.0354,4.1673779
39627920871787715,0.08688153732,8.4406538,66.485054,3.7051706
39627929847595279,0.4078415975,10.520741,127.15852,4.1808925
39627874910604225,0.2181160078,10.350902,141.57037,4.2178583
39627758027932523,0.3288598045,9.9615831,54.466713,3.6889133
39627999556931488,0.4238045547,10.540453,114.62225,4.0041847
39628147699745625,0.2648949535,10.308376,56.690792,3.4219055
39627919714160369,0.1601112405,10.549585,128.14558,5.9400668
39627874625390392,0.05050850729,8.6964035,123.90263,3.6353252
39633080624873983,0.4436310985,10.416205,95.083862,5.0513339
39628467272159906,0.3242556229,10.184174,77.977112,4.3080659
39632935703284903,0.1731802476,9.6335936,81.115417,4.5091653
39633009397204107,0.1558011907,9.7359018,196.2057,3.8539619
39627793918593814,0.3275884719,10.252769,69.342186,5.9275537
39633310829248712,0.09928386224,8.9970531,92.002586,2.8599999
39633338817842303,0.06069290466,9.1269398,401.01672,2.9165921
39627694723306415,0.2211856822,9.8747959,92.660812,3.222194
39632941390758125,0.1322876158,9.8683624,81.477257,4.021172
39627701140592495,0.2037063839,9.5938644,51.895836,3.7974632
39633127949208274,0.3741405525,10.259727,108.04248,4.1126404
39628423311658144,0.09376280307,9.2219944,258.87778,3.3342516
39627921006007635,0.1589967301,9.5055285,216.38806,3.4382656
39627773127431242,0.04557088125,8.7600451,135.63481,3.7668529
39627788331780664,0.26403174,10.490547,228.57336,4.4475799
39627923409341560,0.06744219982,9.2753048,130.54329,3.8514662
39628012953538657,0.2178132841,9.7517328,121.11934,3.7883506
39627952786246533,0.3947218032,10.661798,108.96897,4.4690466
39627702684094532,0.04896073905,10.656541,305.13037,5.2031741
39628524935450407,0.1672912162,9.2976694,450.17224,3.2114725
39633066657844065,0.1158627494,10.508739,144.03897,5.1148801
39628114522802473,0.03884109502,7.9886537,125.74632,3.1483414
39627756887083779,0.2205556989,10.059607,133.18196,3.5770109
39628286652846520,0.2261595412,9.976325,75.711418,4.3517213
39627747999358346,0.127306936,8.7516241,309.90155,3.0838058
39628279782575541,0.2971706276,11.023229,129.20543,6.1773715
39627455870275640,0.1077261825,9.0960655,54.93586,2.8599999
39627890748296154,0.2267306538,10.244415,186.94556,3.9566586
39627707427851678,0.098478935,10.071487,87.122932,4.1919374
39627897480157765,0.2224789618,10.12084,95.862778,3.5389514
39633076002754251,0.3494666131,10.086334,56.266083,3.2513902
39633494401354377,0.09326192995,9.0954676,39.708546,2.8744788
39633199092990646,0.3198995009,11.0471,161.57568,5.0332899
39627691502081446,0.1151493291,10.198373,126.48147,2.8599999
39633285839586919,0.246334072,10.31477,159.19502,5.2327428
39628455360336769,0.2436678594,9.9627056,37.103611,3.8577974
39627743079439773,0.3235586929,10.087137,69.581055,2.9030638
39627652574743197,0.2361271116,9.8754053,53.590908,3.424937
39627820141386045,0.2156544356,9.4459162,286.46289,3.5685773
39628087389852941,0.1274973814,9.2038851,254.59447,3.5066621
39627433032291850,0.2586754287,10.0893,65.550797,3.3039484
39628374653535450,0.06528656882,9.1713238,110.90875,3.788065
39627810045690673,0.2882101607,10.310544,37.478069,3.6733501
39627357702591904,0.267436045,9.9549923,121.93633,3.8798087
39633510998213182,0.2507880286,10.431731,79.662117,4.8621144
39633143690429343,0.06462741626,9.0906286,211.54504,3.7918515
39633467503283228,0.2524116623,10.822959,224.35841,4.5710125
39628452067806818,0.1814647841,10.335925,272.43704,3.756176
39628322652558727,0.02794204054,10.875864,1470.4811,5.2953873
39628015507866271,0.2843009483,10.725894,81.985832,6.0659738
39627945177776244,0.1753907206,10.092135,204.67064,4.9462576
39628222433857783,0.3245828323,9.9800167,35.462269,4.5892782
39628488268842774,0.2396942266,10.158036,63.003937,5.6789613
39628189915415494,0.07768374573,9.6245031,187.71909,4.8465986
39627933089794797,0.1195449541,10.193666,181.74719,3.7440493
39627857101589801,0.0567860296,10.7955,247.89349,5.2840748
39627779364356372,0.1222864473,9.6232986,55.175049,5.471242
39632956318286818,0.1664407701,9.4677,80.7164,3.5258355
39627963657879673,0.3032019625,10.353745,99.799667,5.5583229
39633401346523932,0.2221112492,9.985755,55.487686,3.940166
39628522494364787,0.181761568,10.239439,86.65686,4.3152184
39633153542849065,0.3105493384,10.222806,41.734692,4.4039569
39633204302316092,0.2480108387,10.328281,61.036343,3.7204459
39633103995535999,0.355178066,10.154474,60.933701,4.433991
39628148626689168,0.2091188694,10.336185,175.46777,4.710804
39633497685494072,0.0384448058,8.1732807,193.91731,3.0055773
39633478945343592,0.254466838,9.9600296,99.442795,3.8323145
39633071338688478,0.2245307886,10.327718,54.777599,3.7187922
39627731301827301,0.1763806351,9.5819349,129.32607,3.6246493
39628072621705697,0.06368284807,8.9117861,51.382046,2.8599999
39627938978596182,0.1404262882,8.9920235,332.6185,3.3192091
39627957592917414,0.3962298881,10.686205,64.497292,5.0949798
39633174354986786,0.16562409,9.760829,142.67845,3.7516153
39627806056909932,0.1126287269,9.0852385,140.37657,3.2624974
39628033342050059,0.08492966372,8.9136887,131.2952,2.9618251
39628471147696302,0.2103020642,9.928874,72.117882,3.7866733
39627636565085071,0.1570000312,9.7305307,69.45784,3.1274908
39628492437981706,0.1825594575,9.5161266,99.978859,3.6561782
39627829779890609,0.03948270011,9.3946037,127.49208,2.8599999
39628545302988393,0.1107436836,9.1586952,324.88458,3.5626984
39627745923171330,0.2851319223,10.3266,170.53297,5.3894191
39632961280147566,0.2335356591,10.365438,126.96384,4.6586218
39628519419941792,0.1770981443,9.9407253,143.62781,3.9651048
39627708388348989,0.03891619003,8.8911839,339.87854,3.3858962
39627558936904897,0.111001085,9.1593666,61.22673,5.2476492
39627718827973187,0.08482724823,9.2609987,140.41112,3.5134201
39627625068497853,0.2872406491,10.020566,66.205139,4.0028019
39636735570743084,0.2902387552,9.7155056,69.742416,3.4043689
39628113981739741,0.03860139231,10.536958,599.19989,5.3452511
39628296740144064,0.1738875438,9.57442,51.815052,2.8599999
39627615358683264,0.1266664216,9.5569592,193.68909,4.1816421
39627595276354450,0.1126045288,10.177519,124.78589,4.2624588
39627741795977089,0.138519197,9.3791552,184.68301,3.6868377
39627778617778115,0.117361534,10.336957,55.178719,3.7140481
39627688574453397,0.4849765719,10.714231,123.4004,4.227632
39633411387689575,0.2206598731,10.758463,109.38367,6.1789479
39633401845647827,0.1119528496,8.8636522,82.441391,3.0156424
39628302146605090,0.3775214912,10.126641,77.390343,4.5467281
39627691153954295,0.08196545896,9.0069723,86.017662,2.9606805
39627766244579648,0.08022488242,8.7417145,139.73364,3.6374745
39628376700359152,0.07640519502,9.5417795,516.06622,3.8375554
39632935451623933,0.1917692935,9.8196507,85.992584,3.8371761
39627830107049991,0.07622143298,9.0161448,64.184258,2.8599999
39627857298722087,0.1190540493,9.204998,57.222198,3.333993
39628296555597687,0.1997479089,9.7672338,90.843811,3.9583843
39627661319865805,0.239323219,9.9136391,87.084709,3.1922431
39627959581019957,0.2398614491,10.391313,150.10822,3.9588273
39627779481801041,0.2994028988,10.293031,70.993111,4.1981983
39627886650463059,0.2751505475,10.336604,60.841507,4.2556682
39627986755912556,0.2760167222,10.564986,66.6008,5.9588552
39633196161172532,0.1074368375,9.6162548,106.00422,3.157021
39628517721245038,0.395496691,10.853555,58.522324,4.3158894
39633472104435013,0.143994132,9.5850086,138.93303,3.6504786
39627835207321005,0.01338524368,9.3212824,739.8233,5.250906
39628295951618429,0.09205357864,9.8893633,181.06644,4.3406696
39628499404721837,0.06753097698,8.2251062,82.662636,2.8599999
39633059317809919,0.3686796122,10.037069,50.35384,4.2851605
39628211151177486,0.04896738125,8.7453041,129.36839,3.1098177
39627755351968598,0.1407647924,9.695118,62.741161,4.0863256
39627781356650923,0.3502222617,11.21066,37.518211,5.1902952
39627891180308927,0.0775990997,8.6119862,70.266396,2.8697121
39627649764557258,0.2239561718,10.17623,71.563416,3.135474
39627967629886055,0.3877293858,10.55442,92.2556,4.395144
39627685831381314,0.3166560551,10.676421,127.40147,5.390594
39627883592811817,0.2124436906,9.58535,49.824596,3.9279573
39627892623153212,0.2343928534,9.8747149,77.49279,3.7787459
39627618156287125,0.0630236317,9.0282173,395.52325,3.2294316
39627444776345038,0.04963955869,8.5499897,93.3545,2.8907952
39628394693922072,0.1132232543,9.0652647,82.208977,3.3101542
39633345662943643,0.09335985129,9.5923729,284.91364,3.5189734
39627956145884719,0.1153843948,9.0574169,63.80101,3.0634446
39628037750261468,0.166302841,9.5482168,71.583893,2.8599999
39627920217473128,0.2380633696,10.075683,296.11429,3.9450796
39627721726230983,0.0989559919,9.3863506,56.586082,3.2631059
39633374733667121,0.3251624315,10.370977,65.120804,3.7434056
39627920859204224,0.1783070439,9.7038698,74.529037,2.8599999
39627999775039736,0.3333027943,10.185954,54.979862,3.8781021
39636298595566255,0.1337312142,9.3100939,73.131851,3.5591023
39633059338785185,0.1217272766,9.2743607,70.283524,2.9240074
39628059162182621,0.06678231756,9.7251396,45.682041,2.9356642
39627721994666906,0.204675775,9.684763,73.607353,3.383764
39633058684472457,0.1891595002,9.2985907,68.744873,2.8599999
39627872058475382,0.05523464296,9.1850452,115.60656,2.8599999
39628063075470859,0.09905067084,8.8873558,95.459969,2.9483128
39627582634722394,0.0654865975,9.5216846,87.161644,3.5213828
39628528060205088,0.0617409743,8.4538813,134.10779,3.0221195
39627890563747509,0.3545421552,10.756106,77.602943,3.8752964
39633480845363652,0.08236706177,9.1936312,235.22441,3.2032521
39628154494519647,0.2019037431,9.5256195,71.771851,3.4408715
39633519596539124,0.2455900946,10.827452,164.77783,5.0128627
39627805243212272,0.1306025891,9.7866955,120.95367,4.7174959
39627622979734915,0.05963912463,8.8115063,164.97652,3.4638143
39627610963053564,0.2043953449,9.553051,36.95715,3.0910139
39627848746534207,0.1555200489,10.634465,813.13318,5.7315226
39628227328607568,0.2813468085,10.027892,61.139339,3.4367611
39633458103845309,0.05536401857,10.611766,2396.6353,5.9816661
39628461978945031,0.064571708,8.6063824,79.871086,2.8599999
39633267594366384,0.2272110139,9.8353214,39.697334,3.5783458
39628147209013247,0.2380724355,9.6892385,67.554527,3.6780825
39633500231436298,0.235780893,9.6526318,102.55932,3.8723953
39628010839608671,0.1513832217,9.9204826,84.67807,3.1398869
39633497479970853,0.2234488582,9.8325033,61.82346,4.0745597
39627915440165046,0.3158354273,10.091424,74.229538,3.3364687
39627597511918600,0.2250694998,9.6094112,44.715706,4.2127914
39633266508038248,0.09041646414,9.1546249,40.407948,3.3807759
39627895647240909,0.1548980149,9.8395872,171.58453,4.027287
39627893331985286,0.1760125171,9.6686058,57.918022,5.6596551
39627811916351896,0.3730060735,10.228621,51.43137,3.336031
39632941365592613,0.06903039757,9.6502113,49.392555,3.6391253
39633349932745382,0.1103944107,9.5950232,279.20074,3.3702469
39632990334093137,0.09024315236,8.9374552,35.366116,2.8599999
39627694513590519,0.2173590094,9.33319,191.99553,3.0579817
39628374250885009,0.03406857109,9.1135139,1318.9912,3.6383343
39627591769919838,0.1957716606,9.4971418,90.436462,3.6692147
39627684619224321,0.2544881986,10.775462,94.454048,6.1223836
39628346845303242,0.1975535697,9.3060541,136.93945,4.1319356
39632966845990915,0.4133819411,10.45535,72.799286,4.1820941
39633367930507281,0.2300456511,10.236747,127.58006,3.7877991
39627977079655693,0.2221880603,9.2176819,108.10912,3.1127615
39633259876846182,0.1923798345,9.2553844,95.753784,3.4168937
39627775576900772,0.2301188591,10.360687,321.27826,5.596138
39627920221668990,0.1828749935,10.05962,91.271088,4.3709517
39628319011901541,0.3180495833,10.116944,76.608688,3.8254254
39627940731821633,0.1969119875,10.914021,270.30106,4.6353469
39633256320073939,0.419560367,11.04607,143.54732,5.248107
39627785177665446,0.2019222912,10.382646,109.5775,3.3897429
39627817394115110,0.02555144501,9.1969986,320.40048,3.1859832
39628194218778145,0.2114100512,10.698663,193.37233,5.4439731
39633374578477983,0.0866757302,9.5279026,114.70143,3.2925858
39633209247403251,0.3762689135,10.167873,94.692368,3.8425157
39627802697276077,0.1787118346,10.121277,175.31558,4.2033129
39628119795044875,0.1159275627,9.9722967,552.7572,4.2504139
39627872192696448,0.4860233399,11.388994,50.672958,5.459044
39627775266525775,0.224369437,10.251403,142.04111,4.9477067
39627690378005117,0.07827782221,9.9405031,731.12872,3.7602758
39633380907680636,0.4809391523,10.808574,148.28494,4.810452
39628011498112735,0.145421813,9.9170389,160.16821,3.8865163
39633244404058980,0.3300248274,10.193118,173.81288,4.2394705
39628397571216527,0.2665804354,10.795745,78.031021,4.6421647
39628205681810866,0.1918745592,10.105495,261.10168,4.2781677
39633086694033093,0.1528567924,10.142778,93.473587,4.4472489
39633153895170323,0.2748570572,10.09901,79.946785,2.8771877
39627859316182881,0.2308268634,10.696216,153.49278,4.1748395
39633537942423017,0.349140264,10.881892,165.41763,5.7156849
39627866052234870,0.2070794703,9.6653957,107.43858,3.375483
39627823639432116,0.06402384726,9.1405849,91.388229,2.8599999
39627835794525620,0.2377091086,9.2352362,58.066235,3.0134485
39627663601570415,0.1200724268,9.1387777,117.95576,3.1249723
39627917000443742,0.2979616956,10.003636,34.79958,2.8599999
39627642470663418,0.3057432099,10.235375,177.614,4.0809336
39628478265429789,0.1872219836,9.7856379,122.81973,4.171483
39633401325554773,0.09435471062,9.4487858,61.377762,3.1893296
39627981668221063,0.1106123028,9.3817005,59.373825,3.0770361
39633395436751863,0.3637428867,10.148983,55.26675,4.091198
39628490235974199,0.2741578842,10.317231,307.63943,4.8811617
39627829645674950,0.0958959933,10.599117,384.35251,5.1511526
39627812105096640,0.06350816875,8.5342913,421.2493,2.8599999
39627878857443634,0.2164043673,9.7955227,66.830795,3.1907206
39627886738543314,0.206351018,10.152537,148.08183,4.0447955
39633491419202861,0.1408071381,9.7928505,74.461151,3.4098365
39633293825540218,0.1456704532,9.8255014,75.647522,3.9080777
39628521982657961,0.1062382102,9.2747173,266.06253,3.4455574
39632946113546745,0.244373811,10.216287,115.98692,3.8089032
39627989809369041,0.3746443333,10.776618,102.90762,3.9127462
39627669783970369,0.2446570231,10.038814,94.547035,4.162519
39633054217537626,0.4370145434,10.20615,117.29512,4.1998744
39627630575616983,0.1848989475,9.8481293,163.54649,3.8984389
39627800830804454,0.1562280566,9.0028124,109.50287,3.270021
39633371474691982,0.3356742021,10.013062,72.499619,4.3202724
39628502785331649,0.16752024,9.7253323,192.49133,4.0191321
39628001830244768,0.229772217,9.7219057,93.835464,3.9503143
39628428504203607,0.2726864929,10.535069,55.738049,3.916779
39633447626475617,0.07826957719,8.9848251,240.47411,3.1403003
39627527307662907,0.2177932317,10.714021,152.56532,6.4116726
39627989570293705,0.08883703646,9.4932156,67.405586,3.7426312
39633236787202008,0.2380964423,10.628587,277.49094,4.6092176
39628022625599538,0.2720805032,10.204274,67.026596,3.4587402
39633030406475424,0.1708491994,9.9466105,120.71284,6.336545
39627790571541508,0.3186778338,10.59461,120.32366,4.8514194
39628000878133679,0.1327965245,9.5151844,101.33642,4.4618707
39627582827663775,0.2833621259,9.9276934,52.484833,4.8514862
39633377946502391,0.363158194,10.625621,59.368252,4.3657584
39628005491871067,0.28147876,10.516581,97.417366,4.9045987
39633485039666433,0.112286412,9.4626856,79.563911,3.9367075
39627886717571658,0.09779058061,9.1738815,66.659775,3.3231175
39632976509668305,0.05564502509,10.175268,122.15562,4.7123184
39628256319637195,0.1822851573,9.5561113,132.05893,2.8599999
39627729611528461,0.154209314,9.0744686,252.48433,3.2950535
39627803552913907,0.3301335817,10.566062,47.517654,4.1876969
39628454404036187,0.08728129978,9.3733492,220.64685,3.4328575
39627872465327073,0.3224522048,10.459994,80.693901,5.1477342
39628464034156185,0.06378067896,9.8364134,134.72427,4.6305428
39627836876657065,0.09873983002,9.4661388,178.05518,2.8599999
39627833592515526,0.1989853043,9.2051535,61.170639,2.9981925
39628019035277920,0.09303069878,9.0786257,941.27893,3.5297651
39628394270298980,0.08363993145,8.8528337,48.166439,3.064698
39627899296285100,0.08515387807,9.5256767,220.2458,3.7178488
39628527091320847,0.356723552,10.418034,86.770699,3.9178536
39633333038091758,0.1243926413,9.4418869,153.24217,3.7183223
39633166524221126,0.06311755826,8.7408562,92.736214,2.8599999
39633040397305684,0.219756973,9.9262218,66.094429,3.5185506
39633455650178802,0.02993130019,6.9819341,79.867043,3.0647781
39627936214551125,0.2211583109,9.9429016,77.158356,3.561815
39627783982286885,0.2305701303,9.9300871,65.200203,5.397624
39628507323567846,0.2012855893,9.8703194,37.398876,3.7582169
39627625311765700,0.2359320201,10.842111,205.28992,4.9762697
39628268021744054,0.1213912582,10.221596,1318.5745,3.8282499
39633533651649075,0.1131828633,8.8702984,62.872929,3.0237632
39633108521189895,0.3833929593,10.687539,59.666561,5.4304657
39628428671979596,0.2211401393,9.8122501,201.15013,4.4064579
39633352013121965,0.08064399494,8.7674627,150.68539,3.0433195
39633020570829554,0.07204444058,9.4991035,339.62134,3.1944668
39627346122118653,0.06474269562,8.7558861,65.975456,4.023911
39627661584108870,0.149935574,9.1666117,104.72174,3.1723843
39627625659897635,0.05629686559,9.3435249,84.023529,2.8599999
39627820153966320,0.1213960407,9.9174728,180.70067,3.7142344
39627899229179028,0.264654571,10.679044,180.90045,5.5104313
39627691556604396,0.1803386337,9.6694489,83.976501,3.0550473
39627967940264726,0.3295554933,10.910805,80.784607,4.95577
39633402634174648,0.2696186301,10.038814,94.511253,3.8703876
39628183934339852,0.1196498555,9.531106,54.463726,3.3352864
39636945126558056,0.1492143171,9.8391132,277.96552,4.3396831
39633485605896996,0.3514470112,10.362578,47.908291,3.4094129
39633540630971994,0.2295864817,9.7209911,61.91283,2.9783106
39627866886899149,0.02891812708,8.1441298,69.064186,2.8826294
39628052992362717,0.09627528055,9.6217909,242.01277,3.8549044
39627848654260914,0.2775617942,9.7488585,111.55479,3.8414009
39632931714502917,0.2476505868,9.6975508,65.30719,3.5994804
39633240281057801,0.342533877,10.137112,85.833771,4.0242081
39627783894207617,0.2144699305,9.6151934,53.017776,3.6899729
39627685625861016,0.07769838228,9.2838116,93.584328,2.8599999
39627645599614630,0.08966195764,8.6561518,247.34412,2.9344938
39627880497423094,0.01694726471,7.6603718,400.92953,2.8599999
39627623021675962,0.1206499798,9.6584806,77.56488,3.6999638
39633239387670197,0.2546017743,10.693398,96.676292,4.6749868
39633095908919524,0.1612237699,9.8054552,151.69452,3.5622404
39627847534379650,0.1270875221,9.1203899,76.196915,3.3753674
39633329724591140,0.1667748237,9.8800869,245.4754,3.3680191
39633481210269207,0.1199486796,8.6679878,130.14922,2.8599999
39633144231495840,0.0652151973,9.0372944,129.36914,2.9984128
39627823895283022,0.3662501586,10.055161,79.330475,4.0647535
39628105760899955,0.2518998445,9.7760706,49.493469,4.165215
39633467213876102,0.07272082973,8.5669003,76.680557,3.4115415
39632931022440972,0.06346308472,8.6941986,114.83629,2.8788974
39627981567563253,0.1480811067,9.8861628,64.215919,3.2667081
39627721633958019,0.1885941757,9.5243015,58.368446,3.9416935
39627646610449962,0.3063730528,10.667355,72.49868,3.7077312
39627896851007244,0.2413429119,9.9049215,89.446571,4.4889436
39627850411677258,0.1781636526,10.22132,175.808,5.6266446
39633243586166962,0.1261542161,9.4868908,65.188408,3.664397
39627884591059227,0.1569334611,10.146761,707.86285,4.9334517
39633358866615554,0.3161634151,10.206434,71.1213,4.6620507
39633465901057907,0.09145608891,9.7689791,200.03465,4.6094966
39628061561325392,0.2410844694,9.6853018,44.556202,3.5429277
39627896913921809,0.133080643,9.7554398,273.21179,3.8591928
39633432451484231,0.1263187097,9.7070799,241.68999,3.9147801
39628506509871615,0.2682285983,10.312505,97.522179,3.9071496
39633039864628665,0.2278542483,9.5826111,52.422935,3.2115726
39627627463446439,0.3053312661,9.9949417,112.21368,3.4709306
39628153517252759,0.1390419827,9.3194084,157.92758,3.3366749
39627847966394962,0.08131962957,9.0575218,92.280037,3.2629206
39627739631718907,0.3718261158,10.284621,77.600868,4.1128368
39627785613871475,0.08702207829,9.5997581,135.29054,3.1972053
39628275374362428,0.4729343146,11.109672,117.05759,3.8774331
39627753808470264,0.09322325156,9.9409943,123.79784,4.2413201
39633064137066618,0.07995131749,8.8554173,345.28955,2.9562328
39627593086927086,0.08858882142,9.4990139,314.47571,3.8840218
39633418442509239,0.1238978783,9.3694687,116.85596,3.4543316
39628011699442053,0.04897013987,8.1700439,141.53888,2.8599999
39627908943189036,0.00387134467,6.5710406,3863.5762,3.3753214
39633486000164112,0.2091387021,9.8264751,57.320026,4.0612111
39627785089583498,0.1736801282,9.6418219,60.169559,3.9761443
39627809596903647,0.1570604382,10.537651,179.68033,3.3733895
39628129555189986,0.07081231271,8.8766527,54.162148,2.970897
39627842031453593,0.101001582,10.740716,170.47395,5.8797817
39628141370543309,0.309284518,9.9928827,77.99205,5.2213926
39627945802735776,0.1106239271,9.3460808,44.933731,3.8902047
39627999661790228,0.1540329125,10.992719,105.13335,3.3920794
39633495554787957,0.2258273758,9.9982395,71.730736,4.7932606
39628512876826822,0.2195435994,10.056965,114.16253,4.3787036
39633285571152165,0.15316889,10.005166,165.67278,3.3085346
39627891339694359,0.3004066709,10.571775,192.37012,4.9427791
39628125381853478,0.1077179567,9.4363575,225.28699,3.0162179
39628119614690748,0.3346954529,10.194881,136.34236,4.5348773
39628377925095281,0.1557167897,9.6177416,86.375847,2.8637891
39633149382101977,0.1815924742,9.7110367,52.496334,3.5492969
39627658539044716,0.2373769041,9.8468676,54.160164,3.3440967
39627787501307363,0.3631599541,11.087414,224.13176,6.3223815
39633183444044891,0.268625288,10.261213,100.34387,4.6417861
39633240457216852,0.1743068184,10.014576,70.393517,2.9171078
39628313202789046,0.3215569396,10.035246,53.705517,5.6933651
39628363618324811,0.04898905264,9.7243128,397.44165,5.2662354
39628076195250800,0.3031257947,10.759123,384.10535,4.8514819
39627980359602089,0.1638946471,9.5828571,132.04813,3.619298
39636690024800114,0.2290589011,9.6096163,43.049961,2.8943064
39632941478841861,0.0790713955,8.8761711,115.64048,3.315721
39628522645360654,0.2286647703,9.9942827,85.368263,3.8371751
39627700872154461,0.1392435498,9.5006466,114.22931,3.5394638
39627895513030019,0.03061773283,8.4206343,65.82206,3.3643134
39627856728295983,0.226523847,9.8031902,55.476433,4.5758934
39627878509314398,0.1343495273,9.4426298,116.63595,3.3473005
39633211705264616,0.2975448207,10.216679,125.49142,4.0839529
39627664981495481,0.1494079575,9.3989916,91.551193,3.2612641
39633536466029152,0.1124235368,9.5733843,135.70872,3.333226
39628135620151550,0.03443771395,8.9068556,563.4671,3.6831684
39628201193900963,0.2369503126,9.7777557,67.26693,2.8599999
39628396434559862,0.2780872083,10.033202,44.266407,6.3518534
39633174434680589,0.100334652,10.451878,248.01199,5.8188052
39627803221563641,0.1168697066,9.628644,302.74515,3.9333723
39633453204898040,0.1725862712,10.0397,41.702187,5.2267385
39628418228159419,0.1499291022,9.1662788,106.69546,3.9554164
39633072982854367,0.07609841931,8.9964552,79.183609,3.1060004
39633324737563574,0.3702611275,10.570515,104.87461,4.7955284
39632950219767888,0.1781616195,10.03668,128.02908,4.1476278
39633411396077746,0.1741468792,9.6529713,59.941177,4.7331996
39633429444165956,0.01888370105,7.6413546,145.60822,3.0019176
39633365300675824,0.08358253768,9.9364233,119.69553,2.8599999
39627705607522805,0.2572669943,9.2157288,69.665749,3.6934259
39633053600975723,0.1876409822,10.087143,71.694084,4.2920542
39633539351708279,0.1825175274,9.964921,109.01514,3.9021435
39628439212264919,0.2172633957,10.542588,402.9024,4.0543547
39627949623742178,0.126606266,9.4653044,235.22916,3.2770302
39633207871669338,0.04935356485,8.3511019,33.794563,2.8599999
39627654751585867,0.1755869418,9.6457148,113.1222,4.0519381
39627871571937714,0.2609570657,10.1209,191.20573,4.4949698
39627708900053573,0.2834483438,10.06772,134.93896,4.5405054
39627769348363104,0.07387843,8.8436518,53.297035,3.4528227
39628269707858252,0.2978811994,9.9280853,84.864853,3.8854275
39627753686833512,0.2663713714,10.183064,120.30355,3.9791026
39628396476498946,0.173105024,8.6470623,120.66567,3.142976
39628184479597700,0.3667388917,10.171956,63.391102,4.658361
39628137402730911,0.3782304701,10.23108,83.140297,3.7455461
39633293078956461,0.1313791455,9.1723347,108.24512,2.8599999
39628372489277363,0.1350924759,10.049589,197.51013,4.4370384
39628512490950629,0.1749901288,10.065097,260.00632,3.8646886
39628347063404686,0.1259325831,9.4245768,376.4472,3.7386136
39627921370910992,0.04110760105,7.9346585,51.454033,3.7093709
39633300867777575,0.3507082347,9.9716721,84.425575,3.1671917
39627784644986337,0.4508525633,10.403917,88.972511,4.4300179
39628060848292935,0.04079972667,7.9519119,143.86525,2.8599999
39627835496731428,0.3278787634,10.239513,79.738174,4.6182637
39633499803615827,0.1315470733,8.7524023,262.58765,2.971132
39627685235786469,0.1279627609,9.6666012,247.80942,4.2681894
39628194017446568,0.1385134591,9.336009,121.46954,3.8847978
39628220819047197,0.3126969751,10.087,46.032028,4.6746187
39633470015670649,0.3162327979,10.632878,86.897545,4.1401916
39627673747591126,0.4217222323,10.826735,48.45549,3.6958272
39627618303084554,0.2313311533,9.8867216,58.281841,3.7414007
39627976794446082,0.3678704721,10.315405,77.964378,4.5708876
39627851598660177,0.360814416,10.620691,80.289146,6.8646879
39627915557604806,0.07846496078,8.674017,347.26453,2.9386683
39627890039455868,0.1359531225,9.0539856,78.319504,2.9952531
39627955650954659,0.07921366657,9.5659323,424.09,4.4752874
39627624691009664,0.2581021482,9.5959044,61.079185,3.3910894
39628488705051029,0.1463851638,10.442571,126.97305,5.42384
39628479850874128,0.08850232625,9.3767347,188.07066,4.0898714
39628284731851269,0.1113174211,9.6336575,235.13843,4.0288439
39633063969292846,0.03847985157,8.0852194,67.090637,3.3128345
39627989536735701,0.01702376751,8.6512985,127.29189,2.9630527
39628363664462618,0.2840469565,10.076274,104.71014,4.6109805
39627685080600601,0.3652450042,10.086922,125.78327,4.5023069
39633448993820483,0.07826514421,8.5401011,89.756294,3.1790099
39633452647059486,0.1061816633,9.7007256,172.61766,3.3691895
39627920896953422,0.2851707981,9.8723841,59.40815,3.7103386
39627607339172366,0.08498777548,9.2274637,294.15945,3.7604175
39628206969457636,0.259443408,9.8841505,145.22917,3.5400195
39627926886420447,0.09292848763,9.5828505,59.057129,3.3980877
39632986752156900,0.2760901942,9.9519472,359.1976,3.5882452
39633126988712864,0.06377626673,8.7789345,245.63951,3.2345901
39628076870535748,0.1068237745,10.032431,209.97166,3.9640903
39627847471469067,0.3804576384,10.146549,88.635269,4.2963514
39627749597383201,0.09357660823,9.6150665,122.43747,3.389128
39627682022949589,0.1224154708,10.143097,78.486374,5.0072975
39627526242305541,0.08270034195,9.6029806,46.888412,4.5489163
39633100761727926,0.3268510001,11.284747,104.00517,5.4036884
39627946821950179,0.1476967825,8.9316664,62.512146,2.8599999
39627643242416968,0.2182519829,10.164231,82.091698,3.0104811
39628147229986370,0.2383823365,9.8349018,64.23114,7.045085
39627712196772451,0.1827239114,9.7504597,142.38896,4.1279917
39628219334264069,0.06980971211,8.5127687,58.568718,2.8599999
39633355595057853,0.06173004388,9.2076302,69.361053,2.8599999
39627793604019760,0.210879234,9.9420004,76.04512,4.3290367
39627913825356574,0.2365234085,10.136109,220.95036,3.9475007
39627805520040631,0.1310847613,9.3354034,67.24263,2.946275
39627914861349312,0.3329206726,10.046583,50.637131,3.9743245
39628222249309089,0.1001005121,9.0337601,73.848282,3.065958
39632995933487657,0.2091197647,10.225828,74.292206,4.6656461
39627467266199849,0.06499683843,8.5301905,56.918137,2.8599999
39633195150346347,0.2701696705,9.7347269,172.63773,3.6592829
39628347063405433,0.4438183108,11.014632,117.18207,7.0170293
39628405422948756,0.1165803043,9.9097185,184.96823,3.9994097
39633029617944149,0.2021214207,9.6448345,52.765171,3.5373266
39628372841598552,0.07073956353,8.9962626,352.93106,3.4836297
39627873358713007,0.2814201223,10.050064,152.37041,4.0539269
39633488214756325,0.2564703768,10.086514,112.71947,3.6766403
39633358094861338,0.2756993646,10.096136,144.55074,4.0644746
39627613035040041,0.3782298153,10.351863,68.471008,4.1790199
39627875254537800,0.09246307873,8.7701473,32.984779,2.8599999
39627594311668936,0.05390609067,8.525938,62.536556,2.8599999
39627763807685283,0.06998916803,9.7192745,357.14487,3.411865
39633053970074272,0.2017664644,9.3462858,44.677021,2.8599999
39628190104162159,0.1195372983,9.2412996,52.213573,4.974895
39627685315480458,0.2564848577,9.7931118,36.115402,6.2474718
39628502873409924,0.1145912897,8.6546459,92.627342,2.8599999
39632981190508587,0.4472194566,9.9649467,66.89769,3.2263784
39628441653350145,0.112631893,9.6870327,59.402199,3.8103364
39633005316145336,0.1605170936,10.023789,289.49237,4.0849586
39627747647036716,0.1254970005,9.0516529,46.08905,2.8599999
39628244307150365,0.4583823935,11.238871,134.03664,5.7989922
39628498679107334,0.1191844845,10.019083,352.48239,3.5165448
39627794132502553,0.08192882564,8.9196987,55.199993,3.3958261
39628416554632659,0.1793915219,9.7805958,78.953461,4.5092568
39627788747018460,0.2147067226,10.071918,84.272034,5.8616457
39627727912830678,0.09720814644,8.9754963,53.302193,2.8599999
39627944074674907,0.1270469452,10.121,165.18352,6.8637409
39627977171929775,0.09606238178,9.1943541,71.378036,3.2388361
39633424603938992,0.133516541,8.9496956,67.14238,3.4222567
39633407793171908,0.05658146048,9.5932779,79.246452,4.7015796
39633001176370740,0.384224774,9.9949484,72.658531,3.6788404
39633497463194401,0.0934576235,10.070974,60.211266,3.4983566
39633281850806843,0.2170090376,10.046082,195.34721,5.5370803
39628001486307727,0.1893902092,10.11221,84.824509,3.946646
39633244643132240,0.1708877244,10.334294,177.06459,4.5305467
39633507361752963,0.1819515925,9.5938787,41.454777,3.6678262
39633336544529146,0.1301190429,9.0132484,51.471161,3.2221262
39627803448052119,0.1290518065,9.6705084,69.842285,3.4088652
39632946356814402,0.2457064568,9.333662,65.021202,2.8599999
39633338780092346,0.02530987,7.4405913,400.07007,2.8599999
39627666537581632,0.1208374224,10.327398,407.82834,4.5329294
39627721571043992,0.2297434195,9.8490667,176.02867,3.7889802
39627815284379338,0.2103775722,10.172577,195.10953,5.1520228
39628372489275865,0.1933027234,9.998044,146.84387,3.5750175
39627775950198236,0.2668802382,10.93463,62.288891,5.7890458
39633310699226860,0.1454323806,9.6438837,90.640434,2.8599999
39633404785855850,0.132400527,9.1569262,67.200623,3.9509711
39633103592884937,0.4254594746,10.42834,52.629772,5.79001
39627800793058882,0.2324099193,9.6274891,69.42231,3.8738108
39632936441479495,0.2329156317,10.638677,214.16455,4.6654649
39627859400065962,0.07909679243,8.864049,50.899384,2.9439023
39627915670851399,0.1552080385,10.156954,56.363262,3.8428228
39627860658356316,0.07284713574,8.711709,40.541302,2.8599999
39627787241261761,0.2150829862,9.70191,486.68604,4.0281181
39627473662513624,0.1679430359,9.4539595,44.756184,3.5473933
39633514345269706,0.182139207,9.8209372,82.498222,3.8440669
39627768941514730,0.2874951769,10.156461,62.928867,4.4693246
39633405729571919,0.3050620977,10.272888,221.75162,4.4122772
39628490261136526,0.1935155714,9.908432,108.57984,4.3042645
39628243724142823,0.195266341,10.104692,44.856438,3.9801254
39627812503552886,0.2534980329,10.98342,178.43033,5.8835549
39627786855387700,0.08513231936,9.633893,61.640007,2.8682413
39628442924223043,0.2476198313,9.5439978,131.32365,3.3994858
39627938383005024,0.0991819818,8.9208841,147.03336,3.3284225
39627702671507663,0.1508247768,9.0844917,69.726135,2.9088571
39627967680222495,0.1111764331,9.3417969,238.53734,3.8041763
39627881353059147,0.2741782434,10.025443,45.527191,3.2240825
39633339434402852,0.0640243059,8.9802713,250.04919,3.0746579
39628209318266339,0.1562303455,9.3987923,212.23405,3.5340271
39633024316345727,0.2564722541,9.6635723,33.752605,3.772954
39628117370733688,0.2343943318,10.003103,265.86307,3.7831986
39627697449601456,0.1439691516,9.9601917,126.03214,4.0379291
39628341640171472,0.03782965603,8.1115646,85.599709,2.8599999
39627649345128291,0.4658332552,10.325617,124.74329,4.3673005
39633252201267523,0.2686056581,9.8026733,74.795746,3.6537323
39627963695631909,0.2551971912,10.688566,186.40427,4.626544
39628112064939334,0.1929426754,10.157662,40.943649,4.0625286
39633278889624795,0.1900614094,10.229103,51.44046,4.2315001
39633387010392965,0.4205320629,10.390881,115.72531,3.9718153
39627876051452763,0.189648169,9.6500225,64.511765,3.1755209
39627623118145239,0.01466305609,8.8659506,54.879612,3.8154323
39632961682805305,0.2746578679,9.4539347,91.220169,2.8599999
39627639324941147,0.2246274194,10.310585,342.71622,3.3149781
39627839766529475,0.223432054,9.8829288,34.64156,4.4127021
39633001075704921,0.2552669657,10.326925,74.790329,4.3080792
39628106255827230,0.2357393624,10.067925,66.548019,4.0587759
39628411789906666,0.1205438523,10.140562,555.26654,4.0254779
39627790311493463,0.05158964751,8.7693748,64.694321,3.953105
39633399916266655,0.1612533558,9.8803129,96.603355,3.7533817
39628352683771168,0.331472293,10.547479,48.073837,3.9808137
39627645683500183,0.2288257576,9.925169,145.56769,3.9602954
39633105429988500,0.3963147227,10.568852,65.852905,4.2824073
39627678914972655,0.05352039584,9.004405,92.008797,2.864398
39632957119402280,0.06039258304,9.4449387,417.00354,3.5777895
39628336007222466,0.1425295633,10.175673,148.61124,3.600353
39627879444646951,0.3064248157,9.1161222,146.07384,3.1816928
39628274367726009,0.1179338349,9.6982317,147.65761,3.7855759
39628416378473757,0.1320123337,9.1399736,510.96823,3.1634297
39628476143111066,0.07115030685,10.231368,1496.1733,4.4253197
39628148584749070,0.2106499705,9.6771746,196.71426,3.5666637
39633461304100799,0.1043473044,8.9932384,182.42848,3.4397688
39633259876846572,0.1914164287,10.005616,65.243935,4.5807858
39627770564711651,0.2799808769,10.004,117.39322,4.2306142
39627743205261709,0.3419240878,10.198516,136.02972,3.4872053
39627555560490678,0.0832512997,8.7329369,74.990471,3.0845432
39633434888376389,0.2708987491,9.7374763,103.59814,3.9348929
39627730743986891,0.07335555407,8.1605749,1152.448,3.1673024
39632976262202233,0.2703598846,9.7336378,50.922981,3.5892262
39627898608424769,0.2197405133,9.6531782,44.471558,3.2473929
39633086232658785,0.1071813591,10.517029,174.2364,5.0837717
39627648573378610,0.1574130402,10.697363,183.69894,4.0503678
39627467773713893,0.2544485885,10.112145,66.248184,4.0740733
39627814592323521,0.1742817323,10.412838,148.96315,3.8776808
39628210756915699,0.102837376,8.6840801,122.25354,3.3760631
39627718215601320,0.2527391966,10.58079,242.35893,4.156271
39633072945107063,0.1524018261,9.5307007,112.46981,3.6758213
39627885266341867,0.03175850811,10.345084,125.56451,5.9834194
39633343213475538,0.07116771383,10.362201,65.175507,8.0393152
39628088895604104,0.2888743643,10.09093,90.375526,3.2272398
39628142771438579,0.377095424,10.437607,130.79938,4.7246528
39628352465670303,0.3129185326,10.528016,196.51741,4.5604153
39633487656912115,0.07385712518,8.9138298,138.46964,2.9164007
39633368148609583,0.02994281491,7.8237214,1089.9396,3.1212723
39627964752597974,0.1129792734,9.3159466,129.19699,3.5972867
39633387786338632,0.2760022537,10.229517,115.7609,4.2338972
39627800629483324,0.2170817101,9.9755011,157.1181,3.7543952
39627794413518940,0.2209917842,9.9453526,78.819061,4.8733926
39633162946478892,0.2984506835,10.103537,89.952858,4.2011514
39633010961679790,0.1249567475,9.73458,151.23119,3.1303775
39627806413425693,0.1531944498,9.960598,98.298019,3.7274096
39633252775887510,0.1957790636,10.151551,371.52798,4.3976169
39627945089698437,0.1407152976,9.7513227,275.09204,4.3508039
39633349836275954,0.09415005572,9.8557291,99.668365,3.8035133
39627748028711848,0.3595764294,10.148943,29.528021,4.1536808
39627570773233051,0.08209457728,9.5425816,111.12471,3.17011
39633108592494343,0.2518478812,10.109442,86.635864,4.7435122
39627901699622647,0.2255588019,9.5295353,65.634018,2.8599999
39633472960073523,0.3932436096,10.083022,50.343437,3.8725019
39628434338485611,0.2305383859,10.55686,161.43053,4.0099874
39632986030737728,0.1004747489,10.898465,400.49982,4.8667908
39633175760080828,0.1723032255,9.4424992,57.722702,3.3973391
39627818522381733,0.448046151,10.917385,94.289093,7.8518672
39628491758504061,0.1170837183,9.0207443,54.221172,3.9977005
39628493578835507,0.1240164948,11.090208,377.12701,5.3980398
39627909375198038,0.3784373927,10.297759,118.95443,4.2061129
39633405687632025,0.1644621927,9.6795731,101.05106,3.5534296
39633001054735031,0.2143719227,10.861807,210.35451,5.6133924
39627915599544769,0.2393772483,9.979104,37.344654,3.7420971
39633200175123136,0.08775882649,8.7707481,65.790215,3.1548707
39627861308474285,0.1349603077,10.229926,84.73864,5.515347
39628005374427634,0.1267567225,9.1677561,67.566475,3.4320843
39633143690428524,0.06750024193,9.184742,61.838264,4.1638036
39627850524922545,0.3027953494,10.038711,52.57653,3.3429964
39627748653670352,0.188963952,9.621213,61.011497,3.0447323
39627796493899258,0.2202181668,10.287088,61.253567,4.360373
39627643477300509,0.00904543129,7.3699813,674.80627,3.8004601
39628456782205347,0.09086532824,9.6599007,57.315647,4.0690703
39633220387474894,0.3515566808,10.476723,43.204899,4.2384152
39628488486947461,0.09161048427,10.529185,289.67618,5.21595
39628094872486641,0.0494372986,9.5472231,264.98355,3.5774689
39628417930363687,0.2224063575,9.8659029,121.82704,3.9226851
39628049423010823,0.133978089,10.22577,109.64902,3.898195
39628113432287885,0.202478209,10.796818,85.915649,5.7700658
39627669192575506,0.02067499641,8.0226841,40.738766,4.050158
39632949901001655,0.2615465599,9.9829865,118.09167,4.1555004
39627612762410940,0.4160784557,10.404601,47.726566,4.8173079
39628041005041604,0.1668056293,10.377281,181.70792,3.3098617
39627667078645876,0.3737095857,9.6608295,64.110191,3.8034024
39633030913988390,0.05764164649,9.7838364,90.147896,3.4410548
39627715338308933,0.4606371519,10.539036,70.912453,3.6793668
39627906183333209,0.0804688693,8.9490786,58.709873,3.9236388
39627622275093448,0.1693214529,9.0769186,50.684433,3.403338
39628170814555340,0.4418033606,9.9642668,104.83355,3.8130984
39627690591917042,0.3287473857,10.355999,68.340172,3.9987156
39627775564317383,0.1334461136,9.0201874,67.557076,3.5001478
39628018779425195,0.2522112891,9.4471064,53.269127,2.8599999
39633148429995240,0.4405293088,10.662158,78.829498,6.0482211
39627827745657055,0.1901011296,9.9003582,148.37192,3.5716083
39627642692962960,0.03168816782,10.173991,393.98657,4.4208198
39628245695465316,0.1557610561,9.683404,106.65331,4.1028709
39627875673967174,0.08772269851,9.5919895,140.55139,3.389107
39633232680980552,0.2146184267,10.082338,79.133179,4.4620748
39633285847974184,0.1531810914,9.2661066,84.328957,3.1254089
39628448162910534,0.216372534,9.9832268,96.829956,3.7104616
39633015634136840,0.2116886304,9.9502096,160.18684,4.2878575
39627776189269625,0.1109177269,9.933691,248.25134,4.3057351
39627889431282092,0.4885118391,10.056326,101.53337,3.9619529
39633474566488445,0.1104289191,9.3485794,135.48163,3.1627719
39627782849829031,0.08436320444,9.9420824,101.32083,3.2972965
39627903066968667,0.3436364348,10.685746,107.09066,5.2812705
39627745403078252,0.1199502521,9.0677462,68.897995,2.9100494
39633165605666918,0.297993343,9.9278851,34.362942,2.9197135
39633247797248780,0.0428194026,8.7073898,65.922371,2.8599999
39628206898153262,0.06047767585,9.3941793,55.039082,2.9648943
39627913561114733,0.104772618,10.242469,275.23785,4.5605583
39633179551730808,0.0372294369,10.02377,138.85471,3.6368241
39627827007463604,0.1468503636,10.165683,133.29306,3.933836
39633452915493534,0.1839918067,9.4201031,131.60405,3.8477502
39628396606526802,0.4269953839,10.414902,89.195305,5.3128028
39633332425720442,0.2639184162,10.711458,106.0478,6.6202736
39627832351003527,0.2076905446,9.9903259,79.794876,4.8810916
39628201286172949,0.3640491169,10.812382,63.488869,5.229701
39633314495072705,0.1859767408,9.5683861,54.751801,3.2543328
39633148174141083,0.169786616,9.690217,48.920517,3.5591023
39628094541141759,0.1458560103,9.4432182,46.472206,3.4819858
39627998319609458,0.3296685858,10.425493,95.832298,5.1896577
39627923719719206,0.2042609333,9.7229462,87.355553,3.8098671
39627745570852598,0.3076522417,9.9352598,62.671173,5.6490464
39627781306322260,0.1600040737,9.4904404,320.68073,3.0720389
39632941063603401,0.1182230122,9.2871647,49.60117,3.0135565
39628298958933553,0.1389089121,9.8306665,131.96356,3.3771129
39633303669571694,0.2672469495,9.9288025,162.26041,3.3107443
39627579157645272,0.2328956193,10.806078,118.56464,3.3028209
39628527972124811,0.2993890061,9.7857504,81.730591,3.3855824
39628451442853332,0.0888373717,10.311648,81.330643,3.8963332
39627721004815146,0.2046362815,10.077975,59.235157,2.8599999
39628035086879682,0.2449447375,10.234015,115.17061,4.9711652
39628456694121310,0.2322812287,9.9207859,92.628036,3.8435979
39627790307302392,0.05271488005,8.7721863,137.47897,3.1526263
39627727917028400,0.1207125723,8.9702635,425.68863,3.4417708
39628075008262271,0.4149652047,9.8165741,121.14514,3.6857359
39633165433701343,0.04995774865,8.8622704,435.25461,3.1680312
39627491597355467,0.3174079169,10.027095,98.755692,4.2008581
39628387236450878,0.1812565349,9.9976988,65.06176,3.4645493
39627805952054644,0.08882119081,8.7205601,66.860283,4.2326074
39633387199138201,0.2096715262,10.01815,96.966362,3.7882094
39632966866961718,0.03083121647,7.8002157,379.22668,3.2672765
39628125578986465,0.2356522782,9.9842501,99.523216,4.2191753
39633462474314033,0.08734701142,9.4037905,215.32962,4.1643553
39628117806941642,0.1073802129,9.5132589,197.6794,3.7041004
39627648460128384,0.1988772755,9.319952,68.611267,2.951124
39632974995526738,0.01502847147,7.0893502,115.10162,2.8599999
39627731012427583,0.3198102312,10.066088,59.163414,3.9048553
39632930363932806,0.1626944772,9.7989321,140.91319,3.4740851
39633073255482551,0.2705229692,10.415828,174.98805,6.1109872
39627715623522155,0.1163252137,9.3455162,78.708168,3.0337694
39627775790810634,0.04307086474,8.2845669,109.90598,2.8599999
39627697726423361,0.2770068005,10.709422,72.543098,5.3106828
39627752000721339,0.325357043,9.6294575,119.98095,3.4964254
39633378718257625,0.2817634452,10.409661,54.182247,6.7445898
39627824721563712,0.1437880099,9.4221544,68.309746,3.3603101
39627648384633020,0.1506206282,9.4906902,78.182945,3.2982285
39627772309544767,0.07671378679,10.448377,132.06984,5.349977
39628471126724599,0.1651830843,9.7532225,64.667633,3.4700887
39632995698606862,0.2052126799,9.5577679,102.81252,3.9170725
39633025314588981,0.2390852472,10.723854,321.74875,4.5284071
39627959291609776,0.22651511,10.409315,61.962345,3.7012839
39628494069568885,0.03450630338,8.4544983,399.69144,2.8599999
39627611034354508,0.0914532083,9.6331606,38.479961,3.2962782
39627905935871685,0.1680849629,9.4393454,59.054798,3.8204305
39627497368719832,0.1678876357,9.6907816,56.274887,3.4686356
39633025398475407,0.1636914829,10.534039,276.87048,5.6542311
39627854756975372,0.07548946869,9.9643507,253.27664,3.3243279
39633391003373721,0.1178617791,9.8467531,92.148193,4.435729
39627708770026514,0.2865244941,9.8263235,73.150307,2.9287355
39628368211086528,0.0738418828,9.2044201,94.268318,2.8599999
39628401870374363,0.1889097432,9.50877,63.026745,3.4982405
39632965059216749,0.05476126427,8.4606724,113.16911,2.9948752
39628450285229983,0.1657844857,9.703968,59.206638,3.3720548
39628245242480383,0.1162616988,9.2627735,161.19034,3.4079261
39633006486359197,0.165230882,9.6875458,53.597435,3.6362739
39632999955825553,0.2748949463,10.34514,47.956764,2.9420848
39628117861469224,0.1198736122,9.3667259,94.20842,3.5727844
39632931597059139,0.1318234061,8.8068237,79.705017,3.0492251
39633077810497332,0.200750027,9.7546606,74.027863,3.905874
39628084948764046,0.04927207973,9.1053715,91.41523,2.8599999
39627733734524962,0.1000485034,9.2588253,96.624153,3.8567128
39627981387206451,0.2090724127,9.4842606,113.67786,3.5750968
39633266629673934,0.3220883659,10.216386,93.70256,4.2025695
39627995861747408,0.3413490887,10.062914,135.13705,3.5303891
39627527295075935,0.1985734941,10.190001,76.264847,3.7456284
39628388901587365,0.2661659806,9.6667185,67.25798,3.1842237
39633487384282344,0.3754008313,10.355834,83.785629,3.6781263
39627881277555108,0.09256036399,8.8051586,43.041645,3.4739869
39633121859076765,0.1232569199,9.3455381,79.69651,3.6051044
39627678877224744,0.08365546798,9.4888458,169.60033,3.8314896
39627814089003482,0.1671161088,9.6526079,108.00987,3.0619342
39628166410537116,0.24461984,10.116426,118.65343,4.3527079
39633095896334480,0.08294461721,9.2161818,48.696758,4.0569558
39628294659772639,0.3107410331,10.312888,63.371544,4.4252353
39627681523830006,0.05775481321,8.3470907,86.485954,2.8599999
39633285441129192,0.11205512,9.2217779,49.205112,2.8599999
39628239865386140,0.171820161,9.7872171,206.72028,3.4235916
39628335877197745,0.2788308524,11.091521,79.33522,6.8618121
39633259558077605,0.3500005069,10.232706,87.702309,3.3255737
39627591958659711,0.07477009457,9.3512363,83.723328,3.0693319
39628019907691116,0.1979187128,10.673347,94.216675,4.9590468
39627951800586742,0.3014467637,10.143222,60.70562,4.427424
39628199646201075,0.2094083978,9.5836811,40.721603,2.9885314
39627767783883572,0.187113492,9.2243185,111.40289,2.8599999
39633355494392556,0.4106977083,10.274509,52.422592,4.1755414
39627802533698362,0.08488496907,9.2285652,50.989143,3.091892
39627772414395495,0.1832319949,9.933424,70.504036,2.9447567
39633044428033510,0.3034423221,9.9714022,25.644541,4.3171506
39633071934277202,0.2331943181,9.9076405,114.98411,3.9827969
39632996273229049,0.07320967629,9.4025402,91.160347,4.0819998
39627949711818861,0.09410757444,8.7397127,189.3226,3.1687725
39627735626154481,0.2372694196,10.247364,75.32473,4.2939725
39633437987966005,0.1771632153,9.2708149,142.52989,2.8599999
39628483525088580,0.07594221919,10.388753,237.23175,3.6626194
39633119120198010,0.1250598237,9.1435385,307.71155,3.4189897
39627612703691025,0.3800261179,10.282387,70.171509,4.0805473
39627619683009479,0.2248602511,9.6027994,54.244171,4.152235
39628135808896489,0.3480217699,10.162229,64.135231,4.3341985
39633232647422982,0.1536742838,10.108575,56.533348,2.8599999
39633386989421789,0.03631735231,8.1235924,84.387611,2.8599999
39628058973442162,0.2001872655,10.639546,301.651,4.5966825
39627658606155281,0.3064251921,9.9799452,83.743149,2.9850059
39627774813541604,0.1644316129,9.7995996,111.86223,4.2488332
39627731196974041,0.1499993853,9.775032,133.26878,3.4709041
39628523178033964,0.156713867,9.9715862,58.699203,4.4123473
39627806170154267,0.06266481116,9.2904615,157.30644,3.3965995
39627800151326963,0.1800128653,9.8734093,86.241287,2.8599999
39633365191623824,0.180223077,10.116631,182.94026,3.8990455
39627980942610678,0.2459922846,9.5862226,181.17778,3.6257093
39633356375196067,0.06971308035,8.8683281,130.99236,2.9121978
39627932162854036,0.2396491365,10.146953,64.17305,4.3781857
39633011339169672,0.1675748963,8.9783325,123.95057,2.8599999
39632996692658018,0.17899594,9.5631857,26.223938,3.3248606
39627938185876382,0.1579756976,10.195602,163.23134,6.203567
39627720677655776,0.1514741565,9.948535,84.655228,4.1950727
39627921630959283,0.0853144231,9.7036753,78.779289,4.1428347
39627782166154630,0.03060832402,8.9587831,188.57721,3.8648632
39627363230683614,0.0770283687,9.0662813,77.274658,3.029825
39633377413827638,0.3358467676,10.694645,115.10313,4.172451
39627932276098928,0.05203967111,8.6662092,255.52519,2.8942943
39627895869542334,0.310845397,10.454978,92.787399,3.7885795
39628131048364788,0.110179855,9.1288185,175.75087,3.1215351
39633274682737556,0.09725649333,8.7586555,84.685471,3.2004468
39627781415374813,0.09374727517,9.2435675,66.906136,3.1072304
39627819038282879,0.1784910729,9.3660326,169.18056,3.2565806
39628047355222685,0.2656488604,10.400954,80.217171,4.9781466
39627532160469913,0.0995894635,9.0881119,67.626106,3.1008112
39627847907674277,0.3029276366,10.316983,83.340431,4.0745697
39627833139530644,0.07436328979,9.0794401,34.510857,3.33096
39633389451480551,0.2006228721,10.038598,188.36113,4.4307837
39627995673003620,0.08985452542,8.9749613,50.938377,3.4667294
39633448318534567,0.3576290866,10.919081,89.895905,7.9794455
39633465833951172,0.256830548,10.190443,64.342377,3.8735485
39636619195584432,0.1813303278,9.7748117,129.42401,4.7091064
39632960181243425,0.07376203892,9.1575909,496.01889,3.6706262
39627779033008415,0.09298445114,9.6727543,196.43469,3.6211171
39628421323556524,0.1390301196,9.2139912,278.86115,3.349633
39627398206982876,0.1211824583,10.088385,122.21267,3.9132755
39628183535884883,0.237965183,11.182046,136.93431,4.8459697
39628010994794818,0.3430219048,9.9992142,73.91082,3.6541901
39628165034806477,0.1326154785,9.6120834,349.36124,5.035965
39627732564315329,0.4822234092,10.389461,62.178532,4.1455998
39628070734267622,0.06645519315,8.7626877,44.326534,2.8599999
39633278600219585,0.1080481397,9.7936468,118.00249,4.7012086
39633006100483138,0.2878898953,10.592999,105.8371,4.2423129
39633462423980636,0.3321530543,10.538834,110.40413,3.6411607
39627915100425637,0.1142931737,8.8414373,65.554916,3.2020495
39633039952709472,0.2335443981,10.046272,55.664043,4.1262422
39627663169555438,0.2754896925,10.320203,89.805794,4.1376677
39628412809118352,0.3509648777,10.467669,140.60414,5.0685821
39628331640950387,0.1230738722,8.938736,174.66154,3.4087577
39627836704689561,0.3118769195,9.8858948,42.503017,3.8162801
39627697432824656,0.18528977,9.8256168,69.830406,4.3679132
39627748834020153,0.06292176875,9.3474722,98.239265,3.1400466
39627805448736970,0.1183416816,9.094903,126.33629,3.4960306
39628401723575474,0.2653935299,9.5087738,56.305447,3.2011495
39627784162648002,0.2662753581,9.9889097,82.122894,3.565444
39627814751704418,0.1952048498,9.4623089,61.519421,3.7771356
39633480803420902,0.1408298796,10.109339,150.1951,4.9304943
39632961670221669,0.3108841956,10.828129,158.50592,5.8174081
39633182592601407,0.314628126,10.119346,66.164154,5.3487582
39627981131350291,0.1465626185,9.4625282,234.80811,3.6415019
39628461945393134,0.3660105001,10.500375,61.814201,4.7642303
39628528399946205,0.08840256989,10.364141,705.33496,4.7408228
39633183473404919,0.2214522779,9.7191038,121.06032,3.4731362
39633279518772451,0.1075109164,9.9614954,171.3044,5.1267552
39627899682166936,0.2797351774,10.339387,124.05641,4.3425322
39627576343268922,0.1022974208,9.3617897,107.44962,3.2804666
39633029055908441,0.1748738415,10.234212,198.64003,4.1968551
39632965155686209,0.05082641827,8.4344416,400.64764,2.8599999
39627890135927283,0.03859679155,9.8755159,1804.8556,4.0453329
39627812377725033,0.3634727712,9.9916945,106.76294,4.1766996
39627983954117676,0.09018072851,9.3328342,113.2496,3.2175212
39627800918885134,0.2508369162,9.7523499,42.102524,3.8743892
39633044696469231,0.3357115129,10.674946,125.8471,4.7611389
39632976870375616,0.1705691779,9.7641077,93.003883,2.8599999
39627635118053948,0.02894815175,8.0223341,56.53989,2.8599999
39633191908150449,0.06091751714,8.1862593,124.14178,3.1818588
39627796959464913,0.3324519475,10.35103,66.238174,3.1192417
39628476742897823,0.1799171265,10.315103,78.771591,5.7267647
39627600271770555,0.2480865479,10.151751,110.40416,3.9736722
39632975242985792,0.1795136533,10.044403,102.30901,3.8612919
39627959891394817,0.1392319175,9.5987387,165.25139,4.3894382
39627621583031494,0.3627699002,10.09078,104.20921,3.9206698
39627970934998597,0.3082991638,10.129597,64.580643,3.357094
39628031630771475,0.3887684032,10.579849,51.392651,2.8599999
39633191908148779,0.1223139541,9.13766,83.574768,3.8109193
39633338398410255,0.3320068763,10.407994,51.540596,4.2957511
39628112245293636,0.3477172469,9.8774433,139.23705,3.6569333
39633077814692039,0.243103726,9.5523062,55.101212,3.3017669
39627659008804876,0.3201472934,10.725586,165.60136,4.4847102
39628385705529246,0.2092856307,9.942462,190.04576,3.9536407
39632972214702398,0.08373248863,9.9494257,101.1702,3.9189746
39627723773052683,0.1582046129,10.086956,142.31778,3.9789901
39627991604533220,0.1894246787,9.7325764,52.054951,4.3691998
39633216721653067,0.145441932,9.9405413,83.314018,4.9900737
39627636778995324,0.1135990496,9.0181494,106.04213,3.499893
39628130071086838,0.08325610634,8.8501358,56.995296,3.3190284
39633476760110066,0.1531423827,9.7565355,48.055866,4.3380651
39627835769357725,0.2990319312,10.076989,61.676369,3.9786563
39628209918054725,0.06826854512,8.6233912,219.29845,3.3126216
39633514634676026,0.1992275273,9.9567728,88.698601,2.8599999
39633354915581140,0.2526720952,9.8959169,32.196095,3.4080083
39627585390379850,0.09278875184,9.4987516,253.80563,3.9059334
39627887220887809,0.1224030986,9.5581751,105.40408,3.2541642
39632965847746184,0.1685828621,10.507767,121.56453,5.5819874
39628497609557754,0.1891055565,9.3320341,145.35304,3.4429531
39627999712120665,0.2619915649,10.302471,102.45807,4.6324353
39627738767688126,0.3448263019,10.736054,88.793427,3.6594217
39627990023275201,0.08839246632,9.6337843,224.31544,3.5561926
39627654185358443,0.2253204234,9.2346792,144.88214,2.8599999
39627853616121310,0.4126008351,10.601479,75.262596,3.8789678
39627819076034737,0.3892861063,10.38134,50.311977,5.1337886
39633205023739646,0.2786659125,9.9840784,64.877884,4.9533305
39632936777025047,0.2151740122,9.7486305,61.052303,3.6068943
39627905654854583,0.3428700096,10.827743,65.51078,4.1799898
39627934910120290,0.2466132609,10.114591,68.521317,3.8617656
39633469474604935,0.0417240281,8.6063938,101.05992,3.1318953
39627659084306897,0.04006238983,8.468585,141.29468,2.9414496
39627721948531766,0.2320065847,9.6925516,100.58485,3.4993222
39627914936849227,0.2030229389,9.0944719,170.327,3.0278947
39633085255385511,0.0704513955,9.1445494,76.748245,3.3301604
39627727698922546,0.3335458628,10.426291,110.92839,3.9106174
39627792949707341,0.3232812699,10.140058,144.66911,4.6843972
39628302440207132,0.2147390562,9.9943848,93.628471,3.8612542
39633476697195869,0.1313737669,9.1688318,47.936401,3.5515196
39633384850327350,0.09165519554,10.155589,102.52924,4.3347144
39633166603911217,0.2172224838,9.8175125,49.355358,3.6631925
39628007601603934,0.2895976169,10.054516,96.944672,3.9649053
39632950211382880,0.1355384174,9.7057505,81.208939,4.3125539
39627886679820109,0.2877242666,10.083771,71.92337,4.341177
39632987045759198,0.3973681323,10.359093,74.318825,5.4652615
39627902890804531,0.07836380729,8.3207302,99.352119,2.8826077
39632941264932360,0.2189947077,9.9566965,136.4039,4.6219931
39633167413414479,0.1555562823,9.624074,124.30943,3.7211025
39628199721698143,0.3401639437,10.284315,96.128654,3.2167146
39633068306205084,0.2475224569,10.514217,222.11256,3.8312862
39628159036952444,0.1405545065,9.8629446,362.25598,3.9358165
39627986940464939,0.1789467536,9.7436409,194.97632,3.481549
39633216675512399,0.02713022045,8.7805643,250.03262,3.4794371
39628370169823623,0.1781724507,9.8774204,43.770157,3.8698797
39628140602984481,0.2536904012,10.034124,60.583019,3.8414128
39628405565558615,0.2357273046,9.6445818,80.154633,3.1472623
39628307955713643,0.2162571713,9.8243237,105.51136,3.6616645
39627847853150083,0.2056613577,9.4266834,229.00137,4.5901351
39627672279583235,0.09478319622,9.1788225,60.384705,3.1717157
39627914307703075,0.3093806364,10.746477,44.018368,4.0936561
39627624242222449,0.06902122979,8.87078,40.700943,2.8599999
39627787509698701,0.3293474314,10.938256,118.2775,4.7619367
39633289660596777,0.2529481377,9.7535086,41.790909,3.3585961
39633252134158696,0.0549748897,9.9155474,54.917713,3.5154908
39628167295537074,0.08576954943,8.9545565,67.644127,3.4430342
39627847395971077,0.09843120632,8.7847223,55.93412,2.8599999
39627745415660702,0.2885205008,10.150079,420.88101,4.0835128
39628207019788158,0.3276743497,9.9065695,115.7142,4.5548129
39628289177814462,0.1243392326,10.540905,169.201,4.6241093
39628385407732074,0.1925917702,9.7108259,127.54937,3.0082991
39627965364961561,0.1877820013,10.063678,51.741783,3.8692791
39627672585766415,0.2859193956,9.9050045,67.11261,3.6675882
39628021388281559,0.08581442647,9.1590843,123.88565,3.4970441
39633296841246798,0.0909111459,9.4387703,61.683464,3.8180203
39628346841104582,0.1492150968,9.5331278,100.14029,2.9487212
39627909001906860,0.3763223695,10.393978,65.953896,3.8395631
39628502705636045,0.2138949733,9.781621,114.77994,3.7058001
39627841301646296,0.2402832961,10.25703,92.62487,3.9914792
39633223566753852,0.1519919735,9.2165155,61.712543,3.0208406
39628512637751558,0.07922858845,9.0785065,40.362915,3.3447204
39627885555750354,0.2363471721,10.733287,89.739952,5.1903162
39632962043511817,0.2702257195,10.075172,89.878502,3.2350225
39628094532747903,0.2539328996,10.395514,76.060326,5.2866678
39627719335479502,0.09308388345,9.0896978,85.108742,3.1642711
39627749345722582,0.390889704,10.352857,63.158535,4.6860571
39627946943578879,0.2352662957,9.7603884,82.96579,3.2236984
39633170965989873,0.3648071284,10.286099,244.88235,4.8376675
39628490999337110,0.2923649338,10.869553,247.78615,4.5577931
39627965943778668,0.06382781083,9.0873394,1751.4934,3.6505952
39627633876534300,0.0572497022,8.7477798,161.25327,3.1725705
39627851544135879,0.2165518597,10.371983,97.629387,4.8877044
39628519340245861,0.2661577848,10.308605,99.789574,6.8365302
39633474042203700,0.150926175,11.025473,202.26463,5.9623737
39633282677080964,0.04615378017,8.4404726,108.78591,3.3863616
39628131149027183,0.06741078224,8.8416862,57.280399,2.8612597
39627744685855660,0.1001880007,9.1191015,82.971527,3.1793997
39633100052889859,0.2307862721,9.5845995,72.687477,3.2825077
39628483223095270,0.1145903685,9.2978907,122.40305,2.8599999
39627769667130026,0.1827949249,9.7832842,84.653122,3.2840466
39627666218813971,0.197616635,10.884361,121.61443,4.7453246
39627702847672286,0.3845926097,10.176462,60.750126,3.7472854
39628043030889377,0.2866326408,9.892417,60.533665,3.7145612
39633339182746175,0.425691148,10.24757,60.373272,3.8018835
39627631133458619,0.258819433,10.798772,114.76672,3.5534592
39633311106075338,0.2564273761,9.5943356,50.982803,4.3695416
39627775996331152,0.1147519362,9.1169462,89.822556,3.4475627
39633025260060686,0.1763619637,9.5014849,84.129608,2.8599999
39628009828778699,0.1188715366,9.1277914,215.30067,3.4497056
39627688675118183,0.2693130289,10.244941,82.45089,4.1673307
39632956016298642,0.09699389338,8.3669643,353.44199,2.9209661
39628514541963490,0.1319936912,10.954411,241.59886,5.6634593
39628227987114772,0.2272077447,9.5784321,46.585091,2.8599999
39628011036737831,0.154323027,9.6413088,79.510063,3.7155683
39627917231128976,0.1447384363,9.772193,80.87735,3.4020181
39628377996399378,0.2106727728,9.63379,46.946632,3.8232248
39632956356035496,0.2218110658,9.5002346,79.870354,3.121058
39633095112000493,0.1999433395,10.4258,138.01111,4.781611
39633346602467811,0.1164630652,9.3539658,84.971123,3.4119649
39627703111910996,0.2008303571,9.7258711,104.74685,3.5634208
39627848620704367,0.2403267201,10.728084,85.111603,5.1934829
39628166402148057,0.1011177281,9.0595856,41.191181,3.0773494
39633521295230005,0.1673321568,9.2868042,87.617516,3.3477402
39627803661962200,0.3149472245,10.475962,50.184917,3.8628902
39628528190229346,0.07519407424,8.706953,51.911804,2.9551253
39633212594456199,0.07210321754,9.4633989,50.74408,2.8599999
39628383423825833,0.2792188233,9.8427534,109.69214,4.5667548
39628005613506540,0.3322212411,10.007216,69.525787,3.3967965
39628287571397674,0.1266421295,9.306139,126.77754,3.4519215
39627461775859224,0.05019492042,8.2786846,75.624504,2.8599999
39628467297326654,0.2368987605,9.2740412,99.352379,3.446126
39627803083146236,0.2445273816,10.671515,71.676888,3.8225441
39627806207906581,0.2843710275,10.136824,122.61816,5.1768475
39627752038469635,0.2007716775,9.4947195,70.578987,2.9661646
39627726725841249,0.05208517574,8.5879831,45.496284,2.8599999
39628428915249953,0.2602491746,10.277057,47.576275,3.8384647
39628016996845703,0.1653961242,9.6339216,104.55102,4.005795
39628264615969248,0.3547799647,10.15023,46.835041,4.680481
39628528265727634,0.3356908212,10.411462,71.510857,4.7529974
39627790139524076,0.1349654844,10.143262,155.99425,5.2789025
39628075461251382,0.370002155,10.549465,123.79389,4.0570707
39627821307403495,0.1492851369,9.6362877,79.898987,3.7673764
39633255326026734,0.4733103384,10.117171,141.05203,4.5520921
39628512138631058,0.1327327972,9.1181021,61.511074,2.8599999
39627731247305627,0.3137591604,9.8160229,83.35672,4.0342021
39627691330112182,0.1485054061,9.4931335,88.016396,2.8599999
39627770564710823,0.2277924144,9.7515478,88.359558,3.7039237
39627642336444901,0.4707435986,10.455011,74.774422,3.3115237
39627633889118861,0.0773405996,9.4535809,59.954239,4.3724413
39627836285259615,0.2485976031,10.351312,47.394886,4.7572389
39627963737573468,0.03014578012,9.6432066,79.291428,3.6279583
39627756752864785,0.1839476443,9.5320234,225.21706,3.4534478
39633390160318050,0.1724416419,9.4063292,64.656731,3.7514031
39628502533672694,0.189065322,9.9905777,48.810783,3.0724847
39627753917515672,0.127469988,9.418582,116.54096,3.3507755
39627938966017662,0.1713433569,9.6421013,104.69601,3.689486
39627989738064763,0.06354923291,8.8473864,63.881943,2.8599999
39628037066590976,0.1653665848,9.9556065,113.88088,3.6713281
39627444524683089,0.193910469,9.5041065,536.42865,3.559468
39627980749669270,0.2617218227,9.689065,98.084877,3.6427801
39628369016392350,0.1892748694,9.7823143,62.068733,4.1667213
39627890718933370,0.1844591504,9.5954208,207.7672,4.2123632
39627574527134373,0.1211635741,9.4279909,98.462219,4.5195479
39633239991650341,0.3815717914,10.250214,74.898613,3.5716686
39627806035939690,0.1451013894,9.4115696,193.09718,3.8710861
39628137968963772,0.08948395433,9.6637983,132.66496,4.3012953
39627742794221663,0.131254302,9.8909769,38.21397,5.1222682
39633212447655794,0.160053312,9.2766609,107.23677,2.8599999
39633028728753306,0.2224726098,9.5818758,96.108887,3.4929652
39633451510401991,0.3587966138,10.234962,41.763199,5.2105851
39627847786040501,0.375871968,10.897731,104.55961,3.4564142
39627665027631287,0.1046323184,9.1645269,177.98271,3.770838
39628124194867992,0.1511783648,8.9607353,94.992989,4.245779
39633044600000120,0.09088121986,10.901948,188.88911,5.2247119
39627755008034983,0.04610108995,8.3949776,182.62207,2.897167
39627799740287540,0.1159481989,10.452353,292.14996,3.9154859
39627421472784673,0.1400055757,10.27921,173.24547,4.0553403
39627859907576439,0.1447302206,9.156539,30.792299,2.8599999
39633538399603742,0.1780411343,10.468677,140.17548,3.4964299
39627700704387644,0.2889741392,9.6923103,66.030502,2.9558003
39633029496308464,0.1158037618,9.1764345,87.037514,3.4199908
39633362951865715,0.2510099855,9.8449602,40.720371,3.6565897
39627757440732468,0.3230738672,9.9988604,324.02371,3.5215597
39628230784712879,0.2121353179,9.9407482,64.61985,4.0187125
39628421445194174,0.03854318081,8.5291586,75.139839,3.1011739
39633348435380458,0.0463414351,9.690217,260.87036,4.5626655
39627812096707594,0.1083588131,9.3312483,67.356956,4.6244264
39628033417548623,0.03077541476,9.4153347,80.057503,3.3245752
39632946365203641,0.05788951508,8.9202547,90.7351,3.3655977
39627811882799337,0.2012053224,9.4449177,73.876923,4.3275571
39627654718030397,0.07834562594,9.5520658,63.168556,3.5802948
39633016301027906,0.2626775659,10.823166,360.41635,6.0585556
39628119509831603,0.1685746984,10.081472,161.76016,4.3023992
39633365397146839,0.2224941563,9.4272861,60.941986,3.4015555
39636647024788107,0.2118386764,9.6039238,110.17216,3.6585629
39632971350672170,0.26047047,9.9162426,167.59293,3.5541458
39632996822684056,0.1806784028,9.9294987,67.921867,3.6027439
39627933135933553,0.278705238,10.104064,51.650852,4.2473516
39627940887003757,0.3015295705,10.175436,26.175905,3.7539485
39633019522256180,0.1536916062,9.7141418,114.0832,3.8184941
39633166612301951,0.1115006311,9.4947653,167.55432,3.1686044
39633414097209134,0.09130890161,9.6504517,81.318581,3.8270254
39628182546026009,0.2571740077,10.140188,79.363609,5.1413035
39627777938297856,0.1392468755,9.6632471,98.564919,3.5906012
39633082109660811,0.2924003109,10.330284,143.97572,4.9073257
39627490238401641,0.3953358719,10.124819,54.640091,3.5069506
39627976874133197,0.3085559584,10.15625,277.00815,3.5480909
39628200938049123,0.1467825548,9.5835562,145.36235,3.6953399
39627902781756727,0.2982897346,10.523682,128.64839,4.7495761
39627929012931462,0.376627974,10.219984,57.29723,3.4891679
39628268541843796,0.08010131942,8.8171644,91.696663,3.4687326
39628016812297261,0.1227318241,9.8531694,134.64845,5.1579771
39627808040816358,0.2718545631,9.7205038,80.385391,4.3265653
39633535111269612,0.1095471173,9.699378,81.998077,3.8197649
39627988932757216,0.1749921716,9.9182844,163.33765,4.5502043
39632999599312547,0.128513287,10.17505,73.392128,6.568017
39633165450480800,0.2655111061,9.7828798,29.690243,3.7325032
39627357618703425,0.2163168461,9.6155453,58.780846,3.75177
39628257145914169,0.379372504,10.50515,123.24906,3.94293
39633149373711722,0.1550624017,10.217254,153.27629,3.1877425
39628396497472078,0.04937094182,8.0310688,87.626022,2.8599999
39628459231678670,0.09345122129,9.8742323,109.73705,3.1107764
39632981953873436,0.1814683817,10.352624,246.78883,4.6985631
39627854870218629,0.1287355999,9.8106213,274.95593,4.0942583
39628088824302186,0.4457297877,10.481177,67.943665,4.5316691
39627705754324480,0.1857958514,9.2355146,77.809631,2.9353046
39628423328432333,0.1329185458,9.1067286,38.554165,3.3943133
39633435437827139,0.104670298,9.435173,105.80735,4.1700802
39628006896959979,0.35254593,11.028032,62.706665,4.5740204
39633121699696185,0.1471877715,9.8835745,103.40177,5.5461874
39627929822431763,0.2411101633,9.5845995,95.020569,3.0402706
39636803354887238,0.1624033319,10.481821,90.773567,3.7402239
39628207577629474,0.07420183667,9.4897995,80.887627,3.2614176
39627851493807992,0.1744230793,9.9523144,40.944462,3.6270328
39633044654524378,0.1908868975,9.8332453,131.0464,3.4840591
39627725538853555,0.2819333924,10.600957,97.173233,4.4106126
39627739187122087,0.1209745161,9.6817322,58.402317,3.1025379
39627999762454831,0.3754699797,10.251154,84.238838,4.1653948
39627971614477992,0.2499536516,10.268707,189.0468,5.6698956
39627737542956725,0.2977019681,9.7288618,49.745338,3.2314153
39627951473429453,0.113415555,9.7108059,367.94409,4.0344534
39628088325177987,0.3217878255,10.396738,89.635765,3.7179587
39633341716107186,0.2701172999,10.350041,118.34715,4.0491271
39628137243349007,0.2321715583,9.727397,98.495918,3.5524487
39633390202260096,0.372340414,10.646552,85.78215,4.9102178
39628324779068130,0.08644186625,9.3443804,142.64464,3.1765964
39628027360970455,0.299234144,10.014965,97.658737,4.5164003
39633512671740661,0.1275843112,9.263382,91.947426,2.9562533
39628401648077990,0.07185979064,9.1634636,185.10713,2.9211547
39633493717683442,0.2922547305,10.680622,232.70773,3.880152
39632965860330310,0.1321487079,9.5576963,83.398354,3.5459738
39628450100675411,0.3620993097,10.104518,79.357635,3.9581821
39633040372139193,0.1997071354,9.2733107,70.584839,3.1368067
39627848905921031,0.3220957278,9.8907957,79.860825,4.2792821
39633526131264351,0.1452418717,9.752861,73.649292,3.449358
39633296426011418,0.4077595547,10.341446,104.75638,4.0625563
39627775446880702,0.3340043529,9.9810495,60.650703,3.3100662
39627699857132856,0.06216142085,8.7817831,63.040504,3.3247182
39628116129223704,0.1507501775,9.9649477,330.72815,3.3961589
39627356876311136,0.2511779245,9.9423065,84.460693,3.9305384
39633024148571678,0.06529867403,8.4743567,66.641029,2.8599999
39632950152663007,0.2490331526,9.9722452,197.20123,3.968025
39627877422990698,0.1926164354,9.542944,65.955444,3.423537
39628238774867670,0.3169870599,10.057013,151.85468,4.5076709
39627929113595156,0.1740370969,9.7257948,43.986744,4.1558843
39627997631746412,0.1519292264,10.085642,374.85477,4.2627001
39627726834893592,0.3606969547,10.437564,52.579197,3.9529243
39627959757179256,0.03874720432,7.8757391,170.90063,2.8599999
39628065260703792,0.2736175199,9.7800694,92.477715,3.3818352
39627636443450278,0.4332501878,10.420326,104.0155,4.0626502
39633283234923353,0.2990367762,9.8379126,59.649437,3.395108
39633255049200193,0.2928078695,9.8240662,100.51878,4.3420687
39628182424393067,0.3197644262,10.082023,67.877327,4.3011737
39628467641258177,0.2525799589,10.350098,106.67283,3.3660693
39633351610470953,0.04028921281,8.7775459,115.70147,3.1793671
39628005244409146,0.2577812391,9.6423206,160.65514,3.6767464
39633183574066045,0.1743713784,9.2301588,46.261269,2.9316533
39628211092459227,0.1852625845,9.5720472,45.493496,4.8665614
39633349756586922,0.2557289541,10.15014,68.298447,3.9069512
39628262065836123,0.1860884632,10.157369,98.387619,4.0837803
39632951398369533,0.1270210366,9.7097988,183.92337,4.4606814
39627788080123946,0.2815714673,10.188601,40.027912,3.8599145
39633501401645627,0.0942843873,9.483573,227.10146,2.8599999
39628363685429583,0.2041698448,9.6078644,81.265343,2.8599999
39633415611351215,0.2305144531,10.258859,89.315903,4.7756395
39627939569994321,0.06510560431,9.9556961,204.93713,3.3955259
39633308727904560,0.1983127481,9.9072952,145.44499,4.070735
39628179001839193,0.1260834724,9.099493,175.48393,2.8599999
39628444186710505,0.3507205226,10.260143,94.162224,3.7584186
39633223482867816,0.1668858542,9.313653,56.456295,3.3528342
39633372422603511,0.07089235338,8.6952105,62.836231,3.2383401
39627863506292373,0.1896023743,9.7344341,58.833183,3.8327737
39632976958455922,0.2251750297,9.7820196,63.318352,3.8318951
39633491586974954,0.2252372942,10.829003,336.65814,5.2171054
39628396510055552,0.1006490369,9.2743635,79.922279,3.0736904
39627815217274522,0.2419820786,10.430725,74.891975,6.1655369
39627915670847774,0.2399139637,10.372618,107.19382,4.4688168
39632966623691757,0.2286275979,9.7287292,98.98941,3.308259
39627836180398364,0.3130712031,10.163679,86.031502,5.204771
39633144927749732,0.136175087,9.6862621,94.4282,3.4235857
39633544426818764,0.1797392365,9.6000576,38.38932,5.3561068
39627878857443482,0.4814085397,10.489407,171.66508,5.213562
39633154352349772,0.2030271247,10.360417,190.95985,4.1504068
39627924218844947,0.4129413916,10.70239,80.414391,4.4418635
39628302184350533,0.4375559176,10.600284,53.086895,3.8581843
39627613307667273,0.2564080985,10.132752,82.502068,3.8810968
39627839217074730,0.1625420487,9.1045065,131.89871,3.1591897
39627748993401217,0.1356717381,9.7415876,112.42498,3.6885772
39633274984728810,0.1761847287,10.340042,186.94606,4.4149857
39627856413722679,0.09174636514,8.9172993,140.9725,2.9097159
39633296983852300,0.2597443872,10.136599,116.01224,3.7622399
39627902911776177,0.1868758057,9.9085684,115.65678,3.6888018
39627751707115610,0.3474829108,10.727731,116.8122,4.5822554
39627597721637669,0.06309490154,9.4449759,64.338203,3.3200004
39627649240270761,0.259501539,10.239813,125.84708,4.4759541
39627851510579311,0.09500650622,8.8635969,48.081886,2.8599999
39627794925224660,0.281215619,10.412665,171.58881,3.0559168
39633165710525929,0.2111409481,10.250492,66.998802,3.5728021
39632951339649483,0.08470740818,9.3229895,65.05587,3.4619522
39627622560302911,0.2597733404,10.282501,222.76357,3.8225212
39627809517209831,0.129641437,9.8926382,87.832916,2.8975317
39628523178033949,0.1565265662,10.79915,339.4505,5.9054441
39633063893799419,0.3961218963,11.025036,68.959763,3.2639444
39627758673856327,0.07577552957,9.5847273,146.81807,3.2868197
39627910885150856,0.06080858571,9.2428131,151.76268,3.5128543
39627945500740948,0.3045445531,11.163905,88.616158,7.1831923
39627865322425755,0.1869928673,9.7416143,83.020554,3.8081834
39628357964399777,0.0152561786,6.141613,514.46002,2.8599999
39627879037800064,0.06693475323,8.6859026,101.58694,3.2339399
39627795986390098,0.07840613052,10.017775,295.89417,4.483459
39627900068039436,0.2833593091,9.6639929,42.436943,3.1990154
39633058734801719,0.2147073462,9.4118452,56.280113,3.1413231
39627661160483662,0.2455628329,9.9328632,53.955898,4.1075988
39628426734207464,0.07698144772,9.0899858,64.508156,3.4969964
39628192612356310,0.149581437,9.9024649,487.55301,4.1649265
39627963213283927,0.3582597536,11.078319,70.768562,5.2112546
39628456622820150,0.09943674966,9.94382,54.156563,4.6676078
39628100182478821,0.2084796233,9.8849955,68.023521,3.2456679
39633255011453302,0.1644492788,9.5479269,46.098537,3.8579924
39627733529005441,0.1905930932,10.298919,210.60484,3.3384104
39633063314983781,0.3253419133,9.8007183,70.10054,3.4161174
39633476768498431,0.1342913571,10.066826,118.60133,3.729037
39627784137481566,0.1136344028,10.022058,508.48657,4.6600118
39627908074963692,0.3415280953,10.421376,41.486061,4.5307355
39628387693626239,0.2026438531,10.561273,144.19966,5.3805552
39627926995472721,0.01839928141,6.6374135,243.23514,2.8599999
39627862642265264,0.1870850724,9.799386,406.7316,4.0304632
39633199898298727,0.03188653029,8.8773642,44.483437,2.8599999
39627729536026813,0.1474322685,9.3342333,49.955326,2.8599999
39633171603526611,0.1267760018,9.8922396,438.06769,3.1631167
39633118491050100,0.2450859662,9.867897,134.05092,3.5618668
39627787492921777,0.1999206075,10.151449,133.45267,4.6837511
39627751472234787,0.1329128447,9.0857811,92.045525,3.165822
39628028711535903,0.2176834438,9.8885031,97.031197,4.5574694
39633241245746065,0.05152056274,9.8911657,141.23497,4.3724217
39633448230454823,0.1373363777,10.041619,63.79631,4.3977432
39632981484111454,0.2004202097,10.30512,129.30499,5.4957027
39627684354983116,0.1440122244,9.3832026,45.235462,3.6304803
39627691204280568,0.3311584469,10.972536,95.179893,5.6284323
39627851242144372,0.1082065907,8.9733133,112.22349,3.2673335
39627764009012254,0.08808855447,10.011543,149.59174,4.9438448
39632961070432714,0.2325311394,10.561126,219.89886,4.9426641
39627950772980361,0.4058342934,10.955691,71.657341,4.3973684
39633290679815767,0.3420702028,10.939121,33.095181,5.778789
39628155404685448,0.1337554449,9.3729715,54.46487,3.1882153
39633438004741679,0.09041127436,9.1552591,92.858162,2.9101536
39627612187791366,0.4039263174,11.164583,60.140434,6.1142521
39627851363786892,0.1393152972,9.0233059,166.83882,3.3355551
39628135624344693,0.1116280627,9.0205641,452.91577,3.2352939
39633412805361753,0.1830362594,9.5970716,79.475136,3.2158418
39633204461701198,0.2798561126,10.304359,89.079895,7.9618797
39633175084795362,0.2890957248,9.7934246,60.216759,3.5408063
39628010906718384,0.1501454243,9.4658747,71.791748,4.2692323
39627751216385890,0.1083576013,10.189832,101.17726,3.2782602
39633475065613911,0.1804742845,9.8249645,39.815395,2.8599999
39627749110846087,0.1662451427,9.9239864,131.6075,3.9692485
39627637236175705,0.3055035191,10.378908,74.841728,3.6408837
39627681569969987,0.1461322947,8.8977928,122.99274,2.9583986
39627714822407094,0.04080448082,9.5218019,158.12247,3.2338779
39627639312357754,0.1128116794,9.6988964,301.13409,3.9258733
39627959421634473,0.04254421545,9.7014713,207.48552,4.2217717
39627690721936261,0.07063258089,10.551485,579.22278,4.4561214
39627830392258960,0.1788806686,9.3564577,73.245438,3.0933683
39627779339190894,0.0605820694,9.0938816,87.081871,3.4507115
39627988907591051,0.1302302329,10.156086,2124.6201,3.5159948
39633503372968634,0.2380151856,9.9165516,73.846519,4.1672807
39627651459059440,0.1551840429,9.5791464,71.489342,2.8982098
39628528014068791,0.2702519961,9.7471981,51.001534,3.8446305
39633073477780989,0.06422213889,8.1089754,88.622314,3.6413927
39632941768250106,0.3709958723,10.33211,153.0574,4.9687982
39628132126295332,0.1539271734,10.530901,102.18188,4.3276424
39633541939596196,0.1334147815,9.1391468,102.59372,2.9698095
39633005311953494,0.2295117631,9.4208136,49.233006,2.9539845
39627796460346154,0.1155656716,9.0538206,62.010601,3.2613335
39628124215837033,0.08481748619,9.4150553,73.923111,4.4096346
39628178288807172,0.1122609979,8.99963,50.569241,2.8599999
39627793100703197,0.09203255149,9.9365454,203.20668,3.7909963
39627778517113905,0.155762727,9.2122488,88.162086,3.4435956
39627841813352348,0.1567408746,9.7368841,175.33176,3.9569974
39628210937266646,0.1010804565,8.9704914,92.210365,3.9894078
39628412754598466,0.2373367945,9.5388784,137.33778,3.6608605
39627872918311074,0.3011072422,10.463363,89.019485,3.2899427
39633377770341792,0.2225666108,9.5356941,34.035519,5.1317744
39632986076872816,0.3337061716,10.853434,64.892708,5.176156
39628460590632377,0.03182395232,8.4589958,51.483974,3.3052273
39632951700358018,0.3676482883,10.406157,51.683174,3.8962495
39632976664857208,0.07089361222,9.4247408,398.98584,3.1818664
39628281388996450,0.1018882379,9.3311386,58.399429,4.4184651
39633412851502474,0.254610793,9.9335423,155.05417,4.6681271
39628241840898813,0.0851090203,9.3967943,67.512138,2.9183915
39633243355481365,0.1835530999,9.3317089,35.419968,3.1505475
39627869655139196,0.3269394187,10.315673,109.88616,3.7060661
39627563244455345,0.1524837717,9.6491995,52.753876,3.354269
39627825174545081,0.09615441066,9.1918201,70.982185,3.2598739
39627631003436536,0.4553071582,10.05917,68.221916,3.539578
39627569141648035,0.2490342583,9.7057228,166.45743,3.2797492
39628218919030774,0.1783331877,9.6820316,124.65861,4.4531555
39632945169829794,0.3811295384,10.623075,221.28651,5.2809653
39633227832361216,0.309079312,10.194694,76.229958,4.1454124
39627744740379335,0.1566987391,10.8395,210.04707,6.180378
39633307662551599,0.1419018018,9.6954069,157.26346,3.1262944
39633030943343737,0.1289651768,9.7025509,108.36691,3.2761443
39627808909039495,0.1013538497,9.5966129,404.41495,4.1765857
39628507654919327,0.2559140436,10.944593,122.02771,4.2271643
39627630416235873,0.02088322092,8.7809572,605.97388,3.2624598
39633170936629556,0.1292306008,9.2308788,76.752373,4.7613053
39628104360002420,0.0886866829,8.7442122,92.36483,3.0831099
39633039617163719,0.03457225564,9.33887,604.85852,3.8595681
39627773580415510,0.2277711087,10.090608,67.206795,4.1941633
39627651538747934,0.1118791461,9.3966475,58.078697,3.2723231
39628040875016681,0.2554519679,10.179655,105.64018,4.1725874
39627929033903212,0.1305848789,8.8186083,52.408951,3.5694675
39628380160662282,0.09808962914,8.7464437,39.79813,2.8599999
39627573264647991,0.08175694475,10.582125,276.38321,5.7253952
39633188456239847,0.04957647331,9.5075788,110.92731,3.8495092
39627752067827195,0.1378927182,9.6777534,97.909431,2.8599999
39627950139642083,0.1105309063,10.309711,143.41856,4.8815632
39627703711696016,0.05130686341,8.9583521,107.25079,2.8599999
39627962827409921,0.06111385349,10.247555,368.06607,4.2178283
39628127789384898,0.2056258288,9.4369011,114.39615,3.3870723
39627963423000032,0.2161393749,9.9254246,304.64191,4.0336719
39628131585229528,0.1866477965,9.8525896,62.456947,4.86869
39627785211217057,0.1008595669,9.0173855,65.234207,2.8599999
39632986764742654,0.4587640939,9.9984989,55.025139,4.433537
39627672652879306,0.05309772458,9.1794729,102.53635,3.2844608
39633213198434742,0.1437690593,9.0787849,81.533615,3.4306087
39627670077571948,0.2199361334,9.9364061,87.295181,4.8586679
39628411127204778,0.435800593,10.148156,134.82739,3.8677335
39632965931631739,0.2642981842,10.198029,163.86339,5.8093514
39633483349361073,0.1273564394,9.2141218,47.898048,4.1119623
39633178805142388,0.02937106205,10.100229,182.2381,3.0179977
39627758694829216,0.1494084274,9.9448099,95.035286,3.780741
39627860847103916,0.09829709246,9.7854834,88.610321,4.6868339
39628217090310814,0.08183090219,8.9427977,111.65391,5.7295384
39627491828042633,0.1888843862,10.219183,132.38142,4.2027488
39632957039706883,0.04513307849,10.064099,111.11055,4.5343857
39633413468063468,0.2664600708,9.3003445,183.16672,2.9508867
39628178049733048,0.1719792823,9.7147255,132.75264,3.5445812
39633068335564824,0.07085036523,9.7772923,41.089561,3.954499
39627969148228063,0.1371742477,9.0487766,178.73772,3.1865704
39633153685457069,0.2818636163,10.536116,88.072357,4.4530492
39628012664130667,0.07251473294,9.2696161,181.23169,2.9765644
39627811660501145,0.3812805145,10.601299,101.73734,4.3557072
39627746422292896,0.1919487771,9.6427202,692.91498,3.7365131
39633228696388781,0.1872906206,9.6583385,191.55205,3.4957974
39627897052338217,0.1440900151,9.3784971,76.017868,3.2726638
39628099960178664,0.131248149,9.221035,40.483524,3.349936
39628290352220316,0.2017924275,9.8301525,38.748302,3.4633346
39627745344357109,0.0946943212,10.697694,187.66049,6.0592957
39627778932345025,0.1860567513,9.8544168,107.62477,3.7672269
39627599034450520,0.2802084564,9.9219189,47.666924,3.0920417
39627646904042860,0.2173130841,10.252797,75.704681,3.9803629
39628493897601239,0.02043073635,9.1931295,238.06802,3.9190607
39627905751322263,0.2165313035,10.20605,61.94783,4.7210011
39628126044554277,0.233270938,9.7955751,148.83798,3.2549698
39633308732099309,0.2007485723,9.8976097,104.94538,2.8599999
39628106109028152,0.1729183062,10.918007,306.24673,4.8820558
39627787941709646,0.126918275,9.4876862,157.95964,4.2067633
39633507193981077,0.3632416689,10.102464,35.31028,3.5744638
39628451715484168,0.3202719596,9.8802528,275.13391,3.6152449
39627687601373341,0.2267508941,10.339839,189.51546,4.2274375
39627968741378540,0.06837503691,7.8678412,184.59216,2.9724929
39633285973803137,0.1053072246,9.2774296,158.35236,3.161823
39628258945271869,0.3948361892,9.9119072,99.630005,3.5025001
39628326582617774,0.3639487424,10.412558,63.578831,4.8544168
39627793121675205,0.08655267321,9.0207844,191.07796,2.8649199
39627831226931532,0.2526289885,10.495075,124.6543,4.8819394
39627779154647400,0.08131833921,9.6570807,112.80312,3.4249992
39633145099715578,0.2989420169,9.9116125,68.144157,3.2045317
39627713320848908,0.3924956833,10.612955,47.768433,4.2097707
39633223633862771,0.4163422847,10.170402,73.205635,4.2463069
39628313450251156,0.09445581781,9.2806044,81.622955,3.3178806
39627794912644288,0.3323938185,10.244135,52.506474,3.0653989
39628141836114900,0.1828441042,10.831903,118.27163,4.4915757
39628025154768306,0.1643694948,9.9397621,124.1893,4.13516
39627778550667759,0.1962726458,10.202821,207.62329,3.7515471
39627981638863341,0.1446732658,9.9751596,96.152596,3.7974925
39627805067055383,0.19447572,10.067791,59.792885,3.1293855
39628457474266313,0.07416739814,9.1226263,75.534119,3.9442081
39633396120420436,0.1044632445,9.4982147,711.49786,3.6439366
39633352285750751,0.1204755706,9.413702,55.620575,3.8558972
39633082025772308,0.2172077959,10.045185,141.89499,4.1069317
39627756882891625,0.1339439754,9.5012894,93.876427,3.4211671
39627945601407356,0.1650721384,9.6861725,89.189735,4.1061182
39633328814425674,0.08285632965,9.6685944,100.69191,3.8307445
39627915322725477,0.04502218685,8.8963671,129.62975,2.8599999
39627785903280625,0.3950527747,9.97752,74.523712,3.6578236
39633143648490904,0.05322728263,9.4856148,115.93084,3.1734324
39627740365719562,0.06867633913,9.0561371,170.91347,2.8834789
39628123670579556,0.07620169334,10.24509,242.12939,4.296958
39627691413999518,0.04929470244,8.6172581,180.83139,2.8599999
39627839581980496,0.2218023791,9.8054581,79.078156,3.7173018
39633485199050093,0.0730351134,8.957798,75.487099,3.3133485
39627723563335999,0.05735790627,8.9731131,237.2034,2.8798053
39627769331586666,0.08469172963,8.8578644,67.161629,3.4044747
39627909165483629,0.1259776069,9.273242,76.746445,3.4979057
39633516362730460,0.04356115399,9.7120914,304.12177,3.8297958
39627872167530276,0.1704721627,9.3127117,87.156319,3.2037606
39627623122342412,0.1860155357,9.5820026,57.309185,2.8599999
39627787526472170,0.2540100138,10.504718,106.94283,4.6634254
39628326876220938,0.3173538109,10.117478,161.88745,3.725045
39627746208384232,0.1000894611,9.7290077,69.849258,2.8599999
39627380758685613,0.1177333679,9.6190777,66.749672,5.4010038
39627478930559779,0.3033073994,10.153283,33.387131,3.8701463
39632956486058621,0.3447863155,10.46417,152.1037,4.762311
39627848884949669,0.3016178197,10.081719,170.30617,3.752244
39633419893735570,0.08443441051,9.3257895,33.104919,2.8879337
39628294798186054,0.3012672401,10.11272,141.63283,4.3061724
39627767196681517,0.2451849233,9.6017685,76.440216,3.3455274
39633140032997625,0.3468045756,10.498569,55.949993,4.0191517
39628080725103914,0.191998242,10.064264,138.7495,3.0654178
39627878744198057,0.202054733,10.205949,148.57091,4.4349823
39627812595827610,0.1024664829,9.7289543,294.49863,3.79091
39627631502557611,0.03616456755,7.958817,65.222435,3.0751207
39627743234621613,0.1973786636,9.6751909,142.14259,3.9200563
39627920183921427,0.1033190723,9.1721926,81.711533,3.5220919
39633521437835414,0.3124856266,10.048338,126.50483,3.6136651
39627836713075399,0.08796770025,9.2253418,54.242596,3.1818318
39633278881237965,0.2777869798,9.9682817,33.962917,3.436065
39627664612401592,0.1377638462,9.3085651,82.643448,3.1182997
39627947048440636,0.327637235,10.239111,97.328888,3.7387297
39628412687487179,0.2312942447,9.9662752,49.238091,3.6727302
39628058914719753,0.4342077419,10.176713,276.36761,4.1737852
39633491415010563,0.156015794,9.6348953,62.191124,3.1371026
39628519533186244,0.1872435459,10.278231,160.52957,4.0473466
39627715761931322,0.2045343068,9.565361,68.994217,2.8599999
39627758116016772,0.04996205927,8.7677984,84.133789,3.180568
39628396396807596,0.2445997795,9.9020319,54.380226,3.9657562
39628276343244375,0.1450335351,9.6696587,95.266624,3.1617298
39627551320052098,0.1822758464,10.101888,201.67032,5.5356426
39627691414000599,0.1957959502,9.8472729,42.316273,3.9514103
39633390734937304,0.1090724986,8.747818,82.421547,3.3155975
39627933798630733,0.07750219433,8.6133461,115.24335,3.4726801
39628323537554088,0.04891723407,8.8108473,96.082664,3.0822411
39627878626757384,0.2246497556,10.08752,154.56833,4.1944947
39628421378083956,0.2290509703,9.7785187,76.934662,4.1617923
39628354520878800,0.107060198,10.5168,180.22542,5.787612
39628500625262634,0.1996831907,9.6604528,92.797485,3.49898
39627818572714676,0.1400835938,9.240448,117.78896,3.1461389
39627496475331853,0.2323865483,9.8306112,49.801987,4.7988162
39628244995018517,0.06989107363,9.2698288,182.15623,3.0378959
39628528269918349,0.06351586416,8.2748489,313.3696,3.3013334
39627763862211676,0.3608873385,9.6905632,79.128304,3.296571
39632956901294435,0.4414236217,10.573223,208.02563,5.5102243
39633355314038945,0.0811815904,10.145827,390.64786,4.0008006
39633503247141937,0.3474404156,10.246448,49.268047,4.7682486
39627661210813940,0.0944789668,9.4351482,38.269604,3.1125584
39632975817605175,0.1646141427,9.7912483,68.912033,3.2287927
39633045250114146,0.1072506461,8.9702768,75.993462,3.2082629
39633371764099395,0.3015734387,11.131454,158.39793,6.6494102
39633278667328204,0.2230304305,9.6594286,82.471535,2.8599999
39632971157734459,0.09231454466,9.3982038,254.10655,3.7551465
39627708799386892,0.1646311695,9.1706562,51.760605,4.3229284
39627877368465483,0.09474281962,9.0940399,171.67633,3.4877889
39627652608295193,0.007736394919,7.7361269,924.77527,2.8599999
39633518036256384,0.1675222888,9.4804401,51.511955,3.895761
39632979915443571,0.1773386843,10.418351,111.10605,3.8478556
39628427287855632,0.108044877,9.7004328,164.57964,3.4464154
39633068205540723,0.05282569477,9.0589151,178.54268,2.8599999
39627908968352890,0.2224246159,10.11479,457.62814,3.9410255
39628076795038608,0.06257483694,9.027195,58.408337,2.9019771
39633371634075975,0.1234235843,9.3316212,116.63534,3.48192
39627842924839455,0.03974890784,9.7940416,417.72424,4.2787747
39628375907635980,0.3080490701,10.539561,72.078484,4.5952497
39627863132998793,0.07272531325,8.4153233,159.30312,2.886548
39627769360944052,0.1038575629,8.8917923,112.91333,3.1077261
39628047447496606,0.0302640755,9.1876144,79.717201,3.128468
39633231745648811,0.1069348621,9.3057022,85.222237,4.3508348
39633442559756669,0.2347652017,10.088688,82.533928,3.9643087
39628170235744819,0.1192435006,9.7271376,428.26529,4.286325
39633348779314372,0.240591974,10.072121,57.528549,4.5945477
39633087348346385,0.05319965465,8.6835279,152.72649,3.174716
39627958872182307,0.3504852147,10.362104,45.837826,3.4444399
39627851032434504,0.1346846062,9.430707,64.06665,2.9392869
39633171037291919,0.2355478587,9.799614,48.802994,3.470856
39628385730695250,0.1144134533,9.5658531,59.482651,3.8677132
39633255439272001,0.2427281512,9.6417017,56.718052,5.3604779
39628005286346784,0.3248930097,9.7960424,170.61702,3.6567502
39627627371173636,0.4825419024,10.116664,133.87524,3.6310275
39633001704852262,0.4826981358,10.995158,81.144424,6.0945172
39627905898120954,0.4100910002,10.41256,64.790718,5.4695182
39627927532343721,0.2457793053,10.129417,61.28363,4.004704
39628517805131363,0.1145231734,10.150569,312.45953,5.112824
39628235843044214,0.2953523447,10.829923,124.09882,7.2909565
39627779314024590,0.1257096127,9.4688187,256.13751,3.6879609
39627987708020277,0.1324908692,9.7548275,142.584,3.577153
39633187332162456,0.3990123424,10.209738,40.468079,3.4564059
39633236619430015,0.2159808041,9.7130508,78.789017,3.5737576
39633472377061666,0.2353204574,10.079172,225.23167,4.1813593
39628523182232250,0.2482354444,9.8600779,33.927246,3.7020826
39628211545445303,0.1432070723,9.6872349,108.94434,3.44104
39627636808354624,0.3696124111,10.679403,51.025291,6.1014013
39627974084921108,0.09723434035,9.3459892,194.35526,3.915185
39633240423664008,0.1194228582,10.555117,326.42899,4.4157624
39633136149073986,0.2214072367,9.7748308,75.068687,3.4509776
39627784577882298,0.3205172628,9.9995756,170.01338,3.6700816
39628464591997405,0.1577345176,10.412642,195.15959,4.4728904
39627718882500039,0.1777929173,10.323029,74.730415,3.5774536
39627862940060775,0.1693674059,10.332457,169.82315,4.1362376
39628337924017020,0.1046753374,9.7459097,103.8757,3.7693954
39628021887404250,0.05142441517,9.7627211,203.19089,3.3259337
39628281103779148,0.11637697,9.3441067,119.35937,4.177671
39628423479432086,0.1052935664,9.0627565,59.608395,3.4506254
39628021891599196,0.170079544,9.0935316,120.04156,2.8599999
39628410829408113,0.3079833785,9.899313,107.85477,3.4956436
39628094809575425,0.1597819148,9.2290268,75.121124,3.1508963
39633260199807116,0.126412464,9.6440172,100.28735,3.50811
39632951532585171,0.2317141405,9.7003946,97.813141,3.7348163
39633091450374184,0.09260369869,9.4981279,156.71466,2.9706552
39632971489086208,0.2754427565,9.7750969,40.422813,4.0162625
39633256349436060,0.2565243794,9.9949436,54.909286,5.993494
39628502474949869,0.3213430495,9.5897751,92.48642,3.6258264
39627496785712012,0.2198687493,9.8886414,29.723534,4.2704797
39633220542662710,0.1902784251,8.901473,193.58945,2.9153438
39627795982195660,0.1658941902,9.4708033,61.504654,3.9541066
39627678604593077,0.07540517288,8.4587545,80.729385,2.9679928
39627685701356150,0.2852389748,10.535177,109.42317,4.963223
39628264104264759,0.06601526937,9.1788111,71.867012,2.8832686
39633465133500629,0.4652596717,10.336263,62.933632,4.8807364
39628005382819296,0.3127681451,10.302016,67.982246,5.7917705
39628029340684062,0.2532399689,10.24528,84.254906,3.2141876
39628407180367393,0.1902120254,10.880404,214.77036,6.5755329
39633297021600203,0.0493657496,8.4861259,95.474136,3.6119902
39633096470954733,0.1259204946,9.4511204,279.3147,3.1986105
39627800520425608,0.3015984609,11.091373,35.696198,3.9363503
39636626976017903,0.08837759691,9.6179304,80.657532,3.2936571
39633011595019769,0.2804571135,10.011154,106.10085,3.7454822
39627841909818801,0.2221732404,9.5537367,41.561237,3.2395835
39627921458990024,0.09812162064,10.145648,153.54634,4.3106399
39628029357462993,0.1500763616,9.608613,67.8386,3.3334022
39627580722118839,0.1538480904,9.4680662,62.923515,3.2531047
39628429980601734,0.3845077003,10.973487,70.076263,5.1666379
39627666290114720,0.3681228858,10.136285,72.917374,3.9681585
39627772334708009,0.382716255,10.56272,71.044983,4.5302215
39633293645187408,0.09557473053,9.1983261,73.256798,3.6270604
39627421468592976,0.1952307402,9.2362833,285.22092,3.6739647
39627743284955964,0.07907337776,8.156353,90.101692,3.069387
39627763459558049,0.2525690405,9.980114,51.427006,4.8490305
39627719335480061,0.2411321576,9.9192114,55.773754,3.4016123
39633049234704907,0.416303927,10.045401,78.607224,3.8791373
39628059199932616,0.3618139445,10.918779,54.771507,3.9892113
39627567744943366,0.2695335541,9.818058,137.95451,4.2449107
39633113051041674,0.3018502715,9.9484768,45.091969,3.5392244
39627962844185155,0.09905397483,9.6816902,175.07057,3.0842845
39627718941213862,0.3094535869,10.158049,71.439697,4.3740416
39627809626262667,0.02336435761,7.9059253,80.423927,2.8599999
39627843314913513,0.1255778089,9.786087,59.567711,4.3423839
39633068058741635,0.2566144301,9.8073273,84.158684,3.3150764
39633021179007784,0.1390033817,10.190471,121.54227,5.0734825
39633029404033421,0.1530607904,10.328199,164.52989,4.0199738
39628005575757544,0.2614467839,9.8079309,69.478767,3.4249609
39633263920153112,0.1308831586,9.3725939,52.398472,3.6839321
39628428609061495,0.1582708466,9.7047272,125.12059,3.8252404
39627817817735970,0.2430092665,9.9564667,78.351089,3.6622188
39627687244864144,0.4796284058,10.562347,89.072784,4.8419271
39627591350485151,0.1772968638,10.103276,137.19366,5.9243355
39632941931829369,0.2964267504,11.104512,153.5701,7.1980047
39627832590074546,0.2361500929,10.508237,59.210945,3.5610321
39628411945092594,0.2316857818,10.825564,178.98219,4.6812034
39636485409870748,0.08150149356,8.7524757,103.30781,3.379416
39627909572331432,0.2635113866,9.8674135,69.659531,3.3876238
39627883949329929,0.2574182598,10.765886,114.36431,4.7315087
39627873425817865,0.02485578089,7.9426913,58.099419,2.8656785
39633532447884186,0.1344082076,9.7129641,60.509239,3.4794562
39627426598227589,0.4785756381,10.453717,55.095802,3.78318
39627938848575442,0.3914600769,10.411664,112.88805,4.1323829
39633100342296982,0.374023143,10.160129,425.52216,3.851614
39627637043234212,0.1636289637,9.5650377,79.354805,4.182075
39633383311021496,0.3941606639,10.240615,94.017937,4.2140994
39628203546903454,0.2631169278,9.9247847,134.19283,3.5333378
39627897178161818,0.1177232345,9.4900522,105.32121,3.4053771
39627896750344309,0.3104345332,10.364689,48.905457,3.6559603
39627713157271673,0.2839424393,10.264728,118.35833,4.5539951
39627853599347926,0.1486459079,9.3276701,58.116356,2.8599999
39628319318090108,0.3873323018,10.97646,92.329323,4.4774079
39628319162897511,0.1221007212,9.3690853,127.23372,3.2889006
39633199864744538,0.04805198206,8.8657026,634.02606,3.3727043
39627831105294395,0.2080259697,9.6798697,55.489235,4.0506945
39627897106858688,0.2288777507,9.9656982,57.543564,4.1640301
39627658643903534,0.2494569612,10.43302,185.27208,4.1669483
39633204851773092,0.1777722634,10.704009,97.697639,5.7627096
39627720543437783,0.2706618997,9.7071886,85.238312,3.309725
39627847802818199,0.1433142363,9.7148294,42.555809,4.7695775
39627986109991783,0.29239997,10.242991,91.299789,4.2698827
39627642424529744,0.09504783502,9.0689316,44.65419,2.8599999
39633483328389813,0.05306151085,8.4082031,43.2384,2.9099412
39627759911183563,0.2089077172,9.9404812,101.0297,3.6209898
39627919609302605,0.295687415,9.7592878,105.94745,2.8599999
39628088367123849,0.2210824005,9.6871452,75.634445,4.024044
39633228079827877,0.05607411128,8.691,59.085285,3.7486563
39627821760385188,0.08870428403,9.3013382,52.326786,2.8599999
39633318118951206,0.1692069265,9.4129496,125.34863,3.5626533
39633545890630904,0.04871518346,9.152235,69.981735,2.903265
39628251588462508,0.089995808,8.972909,267.98895,2.8599999
39627643624101818,0.3762910887,10.533936,41.229427,3.7391398
39633536545721694,0.1915780424,9.668848,95.074509,3.6072807
39627984109307308,0.2673434445,10.222498,80.762215,4.2464418
39633015013378261,0.1409240187,9.8939762,162.63518,3.5894852
39627742991352431,0.3196776718,10.386988,89.971024,3.4411538
39627857567157359,0.2717599288,10.510736,104.47328,3.4547379
39627951024641061,0.1458282512,9.1346684,58.048332,2.8599999
39633514676618888,0.2446438899,9.8253269,139.86877,3.3972807
39627770300469741,0.1814974346,10.741859,232.90671,4.8684592
39628337173238211,0.17055493,9.3567276,93.450836,2.8599999
39627983358527767,0.3383083729,10.308825,130.04866,5.4917684
39633445663542425,0.1931972764,10.384215,281.9599,4.8455396
39633332316668151,0.2126448871,10.142763,47.673164,4.9763608
39628203542711488,0.319941426,10.006013,101.06741,3.8284454
39628213185414189,0.4399304537,10.423858,59.378323,3.049648
39628488310788466,0.2597571625,10.308999,45.346718,3.1373389
39627684254319615,0.1214304691,9.5640116,106.34322,3.6947894
39627992816681953,0.1437542631,10.007932,339.65628,4.070385
39633213240377852,0.07538942562,9.6494646,91.679169,2.9779251
39627563118628160,0.1366877953,9.8760347,95.032684,3.3977492
39628339379440509,0.4845036967,10.752292,71.345276,3.644635
39628358207674774,0.06389552956,8.448597,59.60445,2.8599999
39627797676691430,0.1510812236,9.6699867,230.23518,3.9558957
39627666634049054,0.098786534,9.4984312,94.47876,3.071007
39627533255184671,0.1760905853,9.2630587,128.23726,3.1821649
39633016489772657,0.4047643291,10.138976,104.02147,3.8510897
39628077055089704,0.178340634,10.28358,142.29128,5.6645293
39627822100119826,0.0265830246,8.4867516,197.90886,3.2870204
39627729712189587,0.1749078745,9.9617653,55.046894,3.9882207
39627855243512939,0.3180300273,11.041833,209.53261,6.473866
39627777846021037,0.2540851499,9.8639755,87.453476,5.2770109
39633281968244418,0.1912871836,10.392036,191.89546,4.4440942
39627874608617849,0.165874438,10.153401,99.501099,3.5885651
39628304524774389,0.1734241148,9.6021709,79.393654,3.4811816
39636997467279305,0.1256220095,9.520112,86.076767,3.2600291
39627927448458424,0.1079918903,9.8367405,208.58179,3.9436097
39633507336587754,0.1063177964,9.3445911,81.791145,3.3454425
39627890949622126,0.08170252674,8.5583677,301.78561,2.9681981
39627847370805834,0.09997117699,8.8188133,65.934837,3.4967382
39627878786142342,0.2591524953,10.180931,61.762863,4.0786872
39627604923255752,0.1223689367,9.4336967,58.024105,2.8599999
39633091240656987,0.07649750094,9.5937347,166.62936,3.5870886
39627758455752773,0.09816890271,8.9429426,107.80502,3.3728609
39633455734065907,0.09046197127,8.391715,359.41455,3.0233898
39633236615234775,0.2288076244,10.049697,65.724991,5.8635778
39627651463250351,0.1221600403,9.0236511,126.48155,3.6577673
39627817259894447,0.1657399026,9.7470522,97.386665,2.9253807
39633080620681968,0.2052906151,10.044043,46.806927,3.8400705
39627633511631069,0.1809895975,10.311269,55.739693,3.3951137
39628450067120705,0.1373950683,9.9965439,72.793213,3.3737605
39627421468593733,0.2047811543,9.3609104,101.34026,3.1408913
39633091479733908,0.3799145051,10.018759,62.838039,4.1767688
39633423962213589,0.04513993586,8.8933344,245.25421,3.8354094
39633063986070910,0.2233194575,9.8914089,129.41658,3.8300471
39633224170735871,0.1116781825,9.6485758,80.960732,3.5455072
39627745717649853,0.3482408477,9.7876196,126.65807,4.2402649
39627737245156303,0.02307504499,7.7322536,152.35074,2.9954209
39633483210951975,0.1421425702,10.670911,226.45181,4.8712668
39627732555929828,0.3000385564,9.9970827,63.688797,4.3103266
39627684828940616,0.2888505857,10.569022,115.89075,4.6535449
39627491903542444,0.1332067663,9.519989,504.55814,3.5420468
39633338658458959,0.02991396891,8.1742897,53.517925,3.6354403
39627910654462079,0.2537839915,10.236632,77.212585,3.7179096
39627926257275550,0.4249695426,10.435981,110.21732,3.8058369
39627669226127664,0.2272390713,10.634604,49.012897,2.8599999
39628147108353319,0.2099355149,9.7208738,83.125572,3.567615
39627763438584387,0.2416439663,10.592412,160.03871,4.7721109
39627645331180505,0.08494591162,9.6646156,335.63226,4.0856018
39627613035037108,0.2033548349,9.6661816,38.170864,5.1778846
39627821223515889,0.1978007147,10.41081,132.58319,4.547771
39627788000433570,0.00362392898,6.4497743,155.35806,3.077605
39627893906608616,0.4142978445,10.348385,105.68785,4.3896036
39628123544750843,0.1955263989,10.560258,87.156586,5.1609101
39633252280959507,0.1423110774,9.5533123,73.114586,3.0185688
39627733692581281,0.0797576898,9.087409,43.952854,2.8599999
39627641057185869,0.4761545409,10.57938,72.845367,4.3094606
39627743637279852,0.11171335,10.48106,327.64728,5.8081665
39633427305072552,0.2029823771,9.3943195,93.084404,4.2308602
39628042959589288,0.1333237937,9.4810123,37.97028,2.8599999
39627660942381009,0.1690071182,9.9646645,58.335117,3.5338852
39628251450051958,0.1820446774,9.5120716,128.97104,3.106889
39633169737059266,0.3271955204,10.194777,95.097534,3.642566
39628275428885367,0.02487927376,7.7210813,202.73595,2.9770007
39627957131547499,0.3409360691,10.542026,32.471615,2.8599999
39627776549979787,0.3435160841,10.719073,74.18988,3.9597833
39628025611944449,0.03849719445,9.3059845,149.29666,2.9345636
39627886646269995,0.1347771201,9.7657042,203.99988,4.0305066
39627896976835615,0.4514089481,10.216246,64.594414,4.3219504
39627588741632369,0.3418670599,10.428337,48.946747,4.744184
39627781943857016,0.08337617718,9.6319094,68.871857,3.4157405
39633058948711775,0.1582015017,9.2538347,87.996948,2.9228737
39627850688501419,0.07864954578,9.6556759,236.9939,4.0448241
39628118230567619,0.3376778869,11.035379,96.317566,4.4250455
39632961615694178,0.0642165945,9.0172558,70.140564,2.8599999
39627684656973741,0.1299984254,9.519165,151.68549,3.3899782
39627561373796766,0.2742866802,10.803259,328.74146,6.7113004
39633407793172458,0.4514653895,10.052352,91.204849,4.384409
39627820929913291,0.1450573699,9.5282288,89.660324,3.4585025
39627713169853571,0.03456158852,9.8676701,168.28326,4.3191962
39633471819221201,0.2496531546,9.9137373,91.20414,2.9370172
39627855029605491,0.09427189562,9.0111599,62.020306,3.1354573
39633140666338003,0.08159107085,8.7478151,74.637253,3.3451371
39628164200141021,0.2445518555,10.380606,146.09966,5.2398548
39633328470492335,0.2075387498,9.6974621,74.985039,4.7360463
39627903004050969,0.072690115,8.7274961,56.551533,2.8599999
39627729682828689,0.05980917615,8.9016514,84.96479,3.1738458
39628172446138405,0.149374137,10.047167,240.36093,3.8499277
39627773794324684,0.2019291495,9.8051071,67.3284,3.5125589
39627545213141278,0.2695830855,9.7269449,55.073475,3.8673258
39628530308350412,0.1135587483,10.156275,266.20752,4.6630673
39627784896647157,0.1787299831,10.42614,108.12451,3.8807242
39633252968827089,0.3143458261,9.934617,84.712357,3.6223025
39628341115881576,0.06046116786,8.9810419,300.22534,3.0229256
39627941188994791,0.3918079469,10.385623,59.34177,4.1089544
39628250221122434,0.09279367731,9.4104471,118.47288,2.8599999
39627508466847910,0.08474366168,9.7400026,101.6282,3.7083168
39627757256181064,0.01506301407,8.2700977,129.88521,3.2717607
39628235457168759,0.1962277597,10.558054,101.99345,4.0224471
39627808615438509,0.311145507,10.067632,233.78334,4.7135339
39627678684284387,0.4049894188,10.687799,128.31085,3.8488979
39628065050987605,0.4206561136,10.681485,121.42648,3.8832715
39633048693639404,0.3065046319,10.288459,136.29321,3.8252428
39628379305018034,0.02789990903,9.6325617,63.733299,3.6110966
39633398389542708,0.2240309082,10.110688,86.609047,3.9728665
39627969420853365,0.3704152586,10.499356,53.878128,6.1150293
39628062979004295,0.1928919807,9.3684988,101.33192,4.2630773
39628522020405588,0.3369787319,9.9974852,76.771446,3.3583503
39633266830999779,0.01440427394,8.1226416,176.97153,2.9219339
39628420044292261,0.1344442207,9.239789,70.306351,3.7671866
39627666885711671,0.275237801,10.884542,54.021645,7.4043303
39627999351406775,0.1273744401,10.178041,275.10153,3.6156769
39628034612920978,0.08931097923,9.4746084,99.191292,3.1965706
39628023489626578,0.1058072421,9.0566177,121.36185,3.3656442
39627974034587684,0.1755460732,10.643117,165.77731,3.4675207
39633507814738112,0.23630091,10.721889,114.17657,6.3221493
39627712632988620,0.1362403658,10.36038,432.6413,4.6598368
39627932120908887,0.129253572,9.7690353,102.59225,3.8699882
39627643561181737,0.1570812566,10.227169,83.80558,3.8037593
39633512717877733,0.1702169382,9.9073362,70.638924,3.6645586
39627713060799419,0.4849873178,10.424593,94.608299,3.3143508
39633091295185344,0.4314680296,10.257586,55.273182,4.1849236
39627660669751317,0.1706829193,9.7179203,167.26231,3.848366
39627784619824464,0.07019547615,9.8939686,66.31266,4.2997327
39632951096378363,0.1534726885,9.6392889,125.62991,3.5355411
39632984936025328,0.09217397269,9.0084429,70.494621,3.1959224
39633342219423209,0.2318832177,9.9717684,80.942169,3.7840672
39627751950386361,0.2348510837,10.426184,335.32993,4.4360404
39627751321241341,0.06101936572,10.105485,155.8744,5.2046442
39627782321341628,0.3265376253,10.290303,108.99654,3.9138207
39627788575049307,0.0553249857,8.4014492,149.72652,2.8599999
39628341585648014,0.2259204682,9.8992367,98.41906,3.1718712
39633511455394698,0.2330894981,10.257323,123.40386,4.5948596
39627661638635230,0.0762322744,8.8667984,103.67654,3.0852706
39627934792686581,0.1979379231,9.8863354,99.585892,4.3790298
39627859311985038,0.2303904467,10.421107,77.951653,6.3582702
39628296714981712,0.2595776733,9.7908049,63.084908,3.2594328
39632980703971888,0.04126180972,8.7836828,108.17973,3.5253196
39627855256099362,0.1514015716,9.0966024,85.742157,3.2894788
39627714654638458,0.0721776126,8.8318644,226.51015,2.9194782
39633263748187375,0.4718152511,10.319193,158.43872,3.98138
39627595242802611,0.2327451773,10.168336,173.96544,4.5314956
39633187873228635,0.1543448159,9.959507,61.751862,3.4624112
39627927205184065,0.08353346778,8.3637629,164.65445,2.8599999
39627585436516677,0.3894855491,10.529513,46.132504,5.3117208
39633318630653995,0.05479911006,9.7141371,176.91936,4.9905515
39627755612014925,0.2063153222,10.092259,152.19058,4.8168578
39627937598671388,0.2330284023,9.7450533,74.046188,2.8599999
39627880572914543,0.08003391712,9.7237959,242.70844,3.3279033
39633521282649161,0.1248472951,9.4462881,92.742928,3.5317097
39627701211894008,0.148418756,9.6789551,81.449158,3.601171
39633497438030129,0.2766016827,10.3814,59.549202,4.6487179
39633368559651097,0.2538105541,9.6062279,74.032913,3.0346196
39633025062929148,0.3370489702,10.177731,61.594769,3.6570978
39627660795579794,0.04933098677,7.906292,715.0304,3.050663
39627720732180586,0.05944857789,9.5910263,341.94153,3.4319103
39633267443369038,0.1939906884,9.2287111,120.8332,2.8707359
39628463983825761,0.4653031079,10.402832,129.80814,4.4407306
39627999615649040,0.4076969668,10.629537,128.45126,3.4255576
39627799694151624,0.1303867795,9.0387468,114.46101,3.4544625
39628296199081949,0.04511465609,9.0056477,51.052517,4.438221
39628513115899340,0.1430952577,9.221118,507.39905,2.9806533
39627763715411493,0.3914378757,9.9288349,89.798531,3.4791391
39627757193268756,0.1291228354,10.007695,185.67729,4.2105799
39628016204120196,0.1217290083,9.4010019,88.364571,3.9894733
39627739023544710,0.3762418042,10.423429,114.45084,4.0719504
39632966057462398,0.2769519764,10.40554,67.928627,3.6976862
39628545584009841,0.03591715557,9.8443089,283.87811,3.8160472
39627702994470619,0.1179062337,8.9307795,74.713837,3.7085564
39627817645771497,0.248080601,10.240076,324.71951,4.7359314
39628239454340384,0.1879954944,9.8934278,55.18959,3.2469456
39633039847850940,0.1664260767,9.5796661,81.381973,3.8606138
39627675748271321,0.08948316807,8.8229179,98.848343,3.1601231
39627792911960976,0.03514132439,7.0782146,1165.7988,2.8671582
39628216280813255,0.2579766344,10.966822,106.97799,4.7385654
39627825015162434,0.3962279158,10.210028,68.320732,5.3305812
39633296983852430,0.07094743245,8.8003674,123.18755,2.8599999
39628135557239234,0.3321051124,10.372509,158.20987,4.0939584
39628031798543344,0.2635392363,9.868103,60.617416,3.651649
39627971148910583,0.06783343586,8.8309326,163.90202,2.9048266
39627545129259125,0.2105164865,9.3323011,61.563362,4.7882686
39633426726258797,0.2049558389,9.6892223,42.79348,2.8599999
39627631385118289,0.142895468,9.3315754,638.5011,3.8135536
39627676469698756,0.1576217538,10.852283,282.58557,5.6275315
39627696413610835,0.3527385132,9.9928865,116.60961,3.0820057
39633411488350942,0.2230124085,9.5212402,67.159935,3.2210758
39627847937034662,0.3176515672,9.9541159,110.82692,4.4840355
39628326075107458,0.09678860284,8.9588709,83.917984,2.9128928
39628011418423645,0.24847291,10.860312,74.348648,4.6476378
39628527733051091,0.1699979151,9.712903,268.89545,3.3132968
39633072819273931,0.2275642908,10.109084,156.10287,4.6989017
39628433449288667,0.05246335981,8.762331,53.203438,3.3642735
39628386728940026,0.368325757,9.4195585,139.3253,3.1679301
39627612208765502,0.1606496895,9.7158442,141.64008,3.0967927
39628464038348830,0.06588192816,8.9725428,123.22578,2.8599999
39633152397807379,0.246866783,10.274493,59.995304,3.7997661
39628364897584256,0.04287063421,9.1486025,152.06371,3.0189824
39627673294607706,0.1940596795,9.63342,44.986759,2.8599999
39628414537171151,0.07970651301,9.406518,135.86372,3.4268034
39627872721177998,0.2994707913,10.341382,176.78491,4.04491
39627763690245714,0.2613458544,10.517563,79.842979,6.0594683
39633020273034372,0.1044449994,9.2871475,71.876213,3.4706812
39632991089068243,0.2539737828,10.056331,152.01892,4.0817208
39628507914961931,0.1564828031,9.7759132,78.872955,4.364666
39633501405841390,0.3151426445,9.3763599,108.89273,3.3714187
39633240541102514,0.2613475693,10.595806,96.085236,4.0119867
39628262053249134,0.1728564453,9.822773,181.80698,2.9417005
39627717469017077,0.1231050702,10.392105,359.47049,4.5579438
39628174698482849,0.3552042559,10.086925,62.696918,4.4540467
39633020679884840,0.3416522142,10.146939,33.903912,4.7843399
39628010998993456,0.3435724166,10.071475,81.604996,4.6025047
39627595158916900,0.06349049096,8.8881674,671.28156,2.9846408
39627689321038479,0.1274261776,9.8270168,94.873917,3.9371512
39633175231594781,0.1981736436,9.5629482,46.006279,3.12814
39633529725783642,0.1803906352,9.8521709,83.11161,4.0593181
39627842681574571,0.08298155476,8.6950712,115.34488,3.3864655
39627871550963916,0.2343133199,10.457829,86.335342,5.0433278
39633076791280693,0.2582452644,9.4730368,114.09503,3.0639243
39627962164709639,0.1213833399,9.9602051,121.23024,3.731019
39627826466393961,0.2177950736,9.7343025,88.611176,3.1452911
39628059191546240,0.09752609507,9.659852,289.31366,3.5810452
39628011284206558,0.1174615252,9.5402279,109.87479,3.394397
39632936076575817,0.2395244787,9.8121662,87.487053,4.3418155
39628176392981147,0.1008705132,8.924427,121.21512,2.9168012
39633235717653664,0.2726256922,10.046136,92.657173,4.3616271
39627778399667449,0.1267123084,9.3381701,80.790131,3.3012497
39627989725482555,0.2188727984,10.336559,106.3777,4.4036446
39632976723577274,0.05464903318,9.0148344,37.771908,3.3168743
39627923182847796,0.1695908182,10.226212,42.321991,2.9853218
39628485039230724,0.3436293338,9.8306446,86.80143,4.585371
39627766261358088,0.1870033382,9.6573324,39.451977,4.0972729
39628191970627340,0.2500580099,10.205516,93.809357,3.6524639
39633030028984530,0.03424681598,8.7530184,248.70164,3.3901086
39628106436183738,0.1265709807,10.293454,175.08789,5.2551079
39628465741236780,0.280002682,10.006236,55.123493,4.3189073
39627667338691081,0.3520950794,10.064622,185.14655,4.4228272
39627915192698144,0.1484235805,9.5132732,60.521427,3.487179
39633068738218448,0.2122886629,9.8575068,38.784023,4.1889677
39628507709440388,0.1263261559,10.295396,103.79468,4.2063088
39633259851679058,0.1500375427,10.91525,278.94907,5.4312525
39628379921584968,0.1191488048,9.653966,775.81219,3.6624808
39627672271195176,0.08762697627,9.0767508,85.01049,2.8599999
39633445093118914,0.1896464635,10.268791,207.82932,4.3244877
39628483244067882,0.3205965102,11.135566,73.817917,5.409955
39627982859404227,0.4354842265,10.2349,79.646973,3.9596272
39633001851655667,0.2310961458,10.799977,258.97443,3.8637681
39627779284664965,0.07291429953,9.2754316,216.94182,3.0570488
39627697109866529,0.265834965,9.9429569,57.851723,3.8409858
39633435156810326,0.1995335626,9.7502203,47.475433,2.8599999
39633345377733801,0.1383032942,10.32949,80.36496,3.916836
39627745675710340,0.08809879949,8.9285345,56.960697,3.4712389
39627901863202249,0.248756024,9.6474857,59.704407,3.3537123
39628268327930877,0.1676389104,9.912468,116.00126,3.4370129
39627655338789890,0.1254170897,9.654604,139.27109,3.7731385
39633149264661239,0.3320911228,10.418033,68.70163,4.4573026
39627693888639258,0.1253643487,9.6543627,75.339554,3.400161
39627503727286817,0.2793588575,9.4561605,40.278717,3.258178
39633285973804124,0.04845661233,8.6283197,217.72981,2.8599999
39627351419519252,0.0890554425,9.042695,40.926315,2.8599999
39628511249434242,0.1503949258,9.9199905,107.89094,4.5864344
39633267514673756,0.0297385477,10.920137,361.75342,6.3451347
39633312192398457,0.3860961814,10.095166,65.605949,3.7550437
39627613156672478,0.2078537422,9.8240566,59.152058,4.0311379
39628189911224284,0.07722478697,10.727983,346.09979,4.3850312
39633217338216175,0.4649687364,10.768471,128.85257,5.5158434
39628467947439281,0.05131720357,9.0307159,41.922993,2.8599999
39633345490979642,0.04451012028,9.1372042,106.24278,3.7143731
39633289505410222,0.1670533856,10.333408,225.32236,4.8391285
39628374443819625,0.05767396833,8.5456505,71.322731,2.8599999
39627781583145066,0.2799620637,10.590737,56.616402,5.3216648
39627983387886581,0.1979985401,10.096317,117.10146,3.4183896
39627588448030566,0.1556841378,9.2129288,52.055626,2.8599999
39627872008146675,0.2805247619,10.003559,77.6091,3.3019283
39627754534083838,0.2471630028,10.8288,37.658695,4.5092382
39627899317258641,0.04533570614,8.2072077,172.55441,2.8819613
39627742039250922,0.07951581078,9.9333525,1111.8275,3.9287882
39633203467650634,0.1836743756,9.6761265,68.053223,4.0737853
39628106440380070,0.1328953512,10.414777,127.08821,3.8652799
39627920880175031,0.0603843737,8.7661448,154.49408,2.8599999
39627749521884130,0.1530266981,10.344707,463.34293,4.1726375
39628491976608698,0.3354658638,10.226674,81.602203,4.2334867
39636509430645707,0.1163260578,9.7604628,113.63547,3.9840243
39627641099128310,0.04679391401,7.6517229,149.00334,2.9580035
39633239442195427,0.152868191,9.7418804,103.11012,3.3327353
39627398194397576,0.1050200068,10.035854,215.66397,5.4525599
39633296614753628,0.1192267371,9.2871475,208.67131,2.9486272
39628165076752386,0.1343589496,9.7845602,89.902512,3.4190764
39627485712751123,0.2763790475,9.8015594,73.641914,3.4953885
39627654483152971,0.0557643939,9.2593479,189.18295,4.1545377
39627908997711739,0.1562149186,9.6047554,177.32558,3.4622784
39627727107525457,0.3062888216,10.681435,78.370506,4.4448466
39627805507455198,0.0643939514,8.529911,75.28466,2.8599999
39627871517410634,0.2016825944,9.9633188,111.20968,3.9800336
39627654520898854,0.05579604072,8.4777775,45.603569,2.8599999
39627871911677237,0.100654921,9.5674658,64.423477,3.87064
39627921282826621,0.1436232399,9.2167902,145.1021,3.2566478
39628462310297724,0.2874592999,9.8045254,73.279648,4.4967222
39633318022481823,0.2615409836,10.389745,239.05066,4.826406
39628023292496722,0.3256205737,10.670717,63.317207,4.4706912
39627881621494608,0.1119738794,9.238863,93.230522,3.6349354
39628517926765369,0.2581390979,9.6261396,368.04871,4.1209502
39627557301131261,0.1005575975,10.135396,242.09413,4.0273829
39633478442025009,0.2973892143,9.9329472,74.401802,2.9475415
39627879364955945,0.2594460843,9.7501469,114.65158,3.8677547
39627713241157658,0.2138395867,10.302979,38.738819,5.0032268
39633049171790547,0.2074080404,10.949702,162.83131,6.4927335
39628153307534188,0.1129402591,9.096838,126.37827,3.2496417
39627914676800913,0.3182755148,9.9438763,107.69115,3.7433286
39627818270725306,0.3515528139,10.340364,57.96962,4.0409608
39628352289507557,0.09559720755,8.9191961,69.0532,2.8599999
39627878563840970,0.3348993689,10.236879,263.00674,3.8412373
39627830195128155,0.07761499471,9.6101141,44.085789,4.4838815
39627687894978555,0.2871722271,10.330914,67.036514,4.4553113
39627633872339585,0.2316746546,10.09938,88.684624,4.3391051
39627666646632348,0.09977922733,9.5725021,409.6666,3.7279088
39627612712076354,0.4147787329,10.161098,83.704964,4.4937873
39633162296364000,0.2418512667,10.821195,150.90005,4.8741994
39628476403155125,0.08042471895,9.7050743,174.02017,4.1088386
39632941650805554,0.393283535,10.227704,63.265816,3.8917274
39633145074551237,0.3982387741,10.249042,80.041679,4.3245583
39633434720601843,0.3902161492,10.217409,133.70831,4.3499761
39628172194483971,0.2546481272,9.7795162,137.10767,3.6920416
39633170169073606,0.02383897048,8.4273462,135.46617,2.9983511
39627661613470302,0.3036889238,9.9823895,57.402939,3.859695
39627509075026723,0.1817624073,9.448472,110.07773,3.4496405
39633208370792729,0.06147453073,8.900569,69.410988,3.224319
39633519583953733,0.1209702126,10.106152,77.51593,3.0652077
39628061053814670,0.04295274843,8.7257404,141.46661,3.3068147
39628081576544008,0.3138686183,10.845687,93.935013,4.8289561
39627860918405955,0.206798829,9.7543983,87.795586,4.0608678
39627778114458331,0.1937164379,9.2166071,40.957684,2.8599999
39633455637596051,0.2697159565,9.5384665,120.68179,3.5754199
39627525827071323,0.05934154454,9.1611767,56.074947,2.8599999
39633474021232351,0.04183962576,9.0316629,47.051662,3.2261763
39627868971469312,0.06729682679,8.3378735,73.620476,2.8599999
39633393968742793,0.1734010569,9.4145203,70.094215,2.9927437
39627781516035086,0.2857242594,9.7684803,342.56723,3.4586716
39627879255901331,0.1115268852,9.1344204,155.87082,3.3430984
39627909484249833,0.2114248427,9.8550415,128.43167,3.8234518
39628113600059339,0.2774042364,10.427448,94.482399,2.8858347
39628502621754518,0.1456885693,9.2294836,40.627705,4.7019377
39627671159706235,0.117514167,10.407705,129.524,4.1544242
39627983253668965,0.08754888715,9.3889637,100.32178,3.6553762
39627732941799757,0.1839247304,9.549799,39.841732,3.2360709
39628523261923553,0.2019936896,9.7017031,105.1153,3.3110616
39628262372018305,0.1057482395,10.36272,323.04709,4.0796666
39632935942358951,0.4068337089,10.749634,117.98567,5.0591726
39627986021911093,0.2111872885,9.7785683,85.431519,3.0135455
39632986374669922,0.2785396251,9.9551096,48.250557,2.8599999
39633006121455129,0.3242340093,10.285586,46.406021,3.8206675
39627576922081971,0.2686114737,9.6955166,506.16299,3.5964978
39627755419076743,0.1618231904,9.9090738,65.509094,6.2035713
39633441364378303,0.1684236491,9.7126637,160.44885,3.4210725
39627772242432945,0.1324771313,8.9426308,108.69882,2.8599999
39633216797150270,0.2467554189,9.8874226,137.58554,4.1642933
39633175042853688,0.2484965395,10.196356,88.604965,4.2470646
39628460989093164,0.02146083097,7.4846954,139.1666,2.8599999
39633248136987672,0.08023446762,8.9801378,131.17787,3.22895
39628512851658409,0.2741683875,10.483827,99.070549,5.113801
39633534167551810,0.4124313233,10.184105,56.27383,3.3659348
39627711924143649,0.1310018435,9.8843117,101.22845,5.1891303
39633399077407427,0.1955066283,9.7709208,80.081238,4.0520153
39633066687203222,0.1387972005,9.3060637,121.6223,3.9904053
39627866509414720,0.2699226325,10.534478,260.44067,5.4292722
39633279044813233,0.1777551035,9.9290466,99.872665,3.8834186
39633104159113881,0.3542627444,10.873172,67.388199,3.8573754
39628102644532479,0.1471722806,9.3797493,94.466286,2.8599999
39633476630087125,0.2330153212,9.982316,63.609028,4.1038566
39632995035909979,0.1827391986,10.226527,77.858955,4.1903234
39628394308045917,0.07631563316,10.006609,107.28052,6.1395216
39627841687522210,0.3622720381,10.40041,44.931561,3.402365
39627655686919764,0.2687496436,9.7344093,74.609879,3.8355951
39628337101932879,0.2759420755,10.149484,118.73569,4.3611951
39627809156503171,0.3668446267,10.119817,62.928272,3.9269733
39633407604426024,0.1522821365,9.6966343,104.39272,4.7462077
39627756878694872,0.3305938504,10.291093,70.468536,4.2077494
39628025687444861,0.1993830605,9.9845362,178.49178,4.0403419
39632962081264376,0.1408278756,9.7872553,104.8251,4.8234138
39627839661671264,0.161046598,9.626585,173.64911,3.3387613
39633438730359994,0.2253002739,9.4799595,50.788666,3.2665603
39627815250824761,0.2544002736,10.2418,49.855766,3.5022435
39627884674945782,0.1321720696,8.65942,85.658493,2.8599999
39633274959561357,0.329666971,10.526735,85.190483,5.0398164
39627993470997909,0.4341788895,9.9695778,91.329315,4.0470195
39627974839895346,0.08817664667,9.0983124,52.627071,3.1311383
39627737186438505,0.0381557184,9.9710531,112.54183,5.0557413
39627573214320196,0.2900894051,10.062928,109.3362,6.2698722
39627681762905809,0.1684566629,9.6526613,143.71652,4.4242892
39628521936521822,0.13694384,9.770093,193.63394,3.9727511
39633377405439580,0.144100554,9.7379885,260.64307,3.4949007
39627398215372710,0.1511050658,9.0237331,294.97379,2.8599999
39628314721125225,0.1510284112,9.4847269,77.463882,4.1062751
39627826206348786,0.3353944296,10.485725,415.65662,4.2265568
39633383617203325,0.1303476816,9.9320745,176.09058,4.8321753
39633045107510908,0.1317245762,9.4700012,80.096008,4.0399132
39628009879110308,0.2474527828,10.229355,168.55251,4.5580211
39627958935097896,0.4732880792,10.393725,112.93632,5.351203
39628025716805052,0.3331185009,9.8069887,80.493446,3.5505974
39633187810313014,0.4049058676,10.984608,119.71336,4.6033363
39628368706014855,0.08069862624,9.110857,67.009972,3.2368889
39627581082829830,0.1042525042,8.9264002,93.394615,2.8599999
39627877645289501,0.1013896239,9.3364296,65.438721,3.1990182
39627776076023437,0.2334000789,10.036291,92.58223,3.7296357
39627767318317754,0.2161804543,10.006997,69.178963,3.4294486
39627891041894897,0.1570409512,9.5707655,109.82723,3.618233
39627914039267787,0.1886981528,9.7441893,60.164082,2.9881177
39627769017009505,0.1992201237,9.4957628,146.80585,3.491302
39628507600388974,0.3310751159,10.183227,74.556885,3.6451576
39633513300889133,0.2257284911,9.7153711,38.460541,2.8599999
39627981643061697,0.2374351418,10.457457,83.406723,4.6296964
39627666537579337,0.05019441114,8.7854557,99.101509,2.8599999
39627865498587508,0.1967079174,9.8111897,84.628242,3.8737085
39628420002352098,0.1496960225,9.8360014,85.058739,3.3055234
39633247855969126,0.189822378,10.594024,240.07576,4.6269703
39627734204287554,0.2669210921,9.977602,91.944679,3.4366412
39627830589394070,0.1403392391,9.5244436,91.985176,3.1761546
39633342810817651,0.1526369222,9.5357647,180.90312,3.2871208
39633259067346720,0.1496903315,10.59776,160.80449,5.0330176
39627857835598982,0.3015519829,9.8347702,52.933964,3.7062888
39633370858128149,0.36078907,10.16564,113.02126,3.9868605
39628352507612994,0.2078743122,9.7401552,141.53482,3.6580775
39633278856070113,0.1207191135,9.1986914,46.588631,2.8599999
39627660975935741,0.1253944637,9.9023418,50.634144,4.1067257
39628300221415699,0.07827902013,10.62464,247.31117,5.3541346
39628357733713182,0.09165303517,9.5128374,376.28394,3.4664481
39633329737171698,0.1667358096,10.158463,145.45161,5.5769691
39632991357502300,0.1576224395,10.491205,173.25598,4.7376428
39633217195609138,0.1880542769,9.7506351,40.826237,3.2241828
39633381029317249,0.3967074548,10.352457,68.877998,4.0881209
39628468127796229,0.1965345161,9.8495388,163.5571,3.801631
39627508311657671,0.254123215,10.022156,55.788994,3.6196368
39627735588411612,0.1333422619,10.060386,98.598755,2.993407
39633491578585157,0.1461875346,9.0886259,63.150696,3.755054
39628068901361300,0.2758278577,10.646583,140.20474,3.7376912
39628467255380361,0.3918736241,10.69526,69.092522,5.1424437
39627771839777004,0.1560121719,11.001976,812.04895,7.3534741
39628158575579011,0.3394720764,10.644456,111.04375,5.2452054
39628141785783937,0.4265463925,10.375437,89.625237,4.6029849
39628117911801291,0.1469211211,10.359374,121.1128,4.0734563
39628100580937244,0.3768406021,10.342949,49.879517,4.4064655
39627728156102797,0.1484623655,10.239906,151.43167,4.6290555
39627915666654431,0.1191950275,8.9886799,53.533913,2.8599999
39627782199708801,0.156642546,9.2174482,134.79871,3.4468231
39627917013024801,0.2679666273,9.4542904,129.87419,3.0621035
39633472293177165,0.07932239315,9.2127209,109.76295,3.0594771
39628418186220680,0.1606247611,10.183968,386.64877,3.6246383
39627757365234709,0.06338318889,9.3483706,53.036011,3.179369
39628467230212176,0.07845439234,10.512529,62.284904,5.19136
39627606894578441,0.1842849577,9.6371965,100.89333,3.7347333
39628235528472895,0.1806543833,10.709458,151.2166,5.4776978
39633033552201737,0.05339517339,8.7580004,60.32917,3.1896679
39627444143003589,0.2581946956,10.200708,236.83243,3.9893305
39627850608809411,0.4099879237,11.010986,42.598495,5.9208117
39632971744937219,0.3030026958,9.9763975,75.941452,3.6637049
39633127215203737,0.1025391771,9.9841452,607.74713,4.468565
39633461245379239,0.1491798161,10.955031,133.11391,7.0463772
39627433049067872,0.1126104809,9.0133677,178.00641,3.4370918
39627877410408132,0.3293666039,10.598162,133.32367,4.4170818
39628497546646356,0.2255107435,9.809166,90.790131,3.8713951
39627989859700138,0.0486445307,8.4670792,63.395542,2.8599999
39628387467135863,0.1895407374,9.671442,413.86218,3.5425575
39628064493143197,0.3525585717,10.633142,146.74796,5.1527576
39627776302516020,0.1353399252,9.4165535,47.708279,2.8599999
39628200967410214,0.1302586755,9.5570707,192.57407,3.4568009
39633368479957190,0.2443259765,9.597909,64.740974,3.7920957
39627836394312075,0.4129946816,9.9731464,67.691856,3.7879565
39628428894274350,0.1858481023,9.7143126,84.558014,3.0024621
39627553522060577,0.1197534846,9.5748863,175.77328,4.0034561
39627945475576827,0.2437621667,9.9466724,47.822277,3.579021
39628211058903848,0.2932639932,10.422111,65.760071,4.5737152
39633077449786035,0.2252233261,9.2918558,84.384773,3.2336268
39633501720415353,0.1064197479,9.268858,85.305672,4.3747697
39633399891102314,0.07300820889,9.4538374,98.147362,3.3920221
39633476739138195,0.203504923,9.4846764,51.711895,2.9098268
39628110202668540,0.3901041073,10.745775,110.43808,5.5205002
39627748938881817,0.1075649861,9.1769943,69.115051,2.8729479
39632956532196218,0.3608677762,10.399096,115.53094,4.1105614
39628245867436811,0.1143664697,9.3734808,150.61877,3.3815913
39633053387064355,0.3623453191,10.64193,120.88459,4.281208
39627866069009935,0.2643851028,10.491639,97.960403,4.786859
39628292327741230,0.08913767293,9.1568813,68.44149,3.1139848
39628037595074541,0.06579552555,9.8364315,102.68207,3.9147403
39633207276077226,0.299410036,10.253287,48.361534,3.5644152
39633526047377273,0.1562632509,9.2390547,65.741531,3.3616664
39628153341085082,0.2837679382,10.255673,62.486927,3.3210564
39627615719395482,0.2690883677,10.298686,39.103035,4.8236589
39633296983852453,0.2457149353,10.656337,81.636024,4.3378587
39627732983744236,0.219179843,10.037271,71.766602,4.5131869
39633412843110609,0.07442909632,9.1423321,228.80099,4.2553115
39627787039935090,0.2246290701,10.17173,44.384956,3.685801
39627886759510797,0.3049094115,10.128355,194.02727,3.1601617
39633068146822356,0.1581476557,9.7466917,140.75424,5.1268582
39628000945247939,0.09073277706,9.276413,119.61526,3.0564864
39627953369253463,0.0642739165,9.8320284,119.33102,3.4147685
39627808674154116,0.1515510088,9.5602589,103.85154,3.024565
39628096130779109,0.07817860776,9.2814941,120.85003,4.2626944
39633335311402723,0.207545927,9.6548176,85.155403,3.3776116
39632946306483468,0.394292875,10.675078,82.418968,5.5800428
39627775270716177,0.261010646,10.273724,121.49736,4.7615528
39633335588226747,0.07301038619,8.5168915,241.46901,3.3310966
39627994750261849,0.2308397006,9.9070377,101.43242,3.4201679
39633318236391819,0.2225266581,10.435471,130.71675,4.3679161
39636443080953871,0.08806642563,8.9006519,350.73022,3.2376044
39633123536797941,0.2652039912,9.639905,85.263977,3.8199518
39627829469515159,0.04666193243,7.8965549,577.38141,2.8599999
39633415716209412,0.3005042042,10.408019,155.21957,3.8378179
39633039155793703,0.2491432478,10.942055,82.309021,5.6526103
39628476793232918,0.3381577835,10.329803,68.038765,3.9365215
39628010076242765,0.4079837157,10.772039,153.26816,5.7906132
39628123897069622,0.1866784641,9.6962557,122.44903,3.5122523
39633068612387135,0.4101891007,10.357568,141.81947,4.1962342
39633516232706893,0.3105050447,9.8662405,72.942986,3.6329467
39627750717259872,0.124215692,9.4040632,162.68011,3.8007305
39633023888529088,0.07046018642,10.178737,152.46356,2.8599999
39633081908331382,0.1847732861,9.4595642,144.74187,3.7579949
39627742483841267,0.2150113828,9.5533123,69.93261,3.0924501
39633063545669725,0.2486530018,10.214475,69.655762,5.7331142
39633186673657102,0.1860566591,9.7975197,74.337257,2.8599999
39628034759726361,0.3872517961,10.276441,38.223915,5.0141969
39627646996319259,0.1381940957,8.8646078,116.09616,2.902256
39627649739397412,0.11087672,9.9577484,103.84196,4.118453
39628486339462775,0.07761608041,8.6624908,55.646828,3.2698948
39633411471576672,0.2170531342,10.617317,77.942764,3.661936
39627508424902889,0.1902062985,9.4477491,268.88071,3.228595
39633145015829378,0.3308916223,10.072441,145.20325,3.6306217
39627995287131047,0.1968498512,9.8173819,55.1106,3.3603711
39627832627826087,0.07428632839,9.767745,46.515537,4.2119651
39627711542465272,0.194221993,9.7317009,34.127384,2.8599999
39627812323199488,0.09123585656,8.8453302,113.07761,3.0982635
39628313014044269,0.04592598053,8.8780775,191.13937,3.3346658
39633377720009042,0.1988854045,9.3146973,48.997784,5.4482684
39627894149873793,0.1039658375,9.4139986,147.25089,4.3874421
39627652511833390,0.4273065774,10.804832,109.37293,6.2187314
39627944728990135,0.2351758255,10.524469,163.75984,4.7720146
39627850571058871,0.1753913703,9.1904154,170.11432,3.4408295
39632931731277709,0.1619645857,9.234086,123.76315,4.3290758
39627757344263213,0.1876883275,10.698776,451.86023,6.0539656
39627951813168844,0.2292737547,9.5351992,87.058151,3.2337043
39633377891977051,0.1880740023,9.902401,241.26338,3.6971946
39627684497589850,0.1897730579,9.360054,83.881699,3.1337504
39633232223798427,0.4356411145,9.7097378,115.46581,4.5189872
39633487363310553,0.1631066379,9.8769598,435.27713,4.3649573
39633535073519866,0.2716253941,10.142562,214.63968,3.8081737
39627780924640908,0.4060381431,10.504964,95.869003,3.8560145
39628031467195340,0.3395559801,10.794421,346.63071,4.6858664
39633117102737319,0.1611074916,9.4213667,63.176338,4.1102586
39633393213771543,0.3414619762,10.345894,70.218994,3.7473567
39633374687530301,0.2517235417,9.8311071,83.127052,3.6862848
39627589349806626,0.1518069781,9.2616043,55.136944,3.0971773
39627660841716001,0.219081381,9.2120314,270.11029,3.1252074
39633259834900686,0.3394575317,11.137826,137.62805,5.8782363
39633267464339564,0.2277487637,9.9374676,79.392136,4.0235491
39627982830049289,0.2748949433,10.062844,83.467758,3.7896285
39633335621781735,0.2029038094,9.714488,153.65222,3.2963717
39628043538399333,0.1957216051,9.5197754,64.154755,4.5008044
39628440759960645,0.1832452777,10.643443,331.68527,3.3357306
39636929792180370,0.1299236704,9.2355299,70.853783,3.3462882
39627942107545958,0.2160267693,10.693202,128.91109,4.1619372
39628516077078700,0.06703478035,9.6264,407.6922,3.1064816
39633073293235009,0.1059917073,8.8965921,80.514252,2.8599999
39633312301453346,0.2067496012,10.393848,65.208298,4.3790593
39627888084916982,0.2741929318,10.088588,76.198494,3.665216
39628242004478894,0.08798492076,10.409553,223.44019,4.7974119
39628007287033959,0.04769205259,9.0769739,108.89821,2.8599999
39627877402021107,0.09361431391,9.1658335,125.9483,3.0549912
39627742399960331,0.0309304112,9.8092299,535.72302,4.7035971
39628448095797978,0.17094431,9.0880575,45.357861,2.8760521
39628176443310733,0.04398162452,8.3916578,244.33963,2.8599999
39627618399553014,0.01444035057,8.6248055,71.310616,2.8599999
39627703732667050,0.1318794369,9.3339605,66.638123,3.5975952
39627842446688639,0.267808045,10.44362,100.32861,7.8124042
39627658610350276,0.3049095042,10.817927,110.48162,6.0797877
39627764017400030,0.1016707211,9.6959143,364.38925,3.1403036
39633321344368793,0.2238354711,9.5222492,103.54607,3.2010493
39627646836938278,0.275515752,10.404324,147.81104,4.5875292
39628234286961418,0.08495977579,9.0190535,62.102497,2.8609326
39627520328338773,0.05878711375,10.213663,152.7012,3.1554301
39628353874958482,0.3062634379,10.42142,75.702194,4.2667208
39633011351748777,0.09857297295,9.6664371,52.358379,3.630506
39628517700276041,0.4076311529,10.477623,217.22337,5.7490349
39627646975346427,0.1706109389,10.147601,454.7189,3.2582495
39627887128612903,0.0632006845,8.6831207,97.54995,2.8599999
39627681775489247,0.320282734,10.108148,170.63863,3.4055467
39633247939857278,0.3145127553,11.220366,287.20715,6.4344559
39627720644102256,0.0730270068,9.7678614,115.65115,3.8244739
39633507378531108,0.1859489395,9.6548719,67.596214,3.4704976
39627761299489960,0.3145496632,10.419176,179.51898,4.7889304
39632956137934034,0.2590098556,9.9768867,60.770981,3.0193942
39633090842198294,0.3030666206,10.331585,77.785095,4.9144273
39627811576612563,0.07215531245,9.8143959,84.027275,5.2781873
39628337177430075,0.139749264,9.6537352,47.905266,3.1239884
39628464726216363,0.03443053236,8.3008757,146.63045,3.2161019
39633532213005667,0.1060527157,10.319424,359.86014,3.8391571
39627830417429262,0.1727562131,9.6191044,214.64661,3.7268722
39628341392706516,0.1902062855,9.6310015,340.1319,3.9950938
39627708547729234,0.1547558893,9.9485426,129.96718,3.5396531
39633499799423128,0.2622698237,9.6860418,48.211048,3.5571127
39628469344141999,0.08078089193,9.4637356,45.032936,3.0513463
39627385716343347,0.0538077178,9.8550301,129.30577,6.242074
39627884075158184,0.01705815039,7.3177667,105.30238,2.8599999
39627847408554344,0.2158326556,9.8124828,77.652084,3.8854518
39627872565989094,0.04357716904,8.9759216,117.01272,3.0294681
39627697676092985,0.2091778392,9.5726852,64.319489,4.3810339
39627872167526921,0.1542999253,9.6022396,93.33831,3.5034413
39627743217844668,0.2962550889,9.8287611,48.227699,6.0487504
39627835404453073,0.2646415164,10.531695,76.635727,4.0551658
39627722019832175,0.2779718887,9.9689627,248.46666,4.1229773
39627871374803037,0.1903420369,10.64871,164.2533,3.3794382
39627861379777092,0.2310203296,9.9776554,83.816422,4.3640337
39628063025135769,0.1215170939,10.077219,460.00372,4.4456491
39627975016059456,0.2645364873,9.8061609,105.23341,3.3464503
39633195997594634,0.06056404182,8.6115417,49.342422,2.8599999
39633161470086028,0.2254630718,9.2604494,226.12511,2.9695332
39627884666553781,0.048012319,8.4929228,94.044052,3.4438388
39628126036166849,0.1925595764,10.060779,149.12874,3.1184933
39632991210704736,0.3572462442,10.045488,264.20761,3.8989487
39627961728505011,0.07313952724,9.7023354,96.806305,4.3903265
39633001256061691,0.2829909967,10.562201,189.93288,4.3365364
39633154369131296,0.05049155584,9.4138441,203.21333,4.4675288
39627739535246482,0.2325879951,9.7016754,54.486279,3.0748692
39627857894315156,0.03844418486,9.2828798,332.81247,4.0777788
39627652885122721,0.1560000733,9.4881525,61.415001,3.9301283
39627705456528517,0.2713648044,10.483727,96.446266,6.0175061
39633336376756440,0.2335143609,9.872571,54.210007,3.6520596
39627992225287303,0.1897969894,10.535546,154.10408,5.2644377
39627403928015889,0.2350249857,9.922286,98.829201,3.2909684
39627881332083744,0.2179104518,9.4686317,204.22261,2.8599999
39627790911278643,0.3075610931,10.517782,79.259636,4.0084286
39632971350672966,0.1936006937,9.2782087,84.864769,3.1235237
39627927070969143,0.1121073241,9.3016443,142.07101,3.4490399
39633281775308280,0.08293850606,9.4101305,320.06461,3.0996799
39628483608973432,0.3940688199,10.89358,114.02261,4.8563418
39627697902589739,0.1070653671,10.278542,239.12228,5.1488471
39627594336834266,0.4083160869,10.436215,52.372219,3.8247678
39633240469800618,0.2785065303,10.647242,49.207577,5.764266
39628052484854047,0.1721645938,9.3022747,66.547394,2.985724
39627712586847017,0.3285468555,10.081416,48.60339,4.1219888
39627673487541123,0.08697211622,8.8299055,99.703209,2.8599999
39627825132609559,0.1286529005,10.069179,242.10997,4.9968076
39636928319981183,0.2821247788,9.6535635,60.912117,4.4082756
39632936386954351,0.1526729685,10.301925,302.01596,4.3219333
39627951309850659,0.01778538916,7.0072117,167.80856,2.8599999
39633469885646572,0.1935567897,9.9253912,99.118942,3.3441002
39627912189580113,0.2216852468,9.8179121,33.434021,2.8599999
39627722036612833,0.3491189463,10.284791,178.04625,3.4299729
39628005399595182,0.3498452118,10.624088,127.03264,4.0443325
39627628990169848,0.09182013935,10.735662,719.14954,6.3925252
39627726520322879,0.208653143,9.9620867,119.11127,4.0204339
39628408782590467,0.1079343515,9.5679274,208.3199,4.1656914
39628009505820093,0.3787286363,10.914909,73.980476,5.8140626
39627655384926648,0.2741170061,10.060501,51.996338,3.326406
39628003637986004,0.2387135644,10.300885,84.435028,3.8453205
39633169573479303,0.2068933388,10.168391,211.70209,4.5120378
39628386733135805,0.0390266276,8.7564707,83.8778,3.2391384
39633212774811116,0.08464671761,9.5395269,163.03366,3.5916662
39627985950609689,0.3497904575,10.076236,128.99428,4.4110551
39628497475341262,0.09484706406,8.5244303,100.20402,2.9167943
39628432044197306,0.2461781919,10.22125,53.758259,3.4626625
39628432060976583,0.3217822355,10.7693,100.69707,5.6931119
39633523514016002,0.1433163344,9.4858551,194.74663,3.1521351
39628331649337138,0.05673265273,10.660152,485.03314,4.0041223
39627742257351652,0.435098003,10.80831,107.42222,4.0095701
39633108047235621,0.3843541784,11.353662,48.764172,4.9407072
39628265027012676,0.02822015364,10.745433,587.6593,5.5374279
39628403644566352,0.04335456051,8.8092747,177.95717,3.1459248
39628114128537727,0.1728479403,9.7382669,355.70395,4.0828667
39627854408843553,0.3989484732,9.9594088,102.77294,3.5029616
39627749165370406,0.2328683037,9.8718929,77.99334,3.5834486
39633114649069517,0.2751945774,9.8311319,148.70407,3.0751741
39627865385339610,0.2307188754,9.547267,114.04005,4.0738859
39628425597553057,0.2303077741,10.161901,50.122841,3.4823887
39632971086430513,0.1817022216,10.090078,84.654747,3.375879
39633039696856975,0.2662473356,10.135771,99.686089,3.7515805
39633476588146489,0.1976381395,9.613184,137.30705,3.6727421
39627854639532327,0.07749503012,7.9230499,250.2157,2.8599999
39632967194116585,0.1614006376,9.6429024,140.35104,3.988873
39633033971632183,0.1365448227,10.586351,92.504128,5.0127535
39633048702026367,0.1999995397,10.353639,153.79234,4.6674662
39627509125356231,0.05156896996,8.4575758,104.43391,3.0562031
39633196924540196,0.4048733512,10.498964,81.20269,4.1188869
39633011628576963,0.384453843,10.010334,49.17746,3.8702157
39628354101447221,0.1709555195,9.5871038,45.493061,2.8599999
39628353682015772,0.268859232,9.668334,104.55586,3.4978495
39627802835683733,0.28220486,9.9870405,68.685463,4.3339539
39627690847764806,0.2297285888,10.267889,191.8037,4.0431395
39628086827813985,0.1127051804,10.361616,175.70601,4.4281397
39627721168390727,0.4875716806,10.311193,95.546257,4.1705275
39627805914304464,0.4147577666,10.537986,63.292187,6.8966756
39628176678194957,0.2564821542,10.041259,54.369083,4.1492729
39633399110961804,0.1804027629,9.8708715,46.312767,2.8599999
39627841519748196,0.07996338927,8.83354,43.308685,2.8938537
39633353233662467,0.2315431772,9.9161978,27.636833,3.4780178
39627781763500843,0.1250715355,9.7445278,182.98268,3.2497072
39627785538375110,0.2394982299,10.518748,118.27333,4.7989421
39628001297567713,0.05770051665,9.2271242,61.251869,2.8599999
39633058239873800,0.3068279464,10.631625,101.38461,3.7279806
39628199746868860,0.1635818469,9.9060888,125.39348,3.7688646
39628376511613740,0.1485133528,9.4288588,37.565739,3.2132704
39627479568089767,0.3573589948,10.564296,67.102303,5.2099328
39628522787967414,0.130707149,9.1608458,111.65637,3.5786564
39633006637352169,0.1662112084,9.8462448,100.99689,4.4516797
39633259662935814,0.1782632025,9.4868546,55.456688,3.510438
39627823702347964,0.2416188552,9.8229074,137.22884,4.2861686
39633064053180727,0.2658705602,9.765996,36.212322,4.2259455
39628420019127958,0.04623072761,8.4731483,153.49248,3.6768103
39627676595528477,0.1368379716,9.2322283,210.73994,3.6447325
39627793482388016,0.2518896449,10.324821,132.26886,3.8491354
39627715438973041,0.374333718,10.533816,149.3913,4.9296489
39628054888187416,0.04030935068,7.4768829,177.24974,2.8660598
39627927070969834,0.1825103176,10.061123,152.38228,4.2970605
39633010760354178,0.09916744756,9.4447422,1135.77,3.7238245
39627983337554242,0.1434892428,9.6896849,45.544895,3.6592016
39627806065297823,0.119563564,9.6446695,140.6499,3.4140406
39627642474858202,0.1191046526,9.2834492,251.76836,3.4329937
39627764092901201,0.3670410278,10.345075,103.05195,5.0299969
39627703632004564,0.2647729952,9.9328041,67.061478,4.3774972
39627884981128286,0.3895718878,10.444809,110.46706,3.7099328
39627658560016966,0.1392506297,9.0733385,42.670868,2.8599999
39632990568976058,0.3266608882,10.096808,113.22373,5.1345944
39627800981800219,0.2080672631,9.5000143,57.275421,3.804693
39628116066308629,0.1112303932,9.1510525,109.12227,3.5297227
39627857168699254,0.1643534548,10.046791,82.71022,5.3932528
39628222832316275,0.2392631441,10.503937,95.775917,4.7382817
39628501933886661,0.2434053448,10.018932,174.87198,3.4695253
39633278935761261,0.07493618661,8.9700174,52.970745,4.0702257
39627637424918007,0.1182175909,9.2552958,173.92569,3.4203598
39633067983244520,0.3741916721,10.504331,75.340141,5.165966
39633220454582603,0.02904194008,9.5376549,205.45636,3.3383484
39628324368028672,0.1544203033,9.6441689,91.520569,4.4032798
39627606907163504,0.1610911803,9.6759691,57.605495,3.3248138
39628133887903083,0.115159642,9.1968641,125.42755,3.2131479
39627968280006755,0.05316614685,9.9925833,856.28882,5.2493405
39627758006964236,0.2335653702,9.696228,132.0285,4.4601307
39627705884346221,0.1286399407,10.038408,53.1133,3.8738852
39627785236387384,0.2749274445,10.279563,92.660767,4.2804241
39627969404076179,0.1284787596,9.5323677,40.674217,4.9864283
39628040673692804,0.133892278,9.3862352,59.360992,3.3166921
39627727145274937,0.4081011948,11.188327,59.969826,7.2762704
39633104842785019,0.1656650381,9.9342251,151.23111,4.0475383
39627856971564536,0.2326133145,10.343802,101.00249,3.8735955
39628506442760827,0.2219515321,9.5463886,155.49295,3.2706213
39628234488289388,0.03912389953,9.9827824,219.79935,3.5464385
39627731155028856,0.1220430089,9.2647343,94.538933,3.3024368
39632941025856404,0.4210258261,9.6046648,424.23944,4.3318772
39633300939082945,0.1165040178,9.4595318,66.785576,3.7585099
39627902894997952,0.3129866012,10.536428,51.078697,4.1243925
39627826680301941,0.2366914917,9.8705273,44.665432,2.8599999
39628403053172751,0.2650436949,9.7278185,47.449921,3.0453968
39627891197087442,0.2177282626,9.8176565,76.902473,3.1550529
39633517818152978,0.2244343267,9.5551977,68.355049,3.7233956
39633450788981857,0.2170953116,10.48812,233.19371,5.7596669
39633263605580012,0.3340161147,10.22718,79.953804,3.9167364
39628490995142790,0.1995825759,9.3400269,85.161446,3.3980756
39633224409812255,0.08995060605,9.2653904,132.80936,4.4200153
39627727522763153,0.08937805012,9.1406069,60.393509,4.9042087
39628287621727224,0.1633160993,9.2567177,66.325264,3.1314931
39633529352488698,0.1205323265,9.8720655,182.88864,3.7268865
39627733130546545,0.3570053558,10.319653,69.36554,3.7647486
39627884528140497,0.2426590484,9.5183096,85.790077,3.2156563
39627807050960903,0.2243913406,9.6436272,56.613232,2.8599999
39627830790720463,0.1714541913,10.262064,95.034386,3.2403927
39633358854032618,0.07967803924,8.6340818,52.54129,2.8599999
39633184308071498,0.1541774097,9.838254,69.538574,4.0717797
39627721935947113,0.2905619411,10.128056,68.594887,3.5797276
39627861237172800,0.04132290876,9.2046909,171.74796,3.3560233
39633264494775808,0.2937308369,10.06297,76.808777,4.512404
39628333788436525,0.116489566,9.3715706,107.42895,4.0715532
39627809571736905,0.2322421986,10.009066,79.510063,3.418545
39633021166424374,0.1391013409,9.3822041,69.88472,3.6773601
39627770413712167,0.2676109816,9.9565058,46.497814,4.6259847
39627570794205104,0.3411493202,10.760117,82.975494,5.6904192
39633525116242172,0.006516185825,7.1830106,99.884415,2.8599999
39627959056728396,0.2968359664,10.717668,50.833706,5.8983774
39628016929737917,0.24863756,10.273461,68.189545,3.0200243
39633362205279257,0.1521616001,9.7749434,62.90794,3.4027286
39633274758237082,0.02008753326,7.5825572,37.857632,2.8599999
39628072831418906,0.1181245068,9.4869938,47.940704,3.2026718
39633416844479846,0.06220654282,9.1647987,55.754513,2.8599999
39627607481780049,0.1686959703,9.6646328,65.193672,2.8599999
39632960990741277,0.1017512697,9.3882818,69.620964,3.9502287
39633315015164242,0.3328124787,9.8605814,83.252724,3.4547527
39633476273571554,0.2956829805,9.9993525,47.641171,3.8985014
39628094327230287,0.09381902746,9.5003691,103.35975,3.6031942
39627472441966809,0.1152812457,10.002865,515.74005,3.0379632
39636575591600250,0.02694496687,9.9084225,81.546364,5.0193973
39627981089410876,0.247858793,9.2209845,315.09836,3.1155589
39628320937084734,0.2398215954,10.224608,88.225296,5.3270392
39627883970299070,0.2240175937,10.160568,77.839401,4.5886998
39627624384828614,0.4344156442,10.111268,118.96564,3.6521058
39627877490100543,0.3386704653,10.479719,112.70352,4.0436163
39628220789686469,0.09050185463,8.6523571,55.986702,2.9979062
39627872742147804,0.1147932409,8.7995968,138.29256,3.0431414
39633180109574048,0.07173459391,10.549641,282.28293,6.3570323
39627817280868850,0.3089349138,10.476222,42.219158,4.1186171
39627878882609368,0.1680546733,9.5403528,351.93411,4.1630669
39627865968346862,0.05675548641,8.4026937,184.66734,3.7647312
39627652545380597,0.2375012884,10.707467,98.667671,4.7396169
39627703384543114,0.09873999391,10.336203,463.31021,4.4047785
39627761253358750,0.2379841221,9.6838951,44.529747,3.8823664
39633342022289243,0.06309505765,8.7741432,65.835037,3.823467
39627657410777282,0.3011447547,10.020418,53.144253,3.8799491
39627787090264607,0.3608809801,10.239322,90.213951,3.3534548
39632986198511035,0.09987281733,10.017619,177.3894,5.3395424
39633232353823291,0.3324324226,10.426928,64.065628,4.030304
39633307125679214,0.03796260447,8.7785158,76.91613,2.8599999
39627533271963110,0.1328607801,9.7360878,141.30237,3.6944864
39628488231094340,0.1865747971,11.160933,151.73653,6.0167294
39627667816842941,0.262173048,9.8222284,79.415184,3.5922744
39627830132214867,0.2213620105,10.282782,108.94773,3.6237767
39627968267423638,0.04885113614,9.9005661,182.45612,3.8036644
39628394505180710,0.1464084534,9.8095655,108.40356,3.005861
39633535161599700,0.1944441953,10.244941,60.871696,3.4204903
39627855184794621,0.04634010788,9.6516523,620.56775,3.2779334
39628480370968733,0.07698641276,9.3256464,123.40503,3.3712862
39627817146647139,0.02540541311,7.8959723,67.92572,3.6268055
39627660992710610,0.1920081738,9.6387701,290.655,4.0264525
39627995576534633,0.2317938125,10.308937,331.60455,4.070859
39632946478451363,0.08248814025,9.20051,232.55818,3.5006177
39627706127616213,0.08964160378,9.2311172,232.23409,3.4227619
39628037616044574,0.3789956904,10.295246,53.767033,3.2309813
39627838978000932,0.1190830458,9.2314301,53.22205,2.8599999
39627844455763918,0.1119947977,9.2104282,48.049469,2.8599999
39628411869597390,0.1672245272,9.4740648,124.65311,3.2464631
39633545773188506,0.1683430239,9.6906347,75.199516,3.8073692
39633077881801628,0.06750435053,8.565753,357.39984,3.0592597
39627832439079846,0.2082818953,9.8518534,112.46781,3.6795263
39628047233587594,0.1868163916,9.5893831,48.802444,3.0136962
39632945702502911,0.08228604842,10.456385,226.77354,4.9439116
39627884763025462,0.08441974879,9.2064924,44.967682,3.0427535
39627636737050215,0.2342947682,10.511112,90.023354,3.6168635
39627649202521426,0.04710915172,8.8702164,467.43692,3.7728441
39627943990791546,0.2282304556,9.9076262,69.81974,4.088923
39628104439693771,0.04715808656,8.6409407,70.422813,2.8599999
39633352453522770,0.1476221343,10.329058,119.77106,4.766489
39627989008258037,0.2831614376,9.9862347,194.88211,3.6980593
39627791397819773,0.1418300871,9.6781464,108.31857,3.9745498
39633141106741528,0.05375581618,8.1275244,92.188606,2.8599999
39633173990081137,0.1685954552,9.8033257,209.83223,3.5575731
39627927679143060,0.03122075327,9.7680531,190.89702,3.5463457
39627833579930244,0.0697720865,10.540704,465.63956,5.4619794
39633419797266901,0.09013963865,9.5005579,134.92722,3.3872335
39627776629673093,0.35581964,11.10249,102.82359,5.6727109
39628138111567739,0.03027991611,9.1089811,774.35352,4.2641768
39628418010057777,0.3635892539,10.475217,72.026253,5.0105982
39628442781616100,0.3183324034,10.677959,92.288734,5.0805855
39627762855579147,0.1821871461,10.34055,243.09184,5.7554345
39627642533577980,0.1242085216,9.7169075,102.38195,5.2888556
39627902865638506,0.2731907234,9.7163429,108.89707,3.3236401
39633275097974585,0.3174069639,9.9743128,49.321106,3.2758265
39627757860161420,0.2906585333,10.115704,63.010159,3.588048
39628455481970149,0.1871006401,10.941398,169.61984,6.8452826
39633089864927130,0.3465116186,10.169999,112.58651,4.4289513
39627750851477559,0.138616483,9.0827503,89.523331,2.8599999
39628186824214665,0.1746201863,10.189281,63.171371,4.2004108
39627714797242123,0.08722827807,8.6908503,541.01807,3.3550534
39627569204561374,0.3026967842,10.065943,53.019722,3.5596132
39627739082264062,0.150312514,9.4311409,54.389126,3.1593366
39627636326011082,0.2565126853,10.303588,108.07085,4.8439832
39633244018182049,0.1234889255,9.3108072,41.623127,3.3880203
39628024613700127,0.1472298933,9.7036905,152.87706,4.2983251
39633465938807020,0.3920781417,10.68172,116.53848,5.373817
39627720719601492,0.2750111924,10.132901,53.075405,3.4773343
39627841960153691,0.3225219984,10.164091,86.136803,3.4217861
39628391132960489,0.2347367992,9.8987055,61.962738,3.7425153
39633195997596919,0.2579054247,9.7778416,43.2318,3.4538863
39633456455486741,0.2594408343,10.275184,125.77495,6.0083003
39628211251842951,0.009169046409,8.2722387,2768.3674,3.0352457
39633100308746237,0.2510260181,10.184253,105.15965,4.4509087
39633220123231025,0.1837944277,9.8950167,31.985657,4.2844071
39627561784838140,0.2373411421,10.223886,141.12267,4.4221473
39628444962658352,0.1885619278,9.9670649,136.14323,4.6634488
39628328281309262,0.4166332158,10.166254,91.91275,3.5633521
39627573902182316,0.06803810538,8.9776125,38.38377,5.3000174
39633446418516764,0.1095899048,9.3367682,49.191418,3.2050927
39627929243616962,0.09399465689,10.037683,92.769714,3.3547885
39633114141560029,0.08101496295,8.7214327,40.003632,2.865031
39633389464063386,0.2574905133,9.7504282,72.013405,4.3639688
39628302016579199,0.06983020576,9.2764978,48.427956,3.3658338
39628501359264038,0.282941044,10.135011,75.261429,4.1952438
39627874637972662,0.2446599782,7.8736219,386.42523,2.9124966
39632994738111997,0.1330556645,9.7721853,190.62648,3.3922324
39633542010897007,0.1655768217,9.9015923,99.799889,3.9309502
39627829331103585,0.1216309333,9.288868,127.11525,3.1417432
39627631066352690,0.01813462529,7.5032597,259.62088,2.8599999
39627851393144950,0.2694995446,10.268615,97.507217,3.8889792
39628215068659031,0.1531863579,9.4111309,79.499878,2.8599999
39628285700743502,0.1819358624,9.8346224,79.192223,5.5929847
39627939439973486,0.1012171765,9.3818941,154.5074,2.9524071
39633216574850886,0.2260499052,10.05859,40.132702,3.2551358
39627753825244186,0.2675492667,10.212468,59.799435,4.0806532
39633081090442406,0.1958623903,9.4963331,62.388813,3.2461796
39628145426433970,0.09713484339,9.6780863,178.03284,3.9441831
39632984864722312,0.1280554001,9.9199085,123.61839,4.6172457
39627615266407484,0.3236412356,10.350162,64.163887,3.6414213
39628153462721504,0.2797319774,10.24519,50.871937,3.242455
39627357681621496,0.1443695349,9.8727722,65.807915,3.1864178
39628245255062669,0.2034944402,10.087366,122.30957,3.7931437
39633104926673625,0.259590769,9.634306,70.900436,3.4319897
39633282345731578,0.3752706905,10.148978,84.689789,3.718214
39627913586279909,0.3464729588,10.382629,138.79625,4.2543159
39627906183338167,0.2828290732,9.9826746,49.388622,3.2553883
39633384862909403,0.09837051021,8.9573631,164.1777,4.2020907
39633216029591518,0.1304326424,10.099411,111.58261,3.9667587
39627796284186621,0.06880805314,8.4350576,64.981544,2.8599999
39627835421231445,0.3655241311,10.227485,103.13774,4.4629331
39627703564897990,0.1461610194,9.4122534,198.40694,3.7487483
39628354097251342,0.1222650712,10.08843,543.79132,6.022347
39628528601273954,0.1678864726,9.8113689,120.42685,3.8122957
39633044956515688,0.1681436284,9.5497236,93.490913,3.1171677
39633346531167857,0.08376798377,10.656496,416.68756,4.7676582
39633199852159194,0.3869736732,10.182401,41.565487,3.9259336
39633300905527630,0.381448315,10.479848,42.824329,4.5669804
39628516148384235,0.2935857018,9.7887878,56.140629,3.9435945
39633228671223031,0.1051189008,9.4946051,53.978359,3.6631958
39633228331486020,0.1321958706,10.178859,161.23228,4.5615664
39628024559174192,0.1786426493,9.8694258,66.245598,4.5313406
39633501523281835,0.4334854642,10.217072,46.501385,4.0397406
39627685525194634,0.1681706156,9.7899456,108.75548,3.6411738
39627886759515519,0.2775994888,10.509439,87.671234,3.7448123
39633297747216691,0.1287894287,9.2045565,74.80101,2.8848011
39627707163610291,0.2858483085,10.41848,155.15115,5.7467008
39628308219962421,0.170396406,10.296738,135.55086,4.6859794
39627503622425444,0.2051706488,9.6294432,59.983341,4.7069016
39633315124217324,0.3277932727,10.111075,43.169579,3.2089417
39628035418231832,0.1427841934,10.483119,127.28521,4.7055321
39628290192838094,0.1818815995,9.6386881,90.359848,3.0151024
39633460616233456,0.2089479568,10.291173,180.99741,4.368742
39628165013832663,0.07479422569,9.1958609,506.64066,3.2371516
39628396552002295,0.2851875791,10.06519,262.48917,4.4728637
39632936688947765,0.08382158985,9.5770464,160.59636,3.8231332
39628460674517618,0.08731362879,9.8651114,196.49966,3.363682
39628519533185513,0.1853695264,10.143115,65.535721,2.8599999
39633364537314647,0.4845510167,10.27177,70.333923,3.3384535
39628154683265026,0.1357923547,10.068886,155.31232,4.9801502
39628365342183962,0.1405664431,9.1371269,102.96592,4.3108811
39627797752185944,0.1064303426,9.1235447,47.384544,2.8599999
39628374737420656,0.1062169668,9.8085575,88.38308,2.8599999
39628000995579581,0.2027097472,10.173532,226.75771,4.6529756
39627723777247168,0.1501400407,9.0948057,89.033508,3.4334269
39627993722656670,0.2158914565,9.6929379,61.262974,2.8599999
39627732740474032,0.2489377537,9.8646402,64.610817,3.9011059
39633063826687670,0.2042084645,9.6237469,133.13518,3.9289682
39633216616793686,0.2501490863,9.6854534,40.030449,3.1238563
39628299000874309,0.3669758945,10.04381,85.990715,2.9293015
39627594273915029,0.04905458506,8.5041895,335.60175,2.8599999
39627715271198467,0.1331010115,9.8916159,164.7626,4.3102832
39633091186132043,0.279010901,10.159661,51.241253,4.4479008
39627774796759856,0.1703032578,9.4914675,58.791737,3.2812767
39633262938686588,0.1482180001,10.197902,367.79117,4.0702586
39628437559708189,0.1401564872,9.7816238,122.07001,4.9389853
39633062446762302,0.07835977382,8.8837261,98.453789,3.8350966
39627684845718932,0.2760638964,10.213484,60.02272,3.3674548
39627732820169537,0.06120980098,9.0791531,201.93407,3.0662615
39627936189388710,0.1874920403,9.5010185,116.20911,3.5452318
39633522931009551,0.2939663701,10.060565,106.27876,3.7262065
39633245247113889,0.3093456135,10.864593,137.78261,4.1640239
39627799098558351,0.1329934016,9.8381519,79.453094,4.9370298
39627444654703152,0.3941864808,10.417315,166.02516,4.2883825
39628013247136983,0.2081800897,10.000032,175.78172,4.036808
39632934642124172,0.2203502344,9.6704865,113.19479,3.1639254
39627775606262451,0.1059557943,9.3628864,274.66727,3.2389071
39628330139385948,0.1391645358,9.4164486,68.599754,3.0760796
39627772842222960,0.2867597369,10.019685,59.963364,3.2339699
39627986965630167,0.2177273911,9.6323671,91.677834,4.1835093
39633509622482503,0.2319723028,10.281689,111.30048,4.1487098
39628523102540194,0.09094437893,9.5555964,167.67188,3.2592359
39628528395752807,0.2641579328,10.635651,179.08241,4.7653761
39633480883111682,0.1321919897,10.077306,715.01862,4.0311351
39633001541274133,0.0322137422,8.9005442,129.63701,3.6754084
39628455142231222,0.1148987895,9.6499624,271.13263,4.5140085
39628118230570864,0.2514980008,10.059376,44.998043,3.8778918
39627873467763828,0.2587106308,9.7057085,99.190643,3.2368047
39627763325338233,0.07506158481,9.5259714,135.65779,3.6452715
39628273696638238,0.2824730688,10.421108,152.65118,4.7748818
39628048571569324,0.1809492543,9.2007685,80.028,2.8599999
39633389413731653,0.2839415216,10.43998,75.127129,3.6731465
39633068163598723,0.06220235159,9.3852243,171.25105,3.8587935
39628430110621776,0.3380193918,11.405188,63.359142,3.4157987
39633030934958133,0.247960666,10.871428,213.42067,3.973382
39627501923730464,0.2700794431,10.349388,114.21059,4.4284644
39628309327252018,0.4089161607,11.0115,81.157219,3.1284664
39633001130229938,0.09065490986,9.5361538,465.58875,3.3372114
39633445571265581,0.07724549408,9.2244158,277.83707,3.9474492
39627867180501408,0.06509881987,8.8513508,93.281502,3.2734642
39633048127409281,0.09322574654,10.485786,143.12563,6.9721098
39633209197069533,0.1300722735,9.7810907,183.299,3.1683416
39628189588262214,0.3121709081,10.295483,74.395668,3.2835617
39633236426490603,0.04560668707,9.1236439,70.613907,3.3239553
39627841398116126,0.3804708054,10.357466,73.825111,4.4248552
39627456541363883,0.3657826481,11.203393,139.42509,4.6620474
39627867339889267,0.115254761,9.0014057,42.783684,3.3167212
39627823240971826,0.3525889174,10.221661,39.098225,4.0158272
39627893352956162,0.1082710587,8.7396479,112.89626,3.065923
39627575030450525,0.1920931901,9.344389,61.987526,3.7778728
39628235767551703,0.1462706837,9.288722,150.01317,3.0118032
39628527800158639,0.03412300505,8.5022583,363.92236,3.1424146
39628041063763564,0.1144264412,8.927496,119.94533,3.471195
39627797534083692,0.1990301823,10.16692,75.0168,4.0706773
39633040468611815,0.09863188993,9.4349937,46.736534,2.9222054
39627817826125290,0.07530184414,9.9811449,199.22198,3.6732216
39633443088237970,0.3657238313,10.435882,60.430046,4.2573957
39627780803007714,0.2706885408,10.72375,66.000572,3.7920291
39627842585106664,0.1453055277,9.221385,77.096481,2.9827323
39627860641582194,0.1158612879,9.5318699,48.529171,2.8599999
39627884624611993,0.1178256156,9.3728428,163.83746,2.9849193
39633443243426325,0.0810640926,9.578969,212.00983,3.3155897
39628359419826371,0.07012833228,9.5355434,110.17192,3.603318
39627891276780301,0.2319656867,9.7404604,117.1013,3.6185706
39633516232704228,0.2094353049,10.011989,69.469818,4.0496697
39632946822385613,0.1885591932,9.819726,59.013588,3.1146152
39628509018065156,0.2084557645,9.4104061,62.476116,3.4299953
39627842417329773,0.2373038322,9.9657698,134.12823,4.0155535
39627648237833830,0.3751782157,10.480861,69.478333,3.8930306
39633231745647297,0.05278999733,9.3800449,103.76013,2.9255943
39628143073428770,0.2447129684,9.8376389,58.537106,2.9619346
39627809500433372,0.1855246921,9.6877098,44.579704,3.4284618
39633474130281042,0.08143016397,9.6091795,71.890755,3.2786107
39627847219807020,0.0368602116,7.4024181,574.08179,2.9230189
39633434741571763,0.08334708647,9.2910881,118.50077,3.1306386
39633305028530614,0.2068513284,9.7944765,104.52618,3.2488403
39627591123995745,0.2555922535,10.392861,52.154274,3.6450131
39627697025976635,0.2312361228,9.9149714,90.938034,3.9080102
39633410192310613,0.2401483666,10.386155,172.43407,4.653306
39628155740225593,0.08342926008,8.4215946,77.886368,2.8599999
39636773424334262,0.04169707421,8.8663425,155.60645,3.5400445
39627709596306318,0.1517006741,8.7941809,86.044563,2.9830549
39627997904374355,0.2129443914,10.442571,158.5563,4.4281569
39627800428152839,0.2811187141,10.879146,151.35965,7.5364466
39627615094445654,0.184905391,10.107211,78.62706,2.8599999
39627893961136778,0.09023014164,9.5848417,59.30537,2.8599999
39628090426524781,0.08614357451,8.67173,113.81327,3.1921699
39633421818922549,0.1753827516,9.885643,112.21923,5.2236037
39627819138944983,0.2428510296,9.6066761,115.00877,3.6781793
39627797274035546,0.1405282487,9.38414,54.846199,3.1953325
39627663333131337,0.1243215035,9.0365973,186.19482,3.0894759
39628151201990181,0.1944147902,10.446161,225.73117,5.7060342
39627450262487777,0.126908442,9.2817001,150.1581,3.2335765
39633370925237190,0.2249450853,9.2767668,96.599205,3.4831536
39628331846468638,0.1537907433,9.4809418,131.21805,4.3766265
39628330336519108,0.1671307691,10.341264,165.30286,5.0565376
39633495898719119,0.1024153776,9.5981588,94.605202,3.3856227
39627631724858746,0.1085595294,10.015712,175.85536,3.8585925
39628287005164917,0.1383907867,10.068241,109.97145,3.8444803
39627654801921077,0.2619097693,10.221632,155.00606,4.6985116
39628017542106224,0.03174679952,8.299057,47.73727,3.0663064
39627468356719216,0.1730938669,9.6886215,204.66824,4.2467341
39628240263842701,0.2615329528,10.219279,93.997025,3.9594054
39628471449685538,0.1678603551,9.257225,39.757328,2.8599999
39627661395363206,0.1291796938,9.2688656,37.267643,4.7028399
39633187369912566,0.2401178918,9.9082727,94.995346,4.0078287
39627612590443176,0.1169927856,9.8812752,101.23079,4.249557
39628358127982158,0.1442563481,9.2888937,76.091095,4.0851274
39627630735002750,0.2915739992,10.069458,58.060814,2.8599999
39627696627515742,0.2410953173,10.373853,139.05374,3.8279765
39633125973692074,0.0930768161,10.076425,215.43922,4.9522195
39633446338824697,0.206832803,9.8246222,135.25237,3.3027768
39627790613482569,0.1162347911,9.332469,71.957626,4.6034312
39627876005316611,0.4063695553,10.306781,81.194817,5.5185452
39627975104137212,0.3344214861,10.556426,184.39403,4.1514115
39628471038643420,0.08287853147,9.943738,504.21606,3.8284526
39632971661049945,0.05465671057,8.6838064,73.902092,2.8599999
39627945534293846,0.1995434056,9.925766,98.896309,3.6221011
39628022642377260,0.3000070609,9.9821978,59.152061,2.8599999
39632961968013425,0.1724898337,9.20471,81.600258,2.867697
39627908871881520,0.353115039,9.9995899,96.283028,4.3035226
39627865733469260,0.3187384297,10.157497,79.082001,4.4838057
39627737228381383,0.2924889494,10.294527,97.072014,3.7195144
39633344970883670,0.04228831554,6.7627358,280.57416,2.8599999
39627997929539685,0.1409928013,9.4533672,52.366901,2.8599999
39627733558366695,0.1565093302,9.8991051,68.571793,5.7416315
39628042544350584,0.3310301035,10.454383,107.15315,4.6233516
39628088757195129,0.1677613689,9.7552404,97.96386,4.4654007
39628011691050560,0.4079495601,10.255192,43.335743,3.9174356
39627914836181236,0.2605939429,10.204572,68.117142,3.1749599
39627673357518480,0.08338742937,9.9533195,60.863205,2.8599999
39627867021118171,0.194259735,9.115942,122.61304,3.8122792
39627808128898310,0.2262514483,10.030289,141.23174,4.0223475
39628380240348448,0.0727519436,9.4073162,188.13683,4.2413282
39633301631143383,0.256434162,10.377864,82.05938,3.6068103
39628463992212171,0.1063786961,9.2262249,209.61035,3.6462133
39627969609603276,0.1516075132,10.490959,137.0909,4.0841331
39628090049040026,0.2603385939,10.177802,84.857887,3.7434182
39633212523152219,0.2231822821,9.7944708,106.55706,4.8222494
39627756643811743,0.24865437,9.8378305,56.777172,3.5954511
39627785227999821,0.05931653071,9.4905329,109.52897,3.5866008
39627654739002624,0.2127883731,10.424314,68.131218,5.5159588
39633368555454746,0.07473083023,8.8799896,99.847473,3.3687816
39633440001233026,0.2170885856,10.020389,46.273849,4.5207152
39627636539919476,0.1658946246,9.1806421,55.86504,3.2502913
39627909035463972,0.1882040111,9.5376081,180.09804,3.4364204
39628174576845442,0.1544067626,10.066521,134.15938,5.1889176
39627762914301108,0.4046797216,9.9950762,130.68269,4.5068169
39627859370708910,0.1896516599,9.494442,348.54269,3.230366
39627793683710271,0.210437264,10.361837,76.176491,3.3176925
39627557091413151,0.1355743012,8.5725698,151.91756,2.8599999
39628158655268595,0.1083557995,9.3211956,122.5037,3.7461011
39633173977498691,0.3091911662,10.523952,109.89005,4.8807216
39633349001611432,0.08058983901,8.4395838,87.447853,3.2161202
39633109544600848,0.3033362027,9.6170473,65.481071,3.7209811
39628086848785543,0.07103164188,9.1267633,184.03694,3.3271978
39627902408462189,0.3999880211,10.321904,81.015862,4.0044656
39628465489577269,0.4213926039,10.327181,110.75427,5.1992421
39627781633478243,0.05635269575,8.4961243,313.54608,3.0278385
39627857651044545,0.2597650732,10.040117,100.65263,4.0967917
39628141785781509,0.3180799144,9.2207165,163.29013,3.4929388
39628063029334707,0.07555662969,9.7565632,219.62282,3.5171783
39628481620869342,0.03119913778,8.3606634,93.991882,3.4660215
39627599059621344,0.1864398899,9.5302658,68.186188,2.8599999
39628106650092977,0.04072102545,8.3693466,119.04337,2.8599999
39633131002660081,0.1143948759,9.1457243,220.25739,3.3079891
39627967676024643,0.1705555976,9.6721668,132.73749,3.6336057
39633490240602872,0.100917796,9.8719425,185.95715,3.9295883
39633349114858100,0.3176437859,10.819448,138.83136,3.8533516
39627804987364486,0.318078206,9.9803734,93.446602,3.9129257
39633361429335239,0.1905310446,9.764864,105.31873,4.812109
39628478152181035,0.02396523433,7.9879627,73.603104,2.9475727
39628517142430521,0.1402712051,9.5421276,106.64871,3.4540699
39633416374717380,0.1836882371,9.6257334,142.91893,4.2193961
39627744744575552,0.2541393008,9.6353998,49.947079,3.47156
39633208337237007,0.2166608044,9.5654259,73.064796,3.8536117
39627569120675043,0.06587816807,9.395771,342.36295,3.8757396
39628148622494371,0.2108683892,9.982173,101.11706,3.973953
39633432719919655,0.1000574185,9.0163698,40.331623,3.0032458
39628492446370575,0.07454701176,8.8546591,47.72031,3.9114521
39633365166458174,0.07069026291,8.3501511,169.51157,3.0937467
39627865502778950,0.3274946139,9.8798962,60.140209,4.6210408
39628051104927082,0.1548904964,9.4934311,113.66046,3.6099322
39628352486637903,0.09899969488,9.4554567,99.883873,3.2699652
39627814848175074,0.0597396247,9.1959238,67.891586,4.0324631
39627703703307495,0.1375946974,9.701046,72.349945,3.4276648
39627746363572658,0.009461333799,7.0118604,335.15674,2.8599999
39633030859459419,0.07703349642,8.4733696,80.703018,3.0684214
39627583209345967,0.3156852581,10.237298,77.246864,3.9789357
39627607112680838,0.2071148985,9.8046741,89.481514,3.2410989
39628505763287380,0.3628271763,10.353507,110.7952,3.9919956
39627648267194088,0.3096610665,10.027067,217.23761,3.9978168
39627703032223132,0.2134413918,10.492939,328.23422,4.4463105
39627409103783115,0.05787572399,8.7725716,826.53607,2.9566219
39627762721361545,0.3050406647,10.215215,104.29112,3.9633791
39627421418260049,0.1547432264,9.9052954,97.316437,5.426085
39633095707592106,0.2124796794,9.8662748,142.3726,3.770031
39627646518166580,0.01290890472,8.0709629,272.0968,2.9089825
39628117987298051,0.105208787,10.359797,99.713707,3.7900305
39633062018945407,0.1329140867,9.3852119,199.30908,3.7641795
39627869755809560,0.08474274873,9.2891693,104.71261,2.8599999
39627606722614153,0.1681750554,10.040906,280.58664,4.0266786
39627480134321737,0.1368769071,9.3460293,51.441788,2.8599999
39628481448905128,0.2380128767,10.074628,49.721497,3.6249583
39627772829634543,0.1304414234,10.545165,577.37073,5.201333
39627702889614949,0.1475797371,9.2594051,80.432419,2.8599999
39627741649181183,0.08313834269,8.7083902,67.538376,3.1266704
39627881499853197,0.08816076717,9.3614931,159.87256,3.9326754
39628355976298615,0.2410817863,10.447987,91.758957,4.3963957
39632985997181423,0.2457631274,9.5805655,36.236496,3.2849891
39627595163113349,0.09399941998,9.6366539,231.64432,3.2323499
39633531239926228,0.09287830817,9.2412386,57.898014,3.058578
39633282794523655,0.1783415359,10.33077,157.83284,5.6385884
39627817767407504,0.2723583911,10.196677,72.57972,5.3342481
39627896934895598,0.2867399038,9.9880943,51.082462,4.544219
39627800335877172,0.2401821286,9.8538761,437.34753,3.5544224
39628403443239910,0.05306248219,8.3795271,221.29224,3.1473725
39633367813066635,0.1688940506,10.6849,300.28943,4.9879913
39627836843100262,0.2374965812,9.8730345,87.072891,4.0526133
39627591413404475,0.051857593,8.3035746,56.37067,3.8858893
39627959341941535,0.3187073023,10.042788,125.61169,3.9911489
39627607309815783,0.2740107834,10.230818,70.775673,4.072228
39627794124112698,0.3718752189,10.264369,73.738007,4.487761
39628023556737042,0.1082515338,8.9001579,43.442989,3.1715982
39628469352534418,0.3206972392,10.192299,93.945633,4.4213986
39628397562826598,0.2020633794,9.4346094,94.603645,4.0022364
39633263915960577,0.2365216227,9.9028683,91.086426,3.7976058
39627603404921382,0.07030855968,8.68363,117.30322,3.3024449
39627497851065879,0.196530683,9.3700418,74.802963,2.9046106
39628486876335567,0.1866441225,9.8589783,70.192184,4.499114
39627829398212940,0.2607471052,9.7242146,100.4441,3.1181145
39628408367354027,0.2463999037,9.8363247,86.680206,3.6997313
39628412679098547,0.210884649,9.8757467,168.40999,4.8185935
39627924181092836,0.2208925769,9.636735,94.160606,3.0007608
39627788629579272,0.05940506461,8.457181,129.17978,2.8599999
39628076862146081,0.3047017939,10.641262,115.12298,5.0498061
39633334887780137,0.2360320993,10.117927,59.714508,4.3651323
39627979579463698,0.197631309,9.3732786,156.73283,3.5914278
39633025994069456,0.1312935454,9.6504116,38.653759,2.8599999
39628500893697304,0.06678211685,8.6711559,43.533932,2.8599999
39628335550039458,0.08171278083,9.3885098,119.84699,3.1936331
39627805650063910,0.3428782017,10.872173,53.238987,3.8251667
39633094407358544,0.481975769,10.57503,113.68345,4.345295
39627813044620595,0.1898113161,9.3404827,193.62386,3.009058
39627841637190015,0.2262759933,9.9975443,204.7245,4.0143814
39627844350909289,0.2337519549,9.3366814,123.11868,2.9921761
39627985942220123,0.07972305559,9.3913116,44.998474,2.8599999
39627981013914060,0.04398455812,9.1100473,237.5331,3.118521
39627991944267972,0.3919299876,10.964238,109.71449,4.6392536
39628281355440011,0.07437633731,9.2201662,65.230583,3.8100336
39627636472809896,0.3123707603,10.330186,45.674824,5.1522965
39633016292642307,0.1940501853,9.5394707,69.292053,2.9796855
39633438717774700,0.338337857,10.358786,72.195587,3.2199836
39628131446820404,0.2034273655,9.5796385,145.28676,3.6033914
39627754563437542,0.2646572637,10.766556,158.42137,5.59653
39627830224488196,0.2205006299,9.9705448,108.0164,5.1842799
39628530102829093,0.06569868245,10.092053,157.69482,5.5666227
39628193874843008,0.390749279,10.099288,107.3305,4.170691
39627988752408797,0.04819869309,9.6175251,411.43146,3.1952059
39633278885429704,0.1298345872,9.3495197,152.58873,2.8599999
39628076895702427,0.2731189511,10.003865,63.602852,3.740922
39633174132689776,0.325212298,10.270658,45.005585,6.3576837
39627894057604152,0.2182276818,9.7490149,103.57741,3.9018674
39627887371879664,0.2338795629,9.9131432,170.21526,3.6113958
39627867117590848,0.2116999883,9.5355396,134.09789,3.9084179
39627684963157909,0.0927602478,10.896631,422.50699,4.5458879
39627734032321388,0.05682645326,10.460036,639.88953,4.2523179
39628161557725314,0.1816124077,9.764761,104.413,3.7087083
39636935680985508,0.1263016294,8.6620378,137.69229,2.8599999
39633109972419842,0.1317787562,10.013937,63.932087,3.9054396
39627908137878714,0.1001665793,9.229928,94.235535,2.8599999
39627696698819605,0.1528893734,10.121964,466.56564,4.404706
39627754001400651,0.06541758604,8.6596193,209.11353,2.8599999
39633405683434750,0.2428327122,10.294342,37.702957,5.4959083
39627605120389631,0.01592677868,6.9023309,266.51016,2.8599999
39627779251114759,0.3711478054,10.440662,80.237541,4.203609
39633224636301817,0.1689618761,10.421021,326.37149,4.9891505
39633445088920470,0.1881140234,9.5040751,36.626812,2.9397035
39628046516355795,0.315344443,9.845149,143.99335,3.9660714
39627889657775082,0.3727389171,10.46238,94.941025,5.5050735
39628005470900954,0.1668393951,9.3918581,196.9184,3.9401104
39633332291502337,0.3755960915,10.697707,58.488602,2.9546609
39627774998087416,0.2470479208,9.0809908,196.10095,3.6457553
39627706119231536,0.1507271911,10.338418,77.48291,4.9823875
39633170752079570,0.3673157612,10.897164,88.825768,3.9663715
39633489523376567,0.393269648,9.8032427,89.021881,3.4382217
39633020667298486,0.05612421645,8.8725338,65.82196,3.3974793
39628064988072336,0.1356585764,9.3307447,104.44045,3.7684126
39628499102729599,0.1096410204,8.9530096,76.17894,3.2106459
39627829339490438,0.3326477101,10.444765,164.8071,4.2810812
39627859857247123,0.1935769106,9.7018633,115.41611,4.3290167
39627987435393197,0.1239690229,9.2010603,154.63565,3.0603428
39627836817933983,0.1360340075,9.5702972,58.178822,3.5889087
39628405183875551,0.4234681534,10.660752,164.05672,5.1976237
39627881260778716,0.1012726963,9.3350878,192.86496,3.8798532
39628340725810529,0.2518898844,10.090171,129.9958,3.9141133
39627802651134808,0.09077627474,8.5107813,45.609108,2.8599999
39627776327682567,0.03691954438,8.6776571,453.97592,2.9892244
39627654671893225,0.1883829471,10.123349,96.068443,5.8397222
39627637512997875,0.2332134688,9.6817722,172.37036,2.8599999
39633386909731012,0.3017388599,9.8398809,72.044609,3.4001448
39628093723247772,0.07748660769,8.8765583,54.559055,3.0563853
39627646983733640,0.1475087562,9.5852566,85.238228,2.963774
39628321411043280,0.07033997383,8.7501879,380.00348,2.9734201
39627615329326572,0.06894989755,9.5433969,129.6662,6.0099044
39627643238222912,0.396481695,10.301067,342.24619,4.0746522
39627970813369344,0.07784100216,9.5625582,839.08191,3.9626927
39628475031620155,0.1134946616,8.8945866,88.453499,3.4663796
39627721399075389,0.411019108,10.910951,64.98114,4.712039
39633259851679397,0.2550931941,10.160959,66.134651,3.6686671
39628184416685032,0.1457569884,9.9263067,215.41891,4.2646928
39628159292804085,0.2215331532,10.048165,94.846451,2.9286721
39627886612716494,0.09546478383,9.6293955,237.88133,3.7057493
39627917612811474,0.1761787881,9.7995968,163.27286,3.7499878
39627672963253611,0.1249352639,9.2040949,50.093479,2.8599999
39627853817451066,0.3231325462,10.522286,191.17682,4.138658
39632996134815629,0.1727462673,10.046774,91.827217,8.1739311
39628390830967495,0.355666904,11.240739,110.16703,7.1784
39628007513526961,0.07521201309,8.8768215,153.19955,3.2352502
39633300242825293,0.2611828101,10.05612,49.976116,3.5404027
39627707406876735,0.2442208646,9.9862213,57.718147,3.046607
39627855247704766,0.1815370853,9.6165228,47.35537,3.4548433
39627770078168128,0.1876349219,9.4711399,99.922005,2.8599999
39627860486390509,0.2166509908,10.267294,227.82835,5.6952319
39627921362521439,0.2483936408,10.110361,65.386566,3.4718606
39628053122387268,0.2018267777,10.243617,99.146362,4.2370877
39633365187429136,0.4116237907,10.416207,216.0744,4.4389014
39628511001973389,0.0266540702,7.9364872,271.10239,2.8599999
39633140691502640,0.1949463809,9.7232685,72.505508,4.2025161
39627660501978132,0.1281818869,9.4782448,99.617828,3.3481832
39627762964628275,0.1344113605,9.7709866,134.16547,3.3401892
39633274837927526,0.0715148057,10.237134,703.98334,5.0252762
39633445692899381,0.06077887704,8.694562,63.424038,2.8599999
39627781805441756,0.2494531211,9.4437428,62.636997,2.9198756
39627786834414132,0.1224252582,8.8857946,64.959412,3.1518221
39627526896622962,0.1472272965,9.5248728,124.52193,3.2460492
39633033501873809,0.2429347977,10.563823,141.88181,4.4557672
39627785290908803,0.1880591867,10.110662,75.562859,5.0032544
39628460770984453,0.06233037665,8.2590199,241.02563,3.1057954
39628372451529387,0.0730023507,8.7606573,55.600677,2.9551342
39627503786002599,0.0309735458,9.1616573,30.833355,3.9781992
39628501984215798,0.1028868095,9.3306742,90.806274,3.2432621
39628502378479960,0.06862734942,9.3179035,154.60191,3.589334
39628385135100554,0.0685827817,8.6070414,62.841953,2.8599999
39628054418427290,0.1280596199,10.075734,481.51248,4.2912245
39632951540977210,0.266003139,10.642824,70.378212,4.2840538
39628053298550922,0.1939740808,10.332074,107.9866,3.4844236
39627730836263810,0.1352015475,9.1985435,418.79956,3.6207066
39628279409279918,0.04476421576,8.0917616,223.28296,2.8599999
39628413790588660,0.2014733155,9.5366354,175.48071,3.2583511
39627889666167667,0.1418690788,9.2584934,73.938713,2.8599999
39627853267998559,0.323101241,10.652651,135.51285,4.8664508
39632965726110430,0.1162600609,10.240768,73.682625,3.4112787
39628380181633772,0.1074592729,9.8453865,117.01075,3.8746393
39628001234653293,0.09507191184,9.7606096,121.67832,3.3142014
39633476713972504,0.05808218729,9.3791485,47.003284,4.506453
39627757767887566,0.1270173661,9.1361847,184.56718,3.5069301
39633207833921775,0.3866113374,10.381625,33.800552,4.151464
39628480547129324,0.1071363464,9.4938974,150.41341,3.3502722
39632966418171297,0.315949704,10.478514,89.517357,6.2531924
39628077055089029,0.2839577512,10.676432,50.43824,3.3341162
39633476307125588,0.1431243455,9.4733162,47.108307,3.6818359
39633114032508543,0.2825780706,10.251073,53.994038,5.4762168
39633035561274858,0.1564442489,9.7631941,195.13548,3.9271655
39628392932313521,0.1632679477,9.1656237,455.35437,3.3615406
39627702654733800,0.2411417245,10.023526,88.382088,3.5096707
39633034743384582,0.1780024715,10.005114,62.083988,5.1933389
39627911908560694,0.1408142247,9.2520933,124.56224,3.1036742
39633275198637389,0.2819896444,9.8050747,149.99623,4.1388659
39628498825906374,0.1296825139,9.7254763,253.82465,3.5120842
39633130906192172,0.224979385,9.8732424,53.888645,3.0937743
39627607691493481,0.07411205098,9.0804968,241.52013,2.8599999
39627745797345087,0.06564183532,8.6405945,116.46973,3.5164614
39628437480016067,0.1468925243,9.2542248,251.39409,3.0627108
39628076925061308,0.133939182,9.4437933,156.60115,3.4253561
39627775186833747,0.1544124115,10.248339,110.39835,4.1028538
39628333872317237,0.384870666,10.592721,51.102852,5.8099875
39627745851874166,0.3023560845,10.594904,203.78502,3.8558171
39627628524607070,0.1764765643,9.297452,77.97345,3.3028457
39633407612813906,0.2688655579,10.297555,99.740448,3.998471
39633478907596139,0.3183204696,10.783611,128.00407,5.7716885
39627897274634472,0.1077509176,9.5330391,249.46651,3.8162568
39627601408430987,0.3573122778,11.233756,82.843102,4.2197447
39637150634873358,0.4308625054,10.661409,44.541397,3.6039367
39627672388634142,0.1821015226,9.6252642,169.40096,4.5411596
39633095426573056,0.06258267465,9.0578241,53.575493,3.4044247
39628326532288373,0.2359821177,9.5044975,34.980663,2.9271033
39627994892864418,0.129726379,10.066855,216.00024,5.3903565
39627805180300493,0.3595712356,10.419063,101.77345,4.5983591
39628399798389321,0.244288191,10.207406,42.772537,5.1422639
39633072123020965,0.07631082175,10.184948,64.874107,3.8304942
39628128967987825,0.1925345928,10.176515,66.89801,6.0042362
39633460033228682,0.3827750999,10.605637,116.41383,4.3033185
39633289522184418,0.1262289388,10.275414,161.45627,3.9391761
39628535211495782,0.1213468341,9.6014671,125.13611,3.6609035
39628052606487330,0.353262588,10.264167,99.100197,4.6858644
39627802571446146,0.08882300161,9.271266,87.408005,3.1204662
39633521366533165,0.05128560181,9.8067722,41.969948,2.9683716
39627782455561015,0.1722269569,9.9484539,203.72459,3.9915197
39628428890084359,0.1482545243,9.2841005,61.084301,2.8599999
39627823815593872,0.185166662,9.8914604,95.05703,3.1288426
39633162405413373,0.4111533897,10.272007,90.285965,3.8870199
39627885266340452,0.3896416685,10.687431,44.600567,4.9247394
39633300855195438,0.2086963436,10.19433,151.38863,5.0658622
39628528408333142,0.3067092524,10.038649,59.875816,3.7831228
39633504165695517,0.1508780913,10.488932,32.799088,3.6733489
39633411446410483,0.1039845686,8.941925,93.084274,3.1465876
39627738662833507,0.06333348474,9.5559406,249.81374,3.9723055
39633078120875612,0.279216494,10.267513,68.624672,4.0279255
39628066552547459,0.03798783276,8.5174809,392.35226,3.2992861
39627766764668201,0.2990280276,10.251564,121.60123,3.7675354
39627679502177178,0.1313006263,9.2948837,59.634964,2.8599999
39627896033118971,0.1087427769,8.4512091,241.4962,2.8631914
39627683318989836,0.2834916727,10.285779,111.11845,4.3626614
39633301069103175,0.1187770213,9.2125311,201.87926,3.2976019
39633365023851282,0.2326991474,9.9049101,45.439735,5.2554255
39633191027345698,0.05164390739,8.8538904,54.135788,2.9350462
39628492391842289,0.06185569529,8.817502,263.38544,2.8805213
39627760364164748,0.3367818925,10.443407,217.81013,4.1489458
39627744966871741,0.1377665506,9.8968163,108.36016,3.0995004
39633040481194615,0.1343053224,10.077168,160.8349,5.322885
39627743519836286,0.07961818896,9.24541,62.835983,3.8017631
39628319301306488,0.2947722896,10.310456,105.42813,3.9683712
39628051650186292,0.1532733904,9.4184208,47.309093,3.2749362
39627860624806991,0.3151746161,9.935441,91.562355,3.0473454
39627666608883208,0.04011668993,8.7702913,115.95152,6.3426929
39627879121687323,0.08531360416,9.1704264,78.570869,3.8546531
39633200565191218,0.04087564118,9.0671968,102.59473,4.1364107
39628053235633425,0.06890993561,8.4314947,98.139847,2.8599999
39627612858879563,0.04524844218,8.8376408,175.2827,3.1279416
39627767800660686,0.1960283811,10.484235,80.617363,3.9071522
39633100409405838,0.1926151264,9.296423,45.695625,3.2239728
39627790617678848,0.3656699601,10.12402,100.1757,2.8599999
39628469860045075,0.2415084892,10.106446,69.334396,3.9507797
39627844313160367,0.02748403806,7.7304149,119.35244,2.8599999
39627932821359741,0.06398730911,7.7215042,145.06551,2.8599999
39628046671546236,0.1636751497,9.4762936,126.63814,3.4487317
39628457226798762,0.3357193586,9.8790264,71.731522,3.8107855
39633029131406925,0.04676915139,10.041528,261.43829,3.3719747
39633105069279963,0.2068333672,9.5286026,201.69757,3.4359245
39627788822513340,0.3432282828,10.91773,67.003777,5.7621417
39627794795206243,0.1873676028,9.9423733,127.2216,3.367583
39628527133262056,0.3666557174,9.7582054,100.20998,3.4392474
39627628843373923,0.2192834213,9.63274,103.41826,4.0356784
39627884091933454,0.1112545939,9.7401533,248.63846,4.6006408
39628483055325081,0.3011971997,9.9668036,331.38608,3.7127357
39627883945134748,0.04500793966,8.0556879,285.4057,3.2596071
39632961238204640,0.2456158379,9.8074627,94.044922,3.6063433
39627719171901417,0.3421036585,10.051682,117.33708,3.9619656
39627742815199246,0.1706012522,9.997901,185.40344,4.4623499
39628402025568712,0.1500069217,9.8811264,123.6475,2.9956048
39633348754146000,0.2020587969,10.015528,115.22231,4.1622877
39633187101477827,0.177749496,9.1868429,55.186493,2.9165382
39627398005659787,0.06542838689,9.1571121,278.38431,3.0096951
39633505235239269,0.107084912,8.8231888,53.933796,3.4797685
39627631208957710,0.2053540582,9.6907043,78.143524,3.5870602
39627829599539362,0.04616560904,8.5541821,203.06137,3.9212074
39628290721317340,0.3406093273,9.8466206,59.90815,3.1196027
39627611101464610,0.3411991748,9.9408827,477.48825,3.1020966
39627705687214330,0.260177283,9.9763126,65.549568,4.1203942
39627643217251798,0.3242476192,10.31183,46.051495,3.4274397
39627855088320992,0.2274083314,9.5837307,59.755547,3.1660159
39628141060166386,0.1001321652,9.4046307,356.3063,3.3122842
39627896679040976,0.1990577621,10.679267,169.33832,6.1621799
39628017516942746,0.05041141557,9.5623178,221.81679,4.1144104
39628451883253802,0.1483053706,8.8690615,102.73248,2.8599999
39633028959438076,0.2448292253,9.9110374,59.561115,3.3274534
39632986479526756,0.1736934318,10.197537,291.07169,4.2273741
39627873052527292,0.1061039549,9.8879976,59.814259,3.6567173
39633452923882287,0.2806092139,10.46443,124.5424,3.8704898
39627380217612361,0.1574774029,9.4247284,74.904968,3.4079673
39628429984793630,0.2719836089,10.209768,67.454979,3.9478245
39633256789837960,0.1529112123,9.5898933,87.306694,3.0430548
39633183813144268,0.2091405223,9.812315,298.57254,3.8584726
39627763576999461,0.1433457511,9.3173342,437.2861,3.2703934
39627938374616426,0.2556355188,10.120949,105.65844,4.8511753
39627588674522057,0.2485172315,9.8633728,73.020645,4.2335072
39628268403428479,0.1649829072,9.7553368,237.94781,4.0022364
39633239438004085,0.01874451651,8.7644815,237.83836,3.569216
39633048232264063,0.08666629639,9.2844563,168.60185,3.2909384
39627708916826269,0.2720255616,10.275896,164.17673,4.242712
39628394417097366,0.1788967935,9.6803474,77.163857,3.9683857
39627805088025713,0.2727833504,9.482645,269.16669,3.7554281
39627895999561790,0.317227681,10.445993,110.57649,4.9198217
39628301823640048,0.04604746698,7.9804153,57.101761,3.1190715
39627660938184613,0.2926869002,10.193785,51.49474,3.1925859
39632931680948753,0.1265287245,9.2195969,71.526169,3.8154588
39628010910910888,0.434103764,10.588821,87.189247,5.2339134
39637204942718892,0.4788023084,11.782678,126.23032,4.2753639
39627859391678929,0.05379258904,8.3618441,73.516312,2.8599999
39628285486831363,0.2264124733,9.1612358,153.65549,3.4501729
39627818061006068,0.1506475,9.4486856,161.7867,3.6211827
39632995916713486,0.2448833482,9.0059452,145.32553,2.9469328
39627727946384004,0.3279241421,10.17342,60.969757,3.7676749
39627896611933150,0.2747974363,9.6001253,60.180477,3.2210202
39633016514944125,0.2230906737,10.259002,214.38464,3.9565566
39627585847560708,0.3837175019,10.385809,76.450546,5.2412763
39632946486839623,0.09057078589,9.032795,106.39471,3.1837568
39628434271377374,0.2005784754,9.5824556,53.322613,3.4671419
39627745000424488,0.3342704991,10.958326,64.82,4.7046261
39633212560901861,0.2459743871,10.129242,117.43075,4.5704575
39627850877244492,0.3535097367,10.718822,81.158264,4.8724961
39627658438384545,0.1093270793,10.32223,72.406303,3.6667149
39633410657879533,0.165029423,9.7406406,64.080635,3.202657
39633475208218966,0.2881227872,9.2497854,128.83159,3.3010685
39627715992617424,0.07170461369,8.6546841,112.28886,2.8599999
39628395507616753,0.2923269046,10.292974,72.382355,3.4007292
39627975389349870,0.05392882942,9.8224754,66.556282,4.8349953
39633039680082294,0.2184628761,9.5770102,98.127907,3.4966021
39627762910102311,0.1376635745,8.9980278,265.62415,3.0438275
39627615564206230,0.1123050677,9.3853188,111.61852,3.8099644
39628504463050262,0.2543619628,9.7727194,39.865574,2.9666715
39633274078758220,0.1124855094,9.4779301,103.83783,3.9065661
39627829960248279,0.1993764154,9.6677094,58.887047,3.0320199
39628411143979872,0.1353135396,9.1186962,136.22334,3.1259937
39627719507449555,0.1285375387,10.066628,255.25928,4.6462846
39627538854578742,0.4822145772,11.193274,74.77002,5.5371585
39628367032489523,0.09975930786,8.9090652,116.93879,2.8599999
39627657142339405,0.0831043556,9.8343,338.65881,4.104836
39628519776456845,0.1476471163,9.3518686,145.00075,3.7227607
39633054674715612,0.05596728896,8.3143024,85.315857,3.2479262
39628129894928901,0.2816771902,10.211244,130.57841,4.3089929
39628007710655034,0.2781802938,9.8018494,77.329414,4.5128326
39627927314236558,0.08148820078,9.8003025,510.04688,3.8278937
39633369096522189,0.1791855961,9.7009506,54.801502,3.1179287
39628529662431807,0.1244701845,9.5575542,46.746094,2.9480324
39628375672752775,0.1257028633,9.7482939,45.530388,3.8018508
39633419826629784,0.2520277803,9.8242502,42.144096,4.5830879
39628013259718898,0.1564791107,10.102457,85.178505,2.8599999
39628116166971593,0.1708316067,9.8060026,53.59589,4.5121403
39628437580679460,0.1810950764,10.095536,90.098297,3.9533787
39628407436222764,0.225089447,10.11374,74.074448,3.9395547
39628076975395854,0.2508469376,10.212233,124.74424,4.5878382
39632990669637041,0.1719704704,9.6234064,77.465439,3.2031929
39633321344371785,0.2436797074,10.108499,160.41422,4.5611954
39633212418295258,0.2346031323,9.9768591,57.62796,3.2052996
39633148006367732,0.1962004049,9.9634228,92.194168,5.2519951
39627805280961810,0.02603329632,6.5914159,273.47638,3.3879857
39627724926489096,0.2313498251,9.8750639,369.0437,3.1706266
39628106633319637,0.3350664343,10.479229,146.82086,4.4762907
39628093681307734,0.221582432,10.238908,46.108494,4.2822723
39627758057294656,0.10569024,9.3229961,97.534149,3.2127409
39633503427495525,0.2351745546,10.117735,34.299332,3.5034649
39627733117964694,0.1633251934,10.087896,206.80397,5.486764
39633497798738531,0.4293867481,10.516803,106.38528,5.868556
39627724146345057,0.04344892166,8.7786579,117.05257,3.6220109
39633072810888975,0.2010606828,9.6269579,63.972095,3.0910151
39628488734412529,0.1406882484,10.322042,124.17371,5.3249469
39632955903049942,0.1518115228,9.6493216,85.532829,3.6812363
39627685290311744,0.0691423891,8.887599,50.66396,3.0343666
39633460570098094,0.1841701116,8.7418098,227.06622,3.6641555
39628034734555468,0.098307719,9.3633738,283.21436,3.555902
39628324766485193,0.1300015618,9.7258644,42.333187,4.2057877
39627736771199530,0.1717849982,9.7206612,867.43475,3.4050882
39627818878896942,0.1402655508,9.5289021,112.05096,3.7410111
39627520458363710,0.2826356467,9.6658325,222.88739,3.4718904
39628296723368829,0.1299287691,9.7669573,99.317528,3.261054
39633263018377764,0.2282998418,9.9649467,58.129276,4.2625837
39627931789559578,0.1858148109,9.0574722,412.017,3.3554094
39633476374234255,0.2811935358,9.6046038,30.62957,3.1547863
39627794669373524,0.08355425451,9.2936678,146.005,2.8599999
39627763996428007,0.2328726819,9.6353025,137.8891,3.5629449
39628285360999225,0.1206052397,9.9473677,133.16365,4.3202176
39627667279975761,0.2023601211,8.2874832,780.08368,2.927114
39628167375227355,0.350527595,10.447001,90.52565,3.7217538
39627531724264298,0.08577934477,10.001472,66.056053,3.8060832
39633134878196953,0.2410501824,9.8114176,49.24588,4.5526218
39627775975360825,0.2084810104,9.9703178,82.578354,3.9015861
39633450466017390,0.2323686289,10.46063,193.63675,5.4091454
39628136924581239,0.3110305228,9.8118467,60.247696,3.1891463
39628418182025459,0.2990504757,9.5022011,54.920349,3.1875906
39633422620033875,0.1700420309,10.10178,76.959808,5.6615376
39628279468003974,0.206229048,9.6619244,77.20063,3.9935308
39632951566142802,0.1530890767,10.336831,162.41132,5.4579611
39627854769556177,0.2329266548,9.7584448,101.85793,3.8999267
39627829817639644,0.1315715596,9.9942894,73.989662,4.8164291
39628135922145944,0.2425238993,9.7123318,57.311172,3.5379806
39633289044035433,0.1278362371,9.5258608,65.757698,5.5949101
39627537566926300,0.4004886567,10.032319,64.808006,3.7568529
39633289631238452,0.03320581321,9.4833832,205.68863,2.8599999
39627800130356808,0.04777442476,10.308258,321.52301,3.960073
39632956448312793,0.08744857341,8.8080168,85.526115,3.0646253
39627875200011297,0.1185801468,10.609292,164.20958,4.6292596
39632971786882636,0.1682613417,10.574994,228.22525,6.1199622
39627713333432419,0.04120065553,8.31952,106.06705,3.4210587
39628072105809103,0.09649256388,9.1041546,294.77283,3.0317507
39627682454967943,0.1563519962,9.2297859,132.41391,3.2643545
39627767817437408,0.1057056117,8.8786392,36.143097,2.965275
39627707113278934,0.1400708968,10.100144,292.7626,3.8183057
39628323529163949,0.08159024936,9.6499882,52.773716,3.4826927
39633386716793091,0.1767839026,9.6163511,117.18222,3.2533057
39627823928836899,0.1934794374,9.8673038,79.792702,4.5703468
39627743222043877,0.188457289,9.5548134,107.55663,3.9317739
39633343175724488,0.2549919701,10.552306,80.58268,4.1137438
39627791347491457,0.02970093334,11.08746,410.55814,7.3909793
39627921333159480,0.1877178967,9.8693075,244.63669,4.21875
39633086597564660,0.08612455016,9.0284233,78.426338,2.9750381
39628117370734227,0.2698175318,9.5621614,600.72577,3.5381498
39627937959383518,0.2078918259,9.972888,162.67972,5.3218513
39627867021118855,0.333843106,11.255411,150.36966,5.1551461
39628135666290421,0.07371234825,10.394341,96.328285,3.5828972
39628131174188707,0.1919152141,9.3690062,80.37886,3.0454154
39633471693391900,0.05411980919,8.0316296,58.345478,2.8599999
39633077508507912,0.2939540565,10.179964,82.631248,4.6461902
39633289639627469,0.1417704419,9.62572,80.721878,5.5309377
39628408891638323,0.1271497374,9.26332,107.30447,3.2288125
39627766861144746,0.2977240637,10.010926,35.881622,3.0971072
39633522771625573,0.05269914579,7.7991061,132.73351,2.8826523
39627860842910082,0.2843559455,10.469576,95.057266,5.1138153
39627519686612699,0.1856013068,9.7601194,102.97054,3.7333839
39632970914466307,0.1778019708,9.3718395,71.736771,3.380156
39633030427445875,0.2935587777,10.366339,86.647392,4.713748
39628016816492784,0.2321745412,10.160575,158.67154,4.1251106
39627802076517836,0.1298506978,8.8735933,56.164429,3.1945562
39628375928607014,0.1209583324,8.9622307,54.749249,3.334146
39628313773212763,0.3336159419,10.232894,35.631447,4.3458152
39627921068917683,0.1324360901,9.6913948,81.224266,3.656446
39627887791309563,0.04967646452,7.9731936,83.907372,2.8599999
39636526329498020,0.2494845853,10.360822,67.189545,5.1456633
39627902978886569,0.09443846293,9.9555254,173.674,5.1874466
39633389401147288,0.08731715789,8.6707592,111.32079,2.8599999
39633044721631588,0.06490715957,9.3157463,47.800415,3.6168613
39627866891092926,0.1997054895,9.5766792,57.369541,3.2429991
39633255082755629,0.1032239724,9.0863552,463.27283,3.3283951
39628053239826997,0.09190040455,8.9588833,56.431507,3.4065411
39627752311099244,0.2070629563,10.13256,172.96786,3.3509886
39633271117580185,0.09057767366,9.6141901,87.646805,4.1948323
39627564846682691,0.228053245,10.619547,98.727898,3.1443665
39628396329698043,0.3357119108,10.117541,175.87514,4.5403705
39627655200375497,0.1912335326,9.6277332,34.333488,2.8599999
39633450247916654,0.1804267221,9.3488016,98.955109,3.0678599
39627824797061904,0.1237680073,9.5106087,195.22556,3.0464919
39628432102917397,0.1350296165,9.003562,229.63922,2.9631739
39627926093693684,0.2994333177,10.131107,63.226971,4.1647134
39628413853502436,0.08662051601,8.7782583,46.624317,3.0528169
39633223893911997,0.3163296756,10.074357,49.2346,4.8664126
39628216717021228,0.07302956559,8.8391075,287.73691,3.2322032
39627673256857074,0.09370875396,10.140434,147.79034,3.542402
39627721126448797,0.1439841222,10.179427,216.90446,4.9827638
39627788159811634,0.2932038898,9.9507017,94.34446,4.9209833
39627746069974013,0.1308569426,9.5589752,791.99774,3.5604086
39627785337045271,0.1130461071,9.2278442,73.665085,4.039465
39633103513193672,0.3000975397,10.261987,90.645859,4.4948235
39627817968734074,0.2664716148,10.604674,76.491203,3.6604803
39633396149783722,0.133433148,9.6772432,101.69898,3.5100527
39627869319595248,0.3766433455,10.810967,93.821915,5.5608468
39633109381024636,0.1436934487,8.6538725,65.916641,3.0070093
39627921605791532,0.2352210341,9.9868307,110.30428,4.2542157
39627812205762149,0.07906395243,8.9315586,56.816765,2.9621482
39627762931074723,0.1531408596,9.5375605,138.30508,3.4061482
39627745482773323,0.09813341257,10.701476,369.47675,4.8584681
39633228729945148,0.2364591191,10.730008,58.072601,4.6140189
39628507520700571,0.1979057794,9.580122,25.836893,4.5597014
39633338343884482,0.06658515278,8.7532587,58.687473,3.5895102
39627857227421725,0.1996603115,9.6484938,76.538979,3.3184283
39628147594890704,0.2029909581,9.8390474,99.569107,4.1194744
39627760200582883,0.2959563621,9.9076872,44.048546,3.4194105
39627665187014762,0.1302543926,9.947958,178.42601,3.8185985
39632966615302832,0.2142030312,9.7929249,96.549217,3.7437725
39627936046779262,0.08704588339,10.396124,214.5032,4.3787494
39636797398974653,0.2058164732,9.8744965,68.62233,2.8599999
39627766097778270,0.1793220247,10.322576,101.32471,3.9688106
39636823420437752,0.3867547451,10.719153,66.560059,4.1446619
39633416303411281,0.2742640536,10.74402,118.3883,4.7756896
39628184051781116,0.1180367884,9.5118399,122.44525,3.8621833
39628172848795971,0.06828370215,8.9476395,57.562473,2.8599999
39627830560032084,0.2201285317,10.282541,150.50862,4.2218962
39627732560119517,0.4601113853,11.084275,43.786694,7.5458136
39633318643238435,0.2632236763,9.7614756,76.489685,4.0208769
39633390143539572,0.2548478943,10.197446,91.885307,3.8528717
39632990900326338,0.423388219,10.038656,265.41605,3.9440684
39627717699703295,0.1141317877,8.6004915,428.61533,2.8925812
39637220625221737,0.08497911016,9.3087387,63.408707,2.8806591
39633277887188429,0.3993027785,10.712401,84.762161,3.8748331
39633314612512898,0.1702393531,9.9420967,44.270496,2.8599999
39633524545815900,0.2362805372,10.352512,87.05027,3.9146297
39628470606626874,0.05453730361,8.4034719,61.347164,3.4273493
39628455440026649,0.1677993213,9.8310022,34.024952,5.3990102
39627976848968096,0.2956571541,9.5799408,103.56023,3.4402001
39627875745271263,0.1492954292,9.3402481,79.960625,3.15572
39633220257448774,0.1103510197,9.2674608,35.535416,3.0755484
39633332375389329,0.1433544913,9.9789495,136.00731,4.0267162
39628379892222201,0.3658104,9.9781017,59.892574,3.3789632
39627863514686555,0.01827319064,8.7847633,70.785347,2.8599999
39627909131929129,0.0576330473,10.286829,204.37843,3.9063272
39627751270912774,0.0739438783,9.8294954,56.438618,3.3476543
39627637211005554,0.07702517201,9.3300428,79.801392,2.8855193
39627932099937231,0.1215009706,9.2466087,67.753258,2.9572477
39627687421021751,0.1872175815,10.125266,108.54285,4.6007957
39627757604310529,0.1072601653,9.0209961,61.462223,3.0132308
39633122265926348,0.1249572443,9.1220665,134.48593,3.4434972
39627696602350307,0.2354835168,10.279082,65.529762,3.7633648
39633467402619499,0.2045700897,11.025513,179.3309,7.5448127
39627728126743754,0.0393936213,8.4888868,198.73375,3.5941734
39633442710751173,0.3126078425,9.7834492,100.06408,3.4898818
39627594726900112,0.2262648264,9.8379374,120.71453,3.1752982
39627851594472060,0.257598354,10.050635,84.642143,3.1338258
39628268697032993,0.2528564153,10.072881,55.26656,3.4487233
39627409649046226,0.06993678456,9.5473928,42.056732,2.8599999
39633275299301249,0.2718025648,10.237576,184.72813,4.1415811
39628024794057050,0.1959641934,10.24642,263.39407,4.3306561
39627854782137644,0.2270175592,9.5990791,63.794746,4.3360095
39628465523131737,0.203301563,10.524889,69.921494,5.449904
39628419561950953,0.02558025218,10.173249,216.76227,5.1997008
39628517775772005,0.2707724393,9.8209562,46.000515,3.5636885
39627999057810078,0.05715655368,8.9258003,104.54918,2.8599999
39627363524284486,0.08226724858,9.2295179,110.22266,4.0288229
39627800444933931,0.08535733938,9.0679369,52.395252,3.0347414
39633266826806028,0.1397175347,9.5155973,90.976807,3.6398504
39628017600826803,0.1633087184,10.274154,100.82491,2.8599999
39627944116621255,0.3195381159,10.064472,61.093224,3.9625297
39632970050441039,0.3249582571,10.044063,98.015579,4.338223
39633216465801362,0.2168896731,9.6215401,31.482443,3.1333904
39627715938091575,0.3165899226,10.198911,100.57642,5.4664063
39633105115416448,0.1204398578,9.5931673,51.036762,3.5539467
39633183158831343,0.01611557152,7.833848,127.48974,2.8599999
39628141366348727,0.2440812745,10.361819,42.212135,3.8891673
39628481587315645,0.08365795986,9.3567019,391.06586,3.7602086
39627606135409251,0.0827062252,9.0456743,232.25142,3.1037946
39627811895379432,0.3938987434,10.094943,171.16319,4.5473986
39633100874976044,0.06483237267,7.8354149,218.15303,2.8599999
39632931710304468,0.2147321751,10.576529,167.82956,5.2509809
39627823849148287,0.09840372498,9.4763889,371.134,3.3365269
39627675794407859,0.3269599992,10.457949,107.00761,4.7254233
39627835165382784,0.260615875,10.755489,56.536404,2.9102929
39633509291131433,0.08641707635,9.3783159,143.79916,2.8599999
39633054649551673,0.2688082374,9.7901974,49.459732,2.9513299
39633342089396424,0.2752762737,9.9173708,85.051605,3.9929757
39627585440712980,0.2088836424,10.081406,204.77086,5.0969887
39627814881731197,0.09479779581,10.470924,197.09189,4.8918505
39627941570679269,0.2137478733,10.211761,184.50267,3.9849751
39627752046856702,0.1146502355,9.1912155,126.01189,3.0321529
39633365049019796,0.4468006926,10.636041,57.441681,3.5116656
39627551336826794,0.2896445494,10.875299,85.37822,5.6908126
39633413581310610,0.1685119481,9.254447,88.879257,4.0809631
39627719322898710,0.4161939267,10.61085,89.449692,4.658308
39627917377932378,0.202599829,10.705425,173.72818,5.9884877
39628082839029561,0.1416257487,10.050073,247.91273,4.2779589
39632986643105955,0.1312162332,9.8717117,65.962776,3.8174586
39627803397726852,0.1998423529,10.297511,131.79512,5.2712889
39627989599650647,0.2591720335,10.174985,111.70487,3.5506613
39627917512149607,0.2125345523,9.4322681,71.739685,2.8599999
39627861312669551,0.2000956896,9.8249025,42.158936,2.8599999
39628005072439430,0.2896045374,8.9445782,98.419815,3.1407876
39627783957123571,0.1888698654,10.208443,229.37486,3.7741268
39627925758148863,0.3052017672,10.163618,126.8209,3.0393806
39627774763210610,0.3603504878,10.391902,90.943886,3.1408584
39627660946575889,0.1412034432,9.4151726,75.465324,3.2536497
39627688754806913,0.3313321225,10.60985,64.964798,4.9760656
39627739338115410,0.1317848768,9.6461058,153.35048,3.1624227
39628093287042426,0.03126023257,8.2368307,75.287315,2.8678396
39633236636208577,0.2891145031,10.010853,107.38683,4.3150129
39633348791896469,0.2316366921,10.269766,108.96548,4.3439007
39628054942713218,0.2639256777,10.63162,51.233139,5.2681098
39627691426581932,0.3923824317,10.23894,32.67041,4.2811203
39627933114963384,0.2309329571,9.8554487,51.721569,3.6210926
39627909727524932,0.1080184355,10.578938,199.07948,4.2892213
39633437627255538,0.03914960955,9.8602562,98.426865,5.0281973
39633001214116724,0.241133783,9.8040915,47.032341,2.8599999
39633015655105676,0.3167544648,10.225235,75.249176,4.2289205
39627844418017642,0.1295699403,9.3214788,202.73517,3.5703778
39627805935273762,0.116612352,9.2215576,154.45113,3.3291633
39627570941004868,0.1382758174,9.6224594,37.914219,3.8152235
39633182902978906,0.3700908412,10.218378,50.295403,4.3584104
39628037402134670,0.2141346008,9.9705076,103.46089,5.0891623
39627688750613259,0.2220396835,9.9393845,180.9075,3.55267
39633296954493032,0.1224134819,9.2341938,169.73534,3.5230963
39633338339691890,0.06715261708,9.2946682,93.719276,3.0666008
39628039256019376,0.2511681289,10.081363,199.28378,3.1750162
39627357719364690,0.1575391332,10.087135,354.04639,3.9480963
39627690789045564,0.0574777774,9.8789959,206.68263,4.0572228
39627851602858500,0.1669061618,9.4592667,155.75636,3.5278156
39627637097761522,0.08172249323,9.4320364,95.65815,3.831665
39627768790520671,0.3803624801,10.860415,152.40852,4.4019217
39627764071926629,0.3305307712,10.002936,57.2915,4.4634748
39627916698457587,0.140879284,10.040902,78.095535,4.6281562
39627914685189777,0.1743440751,9.8202553,106.74492,4.211206
39633072655696443,0.1465776151,10.528458,209.50787,4.6440639
39633332241171609,0.2918679001,9.896492,217.47896,3.5606921
39628471273526292,0.4864993744,10.597389,109.77039,4.6712909
39632960999129767,0.3204921106,10.059346,159.59087,4.0599608
39627639127807866,0.1839697386,9.9404879,234.61815,4.7297997
39633014673639801,0.08440566365,9.627552,201.5882,3.6844645
39628463937686758,0.2323729481,9.6131039,55.45364,3.4305294
39627932062192326,0.1229610161,9.3716688,60.21207,3.1221502
39628525199688213,0.3569981712,9.8900089,149.23955,3.286721
39627887908753164,0.4142916625,10.486643,43.480442,3.5975697
39632990434757233,0.2332564316,10.038285,50.941208,3.6757414
39627502691289199,0.1566763978,8.9716702,75.588432,3.5399635
39627775371380028,0.08207104688,9.4466133,257.55093,4.0648775
39627717615814813,0.1861636941,9.7140932,45.303963,5.0781903
39627962181485901,0.3302651768,10.007004,75.085915,3.8153617
39628278213906388,0.2164342852,9.896265,55.060505,3.2276459
39633087318983497,0.3801878917,10.96294,596.28748,5.5323877
39627932292875457,0.2440963608,10.07782,65.938431,5.3586001
39627812226729205,0.2628942634,10.403835,185.42406,5.2665062
39627835802911651,0.2441407409,9.6718988,206.18277,3.5212009
39627681263784681,0.2250330285,9.6383505,105.84669,3.7396779
39627586514455784,0.2188883518,10.209818,106.87206,3.6013522
39627718962190547,0.3511375474,10.621253,107.46405,4.6429787
39633170294901898,0.06654025553,9.0646801,50.008045,3.5413046
39628522880238061,0.113287422,9.2201653,77.374428,3.1002328
39627910641886076,0.2967039717,10.133439,80.46315,3.6337698
39627721994666283,0.2081172083,9.7585869,230.25954,4.0758896
39627746267107504,0.1248429207,9.3176699,120.55067,3.2187223
39628189424685607,0.0892616902,9.0405893,134.17389,3.0966439
39627824524430438,0.4364299531,10.465349,110.75517,4.9171939
39628363794482949,0.0724083084,8.5961351,64.271187,2.8599999
39627879469809868,0.4592845728,10.457074,73.86776,4.8545141
39627642818790787,0.3337737437,9.9573488,73.909058,3.4324415
39628004057420499,0.06800016974,8.870347,178.07497,2.9198942
39627958922512561,0.1594751456,9.8517323,227.78389,3.8563893
39628234228238717,0.1780444539,10.341383,219.35106,4.4366565
39628428609062195,0.3000985537,10.005551,37.435844,3.6672606
39627806602169815,0.087217688,8.9576187,41.682758,3.0156622
39627733671612774,0.08681805475,9.3768597,149.5481,4.7149429
39633401958893234,0.2108956781,9.6340132,38.079082,4.1060662
39633468367311472,0.08480727845,8.8856297,36.58741,2.9866269
39628396610725065,0.07236148009,9.2491837,185.93381,3.5211935
39628235939514087,0.07031943502,8.9673729,52.490784,3.7910683
39628394412902449,0.2872509014,9.9898157,64.285965,3.3785784
39627666495639512,0.02071382499,9.7785778,52.019932,3.970207
39628010030105141,0.2431326138,10.767452,191.23305,7.3563075
39628285595878655,0.1287594661,9.3488369,157.46773,3.6936157
39627839649096022,0.1224746534,10.654475,349.27023,4.5509567
39627690763883056,0.2072155713,9.331131,180.18204,2.9724267
39633536709299582,0.1760793035,9.9711266,59.213917,4.4638414
39627640943937968,0.1932444641,9.4423943,41.963181,2.985292
39627896586768243,0.1049001716,9.3693266,76.754585,3.957
39633496385259595,0.03963611536,8.1756821,553.41479,2.8599999
39628428911055589,0.2014408484,10.028465,57.523632,2.8599999
39627427302869090,0.04645959055,8.304719,185.4568,3.1949873
39628011208707315,0.0954471062,9.102314,154.42838,2.9897664
39627841494582057,0.2827069488,9.7851152,74.317169,4.0902824
39633371122369335,0.169535199,10.013426,125.81326,4.7660875
39628007987480984,0.04896739735,8.6190977,100.51134,2.8599999
39627849182742094,0.04189598708,9.7204609,96.71608,3.1735067
39633491792496319,0.1426257122,9.6351233,129.16164,3.7855294
39628486582732319,0.3595590121,10.533536,100.80438,3.948446
39627969513132728,0.1989726466,10.399751,186.51602,4.8378649
39633224955068633,0.07261761771,10.300147,207.99261,5.8032875
39628319053840591,0.1032107307,9.3042431,61.218163,3.6015582
39633132495833315,0.06849680192,8.6680441,84.7658,3.649734
39633455201388076,0.08932307057,9.0898304,83.221268,3.585892
39628359797309841,0.4551636105,10.123892,135.40709,3.5713739
39627841771408201,0.05599513977,8.6071253,190.43517,3.087487
39627793843095770,0.08201479949,9.1228371,42.090855,2.8599999
39633274850509689,0.08449111138,8.8424683,59.969097,2.8599999
39633081677647469,0.2121033359,9.6865311,47.192734,3.5797894
39627987825467370,0.3415328461,10.91065,60.688759,6.0940714
39627654239882758,0.3027387036,9.9680061,181.50912,3.5101969
39627787862017682,0.2670234701,9.9670868,88.14109,4.1286302
39627369287257941,0.2892010774,10.170755,52.038822,3.3429911
39633481180909128,0.1349370259,9.4912739,53.665447,3.3963325
39627661231787864,0.1448388882,9.3483963,73.488235,3.9077837
39633145657557501,0.2497294104,10.219663,110.64295,4.9786816
39627681809043817,0.09517848007,9.2710991,233.10014,2.8975351
39633100094833317,0.1677357469,9.7491407,100.40255,3.0822024
39628390877102351,0.2057543299,9.9763231,117.69356,4.0645552
39633503607851236,0.1053646962,9.0395708,132.06419,3.0252137
39632987104478897,0.1655292735,9.6191626,73.930183,3.2227788
39628088786552119,0.0773776742,9.4315958,140.35692,4.186976
39627733843575155,0.2087541774,9.7705421,66.361908,3.7715287
39627577354095411,0.3266959008,10.221341,104.60395,4.1098356
39628028636041662,0.09033541927,9.1162348,60.633896,3.6428835
39627414929675456,0.1010001488,9.8731766,732.27917,3.3901193
39627794392552735,0.2096125156,9.6491756,123.39835,3.7493238
39628051507579245,0.1851316235,9.6555414,119.46487,3.5277207
39627812805543504,0.05181895757,8.9666157,95.701103,3.0749667
39633068272650790,0.2834349258,9.6982841,29.862505,4.981122
39628273914742635,0.1288417772,10.352094,133.71671,4.1698465
39633071711980569,0.09682131429,9.6818628,48.432529,3.4810696
39628110315915067,0.264681195,11.160356,101.94839,5.7253056
39627673198133305,0.1527835215,9.8111973,177.8443,4.0280547
39628488700855635,0.2328563095,10.054198,97.486198,4.4114966
39627836633386057,0.401243383,10.338815,169.42659,4.1402421
39633016435248116,0.09485365886,9.9853077,302.09589,3.2249203
39627859316184032,0.1390110218,9.070426,147.12936,3.2109013
39627823593292175,0.2109103442,9.7286968,143.7478,4.4441919
39633455176221573,0.09312348231,9.6793623,31.621912,2.8599999
39633005194512189,0.1609942676,9.6481361,77.316948,2.8599999
39628045400670658,0.154067806,10.751984,186.35699,5.0580225
39627588854874781,0.146720388,10.108763,70.360031,2.8599999
39627775815977948,0.3336090445,10.312586,39.777805,3.3140681
39628502433007812,0.3049119307,10.497937,94.586464,4.1984086
39628029445539629,0.2353669469,9.8500137,44.334141,4.0985866
39633094411555833,0.19421672,9.1886129,100.68082,2.8689535
39628030632532382,0.1832545748,9.6595516,99.014702,4.2735395
39627844300574005,0.08022567625,8.937295,43.679253,2.9908931
39633011460805400,0.1829149114,9.6815548,53.909054,3.998096
39627819038278383,0.2236846665,10.059497,179.40149,4.1954989
39627606785528027,0.3073295948,9.8679142,210.42183,3.50334
39628262896310128,0.07896888521,8.8456278,104.91139,3.7130959
39633407700894883,0.09924605266,9.6950407,407.49255,4.2918873
39627832397139384,0.1197302206,10.935525,408.54504,4.8785195
39627439017560568,0.3824422479,10.667995,111.20875,7.093287
39627800889524366,0.2278223298,9.4940262,54.147572,3.664988
39627877720790819,0.1619917116,9.7418652,87.217285,3.3799763
39628013117113594,0.282732923,10.345817,127.56326,4.1275473
39627957530003410,0.3034696752,9.7483492,46.725704,2.8599999
39627675840548982,0.07024010939,8.4988251,39.65123,2.8765373
39627675832156839,0.1481881478,10.90675,247.65366,4.5925903
39628355997276038,0.1560564206,9.5024462,62.717415,5.3740077
39633467205487446,0.1409418124,9.7807627,128.81807,3.3654835
39627875179038116,0.0973370345,9.4804668,88.541603,3.5627363
39627694593278175,0.09981093531,9.5248394,169.08496,3.5038223
39633095728564515,0.2517366685,9.9313221,443.2247,3.8119416
39627860733855257,0.1332149343,9.3002033,115.17802,3.3871913
39628487052494086,0.1731961835,9.144599,78.510582,3.5388029
39633113143314319,0.1185091801,9.567605,162.26698,4.2303162
39633505939883415,0.4404749132,10.553097,77.187836,4.0807743
39633187776757838,0.1374373075,10.171724,178.30408,3.9901726
39628507852048071,0.03374932184,9.4145851,783.12555,4.2253838
39627795952839211,0.1508859859,9.7828169,89.236099,3.3756928
39627939054096978,0.1342670651,9.5364323,85.802895,4.0756011
39627624309326757,0.3202300853,10.251867,64.831902,4.382617
39633076334103378,0.2040046279,10.185836,52.167934,4.2165289
39628386749913957,0.1438959686,9.7903242,82.480415,3.9594219
39628388964501494,0.2990420609,10.382794,82.493782,3.5707269
39633228734140154,0.2817288009,9.8972273,57.609653,3.971344
39627589475633519,0.2810218464,9.7421322,88.591019,4.3567877
39628166217601525,0.2920594674,10.591583,102.90409,2.8599999
39627893948552962,0.3032252732,10.582614,79.814201,4.1588812
39633441326631317,0.2300960107,9.6710491,63.275124,3.299741
39627903352177022,0.07660520954,10.33162,201.30943,4.0518484
39627869298624154,0.0445546836,8.8956785,643.54913,3.0737886
39633472251235520,0.4831103683,10.984879,158.80141,4.0262313
39633224158153569,0.168722581,9.5093575,58.424755,4.2717676
39627776176690363,0.1925841313,9.898284,52.2952,3.9545093
39628082922920313,0.1174353439,8.9989166,119.42648,2.9271667
39628357821796365,0.1942127599,9.5773973,104.05698,2.8599999
39627915708602420,0.2185221101,10.035475,80.616531,4.4645886
39627896817453084,0.2347599819,10.526184,83.608406,4.9315038
39633474423883493,0.2010661633,9.6081219,106.86591,3.2434261
39628141735447035,0.1677298882,9.7588854,74.278374,4.7390137
39627944984840905,0.07951961906,9.3031006,46.320953,3.475445
39627885182457049,0.1009354333,9.2300539,58.865173,3.7688198
39627839397431518,0.2303393582,9.8516884,67.161469,3.4138567
39627799396355076,0.2259187961,10.548477,90.113419,4.6394444
39632941197821397,0.3005557656,10.450876,41.939037,3.2903795
39627811639527218,0.1562167693,9.5380993,94.278702,3.4436231
39627732509787144,0.1663833004,10.231326,122.69205,3.521915
39627796091242931,0.1668054721,10.110838,119.50729,3.9606507
39633087356731498,0.180730111,9.7918081,115.05869,4.0349646
39627757952437424,0.08499227099,9.3670273,82.279182,2.8599999
39633263832074908,0.173536644,10.600067,194.81174,4.8698592
39633293838123777,0.1091293235,10.121963,289.06998,4.380394
39632981832238500,0.1651685104,10.010721,94.694969,2.8663514
39627929709184167,0.3533740304,10.173031,103.62936,4.877852
39633249152009404,0.0480701262,8.1246872,92.800568,2.8599999
39627745054951814,0.3975822379,10.352145,90.287369,5.3500776
39627841440056350,0.1394387117,9.8076506,308.10886,4.1439672
39633077416232985,0.1818658463,10.131924,100.71347,3.4371178
39627515559414245,0.2776652106,10.011843,117.42822,6.0186825
39632996193535253,0.2035272574,9.6983805,50.208027,4.0628433
39633161352643442,0.4008204208,10.72131,66.953415,4.734262
39633448247231911,0.1680814454,9.453002,55.626133,2.8599999
39628513149452609,0.3071149497,9.7966404,68.872536,3.6815801
39633477271817858,0.04131608653,7.3782711,215.56187,2.8599999
39628172009937000,0.1873543987,9.4419498,54.440582,3.2230046
39633100283577253,0.4274778237,10.101647,61.041229,4.1289549
39628199985941638,0.1656137589,9.9892159,352.74579,3.4676533
39628072500071553,0.2935690583,10.87466,97.482651,4.4586167
39633332643827316,0.2017638504,10.765355,161.63098,5.6964855
39633308052620273,0.2169992756,9.8136444,25.016129,2.8599999
39633440403883905,0.1297212162,9.7570724,91.164696,2.9419143
39628409407537823,0.2480416859,10.74691,202.50903,5.2785258
39628497601168379,0.2836838515,10.339184,71.191238,3.5916612
39633247679807528,0.1285539386,9.2724829,223.27437,3.1653895
39627871429335597,0.1957477482,9.4895296,168.18204,2.8599999
39633225454191582,0.1416179018,9.5017281,64.399109,3.2546806
39628401719379785,0.1317209746,9.7077513,134.8837,3.6212885
39628152384784069,0.3167794684,9.9777699,52.032501,4.0578694
39627926752199907,0.1727477933,10.791951,126.84156,4.3838625
39627802231702091,0.4166432489,11.087348,144.93063,5.9155512
39627921001813445,0.03460455879,9.1139526,169.94063,3.373512
39632970968993138,0.1805643824,10.049053,89.060081,3.3885882
39627961862718971,0.05614698456,9.1048889,86.445152,3.123338
39628396304533550,0.05064922378,10.606,645.44769,5.0571713
39628521991047669,0.1236651562,9.1273098,192.65196,3.0937681
39633445751620561,0.2741679253,9.7683306,58.307564,3.0748651
39628196047487294,0.04266190386,8.878521,96.974098,2.8599999
39633348703813764,0.2718596928,10.37803,248.12901,4.8886318
39627817553495918,0.1335553338,8.8769522,399.58948,3.1875005
39627944288587710,0.3872550295,11.189288,87.814224,5.5470877
39627859584617618,0.05809156806,8.796771,330.34619,3.1327219
39627871592911949,0.09994818487,9.1962252,60.221889,2.8599999
39633136211984747,0.2364744473,10.161745,126.24123,5.0090299
39627862466109437,0.1372358955,9.7345133,233.19785,4.1400952
39627966006691758,0.222539332,9.507658,204.55646,3.6865497
39627804983166861,0.08613794667,9.062995,62.992973,2.8599999
39633244173370577,0.1199802246,9.1812048,83.025414,2.9407883
39633014489089389,0.3088519702,9.6663656,125.22894,3.6219566
39628100157312037,0.149193557,9.5134373,97.907883,3.258636
39627594382967131,0.0915784521,8.8024654,94.250168,2.8599999
39633481038299862,0.2252276848,9.8395243,59.088192,4.0238876
39633011460802857,0.02661139287,8.1806498,129.51155,2.8599999
39633224573387778,0.1431777879,10.248802,64.439011,4.454246
39627829578564693,0.07117521359,9.1566315,217.18373,3.3664875
39627743624694334,0.1648704992,9.306881,71.503212,3.0354114
39628019186275009,0.2824765876,10.071314,67.487701,5.4945936
39627994880280270,0.06743607517,8.164463,122.99941,2.8599999
39633372267415220,0.1915098028,10.18151,229.74327,3.9354913
39627880677773277,0.09428960467,10.061786,122.70405,3.7403274
39633192604402006,0.04301636051,9.6761684,202.76212,3.3408117
39627702432435312,0.1351209783,9.4698286,31.522827,3.6818597
39628283855242316,0.147826193,10.116589,110.33764,4.6893964
39628527577861293,0.3892235552,10.327813,58.005886,3.8249371
39628118402538263,0.3232158098,8.9394999,74.991264,3.2114677
39627914664219360,0.4101904348,10.3334,45.800137,4.8850875
39633255036617501,0.1222314698,10.014727,103.00992,2.9814174
39633328877341084,0.1208179266,10.854639,117.25276,4.3225017
39633165320454717,0.1261444773,9.783946,96.61544,4.9270558
39628175675753934,0.316309402,10.000793,103.80976,3.4609673
39628396493279819,0.06531309093,9.7119484,158.57088,3.5329525
39633251869919630,0.0896095602,10.86444,351.86163,6.6661677
39628432170027074,0.4252070346,10.313745,91.364433,4.1294942
39627811970877209,0.1987356106,9.9030848,72.375191,6.0743508
39627902098080814,0.1364647579,9.2967262,77.961876,3.3899431
39627775228774890,0.1900457196,9.3958321,60.486732,2.8599999
39627803724877449,0.1971537984,9.4277363,73.934784,3.2896857
39627685701355120,0.2558156468,9.9043884,49.993534,3.1806693
39627999514986289,0.3616171587,9.8083763,134.9256,3.6820281
39633491809274125,0.1462637679,9.8205338,77.879265,3.3751485
39628129857178023,0.2710523185,10.56682,88.922623,3.8841178
39633243368067496,0.2803221024,10.59256,44.752937,6.2961302
39633476638474710,0.3700602066,9.911644,154.14331,3.4244893
39627881810233171,0.2143984795,9.8430691,127.57766,4.9631987
39632986269813370,0.04292188317,8.6917896,66.155632,2.8929491
39627749060512692,0.1633145515,10.556336,121.18848,5.1520176
39628477728557521,0.0779117311,10.203727,665.32428,4.2789083
39633010588387342,0.1389415446,8.8542032,80.691162,3.0064123
39627579396722592,0.09465370321,8.7696686,156.32054,2.8731933
39627485410763837,0.1171180808,9.051012,325.7916,3.7760477
39633010403839425,0.1298682391,10.50395,116.60764,6.3991475
39632941302679837,0.1943402405,9.999402,66.505005,4.3351922
39628174568459938,0.1538050032,9.3964376,60.498161,2.8599999
39628363689624263,0.1757773317,9.5711899,102.2445,3.7373328
39633039449391903,0.1842258972,9.1035299,109.55503,3.0285096
39627709772466809,0.1158594932,9.6052961,250.84882,4.5816154
39627890618270435,0.1836194368,10.229091,134.36569,3.7532854
39627989146667091,0.3548353638,10.566917,79.912331,5.770772
39627862466105914,0.2033670251,9.6948814,82.357018,3.6834884
39627678923361095,0.08260647728,9.3689823,140.35805,3.4312866
39627793759211135,0.1080505094,9.4790535,121.89333,3.6614077
39627993701682275,0.1573743607,9.7786274,101.91302,4.2161779
39628027323222645,0.1291353637,9.5013552,142.38939,3.3815866
39627763535055353,0.1189047178,9.2114716,58.00843,3.1904027
39627898625201902,0.1422295527,9.2931623,55.329643,3.7256217
39633073410674868,0.05944879561,8.5312166,82.88665,2.8599999
39627799648014239,0.09854185376,9.4316216,159.60483,3.7860851
39627842492830856,0.1346658643,9.4983158,130.11549,3.5568662
39627979613015512,0.2229445181,10.016484,90.231529,3.4742815
39628373667874040,0.1483508364,9.4064045,67.626419,3.8424263
39627612460417693,0.25462135,9.763588,69.762802,3.81938
39627721755595967,0.3990488023,11.015491,54.890358,4.7596803
39627791976628776,0.3195660172,10.814377,51.167477,4.2465687
39627882061889721,0.3262464766,10.150865,42.473522,3.3227475
39628302012385975,0.1727614265,9.6806192,43.447113,3.6273782
39633044478365112,0.3221310536,10.408937,81.540169,4.3225818
39628492110827139,0.08000372423,9.3732004,51.915848,3.8268776
39627848662651551,0.3342780746,10.017055,96.405136,3.1021161
39628358274781096,0.1613359272,9.7818327,226.07863,4.2817268
39633077466565869,0.2465716278,9.7343836,92.454727,3.765497
39628089990320302,0.2619204084,10.135744,139.92618,5.3720727
39632936349205313,0.1264092982,8.772151,60.186737,3.1998267
39627830002191537,0.3491649816,10.382012,51.471958,3.6576819
39627875829157145,0.07600836285,8.9694967,69.170456,3.2654316
39633282266041580,0.1227216049,9.5337238,125.0201,3.543303
39627607381116648,0.1127945284,10.177081,78.337608,4.0913038
39633399056436339,0.2666935,10.005384,84.717789,3.6719639
39627850415870121,0.2028312722,10.11414,61.593533,3.770869
39628518258120018,0.1009042836,9.3330507,130.77179,3.0723293
39627824541209141,0.1917675997,10.20819,87.283531,5.3520994
39633216595823242,0.06406072897,9.7843332,88.676949,2.9859388
39627922876665897,0.2407741455,10.035479,78.959671,3.0337052
39633148304166251,0.1434242244,9.5759163,409.54352,4.2876029
39627769717461116,0.03950007206,8.7254944,299.5675,4.0277367
39628421470355756,0.4065171499,10.728432,100.15322,3.6229386
39628494036010453,0.2913597825,10.130716,94.517479,4.0266271
39627847475660904,0.1295252713,9.2196531,322.95322,3.3003941
39627648422381226,0.1991681144,9.9556932,129.7364,3.9077194
39628466286502544,0.1544157326,9.6877251,79.789177,3.1864522
39627733923270382,0.3043231121,10.071688,38.911083,3.702225
39627591765723659,0.2370149279,10.473394,63.175014,4.574255
39628335847836973,0.2112993935,9.6445999,48.833958,4.2900004
39633507005237249,0.2102133833,10.226292,79.637848,5.6443701
39628287244240955,0.1177628076,9.2385283,144.26833,3.0982137
39628279677715394,0.1951125399,9.8332882,59.491573,4.2706008
39628059195739207,0.1896616495,10.599886,219.50366,5.6942067
39627721340358681,0.112147842,9.1754942,148.99362,3.5746751
39627738910299875,0.1356037652,9.5507975,111.45972,3.0721724
39633200464528569,0.3037724358,10.042093,50.895355,4.3752098
39627642206422006,0.1915373698,9.6404476,99.821838,3.3397248
39627616520509109,0.3020823406,10.016396,75.563316,6.5307984
39627732761444444,0.2312993045,9.5431128,148.2099,3.1305358
39628485672571290,0.1793628167,9.7953234,64.362244,3.6732724
39633130763584763,0.3175056274,10.393723,49.886978,3.4887149
39633228822219659,0.03612569857,10.504114,404.1152,5.5602975
39627815380848353,0.2283512995,9.9122896,57.677406,3.0207455
39632976492889819,0.3773856252,10.242422,71.217705,4.9095368
39627945123252844,0.1159390826,9.6140175,391.41705,3.8855314
39628512449004920,0.2770782686,9.7936153,83.012604,3.2740545
39628443301707978,0.2912286597,10.287693,73.659439,4.7608662
39636436009358981,0.1956602997,9.5535402,66.75174,3.967474
39627764533298384,0.06157406583,9.0237055,59.958084,2.8684568
39627696577187430,0.2136909837,9.9107456,110.41087,3.1218541
39627684992519080,0.3829601192,10.06587,83.022293,3.8042014
39628209150493045,0.1881645778,10.4773,150.71558,4.9353704
39627811605972752,0.09830441534,8.997591,104.24354,3.8423977
39627785290913268,0.3656886717,10.602665,67.700775,4.9514017
39627815255015478,0.04378498675,9.4390774,55.002743,3.317754
39628119518222003,0.2957545369,10.756598,308.15088,5.0872736
39633297210345453,0.2149340151,9.9888096,99.628662,3.9208617
39627643728958711,0.1105991905,9.7782488,148.40924,6.2961907
39627625194324764,0.08762259631,8.0721025,79.248535,2.8599999
39628406396028247,0.1436320607,9.28866,318.7037,3.1293392
39628448859161640,0.06634669392,8.8784313,126.78069,3.4891815
39627847932838633,0.05769904063,8.4830379,41.874268,2.8995078
39628477976023628,0.2411435681,9.82621,96.248482,3.6963191
39633407797364128,0.2336426364,9.7045908,42.243076,3.0492589
39627806816078573,0.119702169,9.2973509,53.343266,3.4208536
39633386880368878,0.1413376601,8.953104,82.047768,3.1467299
39627678587814189,0.4057713739,10.776536,164.95387,4.541656
39633006297616277,0.242715629,9.6538267,33.043598,4.3125434
39628476566735776,0.2860913579,9.9017935,42.182102,3.0851624
39627760464827488,0.2810352476,9.8675604,87.01825,3.5085959
39627743373037158,0.3050234063,9.7645073,46.051262,3.9486928
39633152888538302,0.08580345008,8.9549875,66.820663,2.8599999
39633362473714340,0.2300477324,9.842226,41.062225,3.9213893
39628324674210029,0.1964742191,9.7491398,173.17572,3.8905494
39627957504836437,0.2063552631,9.9523077,132.77852,4.5642877
39627833395386621,0.05977481246,9.0054102,79.672432,3.3752444
39633091915942004,0.08161913119,9.3312054,238.20822,4.0633178
39628363756737722,0.1260180224,9.8140669,97.083412,6.1389422
39628051729879157,0.2332627948,9.6642323,57.540573,3.0539138
39627902358127377,0.2522176029,10.115001,165.19936,4.3199906
39628029365849895,0.1108073381,9.5807409,121.13424,3.7102449
39633485303907220,0.237582565,10.941235,175.23375,4.1609735
39633023892720056,0.09612477679,9.9145412,77.896355,3.9012396
39628433541565100,0.03849649264,11.266498,1345.8582,6.6129975
39627821324174644,0.2197149138,10.114509,154.31081,4.9673967
39627415646899012,0.1513425496,9.4723883,172.02452,3.7032025
39627600691202900,0.1932759971,9.8690348,133.97917,3.2146382
39633010961681475,0.1255409174,9.4785213,126.12966,3.899374
39632990812245690,0.1336335733,9.6254854,74.716217,3.8364453
39627994955779679,0.1491010111,9.1675816,47.209904,3.0774059
39627794623235639,0.08187306944,9.1099176,84.02919,3.4313927
39628502156183682,0.286746253,10.46994,181.49013,4.4200292
39633021199975367,0.1974042876,9.586278,88.443008,3.6819241
39627702474378516,0.23251472,9.9858494,81.5802,3.1488223
39627831193372652,0.2583086998,9.8471775,211.371,3.6959848
39627803418698871,0.1813804435,9.1532955,774.82471,3.3682652
39627667355470164,0.2017099328,10.127811,82.718758,3.8877876
39627751019250850,0.2234858015,9.730134,86.846222,4.8650932
39633487417838286,0.1247049869,9.793498,104.60063,3.4159439
39627647147312449,0.2273006686,10.378319,218.47729,4.9487538
39627902844670358,0.324123968,10.107728,62.832653,5.2194948
39627750763401674,0.2914768731,9.9593706,107.87725,4.3651056
39627820464342636,0.2200150893,10.045525,73.046333,3.3701112
39633053059909538,0.03101136437,8.8809586,163.75108,2.948673
39633244349533451,0.304284589,10.420397,101.28689,4.687119
39627727556314924,0.08975864966,9.5632734,88.022575,3.0844779
39633132512612924,0.1257595517,9.9443932,93.148254,4.6977181
39627869617396793,0.2283887701,10.002558,165.28395,4.4213662
39627582294983688,0.1505836417,9.4403305,68.07962,3.9434581
39627882087056542,0.2594156141,10.694853,136.25578,4.0272479
39627886885340379,0.2698822328,9.924654,49.678104,3.4803007
39627467610135181,0.3213361096,10.784046,161.07295,5.069283
39627939347698805,0.05152806313,10.058449,166.04027,3.6943915
39627948172509463,0.2934951214,9.6562252,150.3461,3.423492
39633025599799990,0.1806117802,10.025061,179.49019,4.115912
39628483227290361,0.2279910747,9.5000334,169.45024,3.7144747
39627654617370439,0.02816093582,7.803452,70.638618,2.8599999
39627950722649089,0.1697991118,10.369961,166.94864,3.7946086
39627619217442783,0.1684196452,9.70959,226.11432,3.5737691
39627683130248730,0.2192974686,9.50844,54.972618,4.1491275
39627985652811458,0.1435333452,9.3288307,184.67984,3.2687285
39627869684502320,0.3407307157,10.605925,118.17697,5.1937394
39627558827855166,0.2335442317,10.553887,210.28839,4.8166556
39633078116683478,0.3280653892,9.9099579,49.08115,3.3857334
39628268558620306,0.1598111799,9.6396675,101.7494,3.4630685
39633359726447034,0.06860751337,9.3850088,140.73488,3.3382547
39632965730305961,0.1132199207,9.1593189,57.77198,3.2248433
39628135653706585,0.1315739536,10.06445,100.25769,5.3853464
39627965843112317,0.1137095183,9.5388393,274.89084,4.6144376
39627884574281922,0.2462966735,10.623732,365.14859,5.886549
39627711655711383,0.3648805671,10.436477,100.67162,3.3305075
39633510985631092,0.1397340334,9.1009588,176.00253,3.4737635
39627892606378257,0.2177091636,10.421699,62.315193,4.541822
39632946528784066,0.1246317116,9.0945482,73.777351,3.3293977
39627780912054724,0.04089842577,8.9829931,794.29633,3.305583
39627550867070266,0.1900416244,9.804698,90.511322,3.6411841
39627702512125201,0.2740702277,10.171295,47.622791,2.8599999
39632951654221812,0.4265881595,9.6400175,197.37308,3.7027137
39627648594348833,0.4314531393,10.568402,134.71535,4.7938967
39627715858402185,0.1015962402,9.3637609,107.51545,3.0840178
39628457260351577,0.215184344,9.7368574,80.804825,3.0324566
39627753875574679,0.06311625021,9.1545115,193.06224,3.0097759
39633152519439837,0.1536240663,9.1677961,59.247963,3.2570198
39628216717020607,0.1242601594,9.0939074,68.635445,3.6295125
39633278566664308,0.06338964082,9.1585999,151.99869,4.0969634
39633216755204452,0.2321934239,9.8832016,96.543526,4.6605706
39627763874793569,0.2362466501,9.6993618,61.354889,3.3121083
39627570852922654,0.03557724503,8.2310972,102.05668,2.8599999
39627811849243482,0.1916503308,9.3618069,94.139984,3.9874718
39628390973577180,0.3270232623,10.372038,131.50151,4.7246013
39628112119469011,0.1541670428,9.566123,66.613174,3.0935719
39628076706960904,0.3063291025,10.586649,75.370682,4.8363161
39628025670666463,0.1108010594,9.0871544,89.796577,2.8599999
39628118322845079,0.09689565748,8.5448284,67.794899,3.2376144
39627597922960630,0.2486250266,9.8857212,36.077503,3.9450393
39633471794056925,0.1192529661,8.7849016,69.064507,3.0633671
39628368341108691,0.2272236059,10.085,134.1216,4.4312234
39628425534639554,0.3911124784,10.015091,48.278488,3.4898095
39633476764303395,0.07968509105,9.1385012,93.652634,3.3364308
39632941386564321,0.188266885,10.934948,96.638664,4.4320107
39628042653402216,0.1559507601,9.4348602,75.162773,3.15137
39628441045174549,0.1990327907,10.816432,99.302483,4.2781973
39633343137973135,0.24300916,9.7053165,37.987156,3.0643601
39628283351927287,0.1511507404,9.7761402,91.477585,4.5149989
39627901573797293,0.063148327,8.769206,372.9856,3.3303859
39633224070073033,0.1976127024,9.7432098,146.92276,3.4878135
39627806031742684,0.07779351438,9.3756733,235.56148,3.9846766
39632966594332835,0.2079645163,9.5207109,113.43697,3.5437534
39627890937041659,0.1313245402,9.1566019,179.21013,3.0380256
39627881101394769,0.06437014786,9.0391111,839.84039,2.995389
39627836205568725,0.4082307623,10.355828,101.06254,5.1718993
39627933559556838,0.2891057185,10.284405,44.98476,5.500937
39627774830317367,0.2152045895,10.08643,132.96797,4.1117234
39627788625384053,0.08758411085,9.450696,168.13081,4.4222755
39628496053473568,0.1333010667,9.9135418,377.02563,3.9398263
39633476693001870,0.1441950704,9.3361454,109.47705,3.5303397
39627761463068654,0.1065167131,9.4207458,113.027,3.5925078
39627797479558712,0.1318343053,9.2908878,141.21271,3.1137452
39628460070535614,0.2785311172,10.044119,49.92284,5.7663078
39627897228493308,0.4100478099,9.9751177,61.668392,3.7442789
39633516765382230,0.2691562139,10.12628,84.3927,3.6025014
39627702981891672,0.1151186754,9.5761776,289.78329,3.6315663
39627397921767925,0.1112095035,10.486584,79.839554,4.1187644
39627896217666163,0.07602834726,9.4395123,508.18268,4.0717983
39633063398870651,0.1389439654,9.6455154,86.662689,3.5398979
39633212833530228,0.2022747368,10.760152,274.31473,5.0992484
39628417884227509,0.09580539836,9.0948839,189.15971,3.8913965
39627848012534040,0.07655780093,8.7607508,191.84865,3.4079602
39627787694246293,0.2151167655,9.347744,99.499054,3.2210784
39627994821560539,0.1349086972,9.6708374,332.40451,3.1553152
39627702709258511,0.3037870955,10.830079,94.706009,4.1662869
39633483231924194,0.2661702151,10.427399,251.16025,3.7844379
39627913728887662,0.06666684343,10.246717,901.2627,4.3083081
39627774842900327,0.1534190103,9.9884262,206.99333,3.8676038
39627956259127642,0.08128621505,8.9772053,128.55261,3.2227511
39633328046867497,0.1992043519,9.6620293,101.41399,4.3641253
39628330286187229,0.08819866912,8.6154804,91.318748,4.1938567
39633278856070646,0.2354656797,9.946455,83.230713,3.8783157
39628502093271123,0.1900133528,9.8844738,172.35518,3.7501609
39633369134269827,0.383510103,10.239746,142.35226,4.3498783
39628517524115047,0.07858148626,8.6293173,67.963333,3.6166103
39627550514744595,0.1544047576,9.3986559,65.065094,5.0091205
39633224510472819,0.1538342801,9.8451557,164.58084,4.405755
39633153865812465,0.2054348714,10.315691,63.066738,3.9022453
39628502646917175,0.06220973213,9.7189054,189.49301,3.0130658
39627805947857435,0.03333487884,8.0480251,90.67363,2.9785178
39633131854104912,0.3919576696,10.537114,204.36395,5.394217
39627634581177068,0.3030548798,9.8704653,130.15318,3.6501451
39627797982871615,0.1931564494,10.166331,76.252342,3.4587893
39627869428653523,0.0141244066,8.458622,1343.8359,2.8779211
39633421470794073,0.1561347435,9.8949842,52.366882,2.9399436
39633209197069321,0.05454551195,8.2357807,258.37802,2.8599999
39627796384848654,0.4059098297,10.441204,116.61241,4.3010626
39628129651659051,0.07379911167,9.3812923,112.97984,3.0700905
39627927112914039,0.02569148271,8.1959162,98.772987,2.8995283
39633494422326219,0.259792493,10.287911,86.245705,4.0007606
39627951020446046,0.08111772817,8.8077316,70.192116,2.8814051
39627887858423094,0.2199992389,10.256189,67.924202,3.4856496
39633243661666726,0.09417628899,9.0812922,100.40792,2.8723409
39627374173622817,0.208115968,9.9626179,45.387684,3.9084897
39633365921434291,0.1296892102,10.459009,80.470856,5.3702874
39627863552433938,0.2421910402,9.5298691,72.662659,3.7707016
39627627887068034,0.2674598823,9.503479,42.389687,3.3217504
39633212577677475,0.07091070376,8.8459949,59.165375,2.8599999
39627818539160216,0.1483715398,9.7100363,677.71796,3.2310731
39633278793156962,0.05632014464,9.2626905,348.67361,2.8599999
39633077277821118,0.2353820964,9.3741035,108.07992,3.0373755
39633216402883582,0.2087744648,9.6869965,45.628693,3.8307147
39628052841369667,0.3498302541,10.163404,69.329552,4.2594895
39633059288451676,0.2204737012,10.291495,56.482815,3.9663556
39627988723043191,0.09400184849,9.2536106,101.2712,3.49335
39628046717684916,0.3370689977,10.757388,97.566505,5.5399699
39627937942605247,0.3656548513,10.790526,53.660069,4.5103674
39627985522791326,0.1744338112,9.6755886,67.229485,2.8599999
39628028724119820,0.2347279952,9.5652256,46.797306,3.8392107
39633066653647036,0.3460992716,10.17339,75.675934,3.6906705
39633345650362934,0.3532421583,10.184401,77.736465,4.0415134
39627921702261102,0.1386336098,10.352423,213.30319,3.9749467
39628135104254481,0.07679164358,8.9591684,151.34464,3.2916164
39627708887467151,0.2750224051,9.6442547,70.059433,3.2579355
39627897626955608,0.2780906872,9.5895386,76.741074,3.0624728
39628130113037593,0.05091083717,9.1662235,78.659325,2.8599999
39628147502614286,0.06782756789,8.0451183,49.193874,3.2384534
39627703095132299,0.05223029974,9.9951935,322.1937,3.5075028
39632991999236039,0.1517277669,9.3335991,96.148369,3.1828568
39633278835098923,0.1347585089,9.8863964,97.11248,3.8412876
39627793939566549,0.1786613181,9.2841501,66.218834,3.626827
39633290176496600,0.3005122221,10.237351,309.91357,3.7403355
39633208748282134,0.2657892583,9.6935797,127.45451,3.3556168
39627776428345017,0.2724786237,10.378741,91.052185,3.9043648
39632966497864082,0.102177427,9.3761406,78.578003,3.4938745
39628392210893161,0.2213930177,10.946725,187.87645,5.1801553
39633043538839750,0.1512770567,9.5448895,147.7847,3.5320473
39628166993546344,0.1717795044,9.4012785,71.557625,3.3534553
39633039055130135,0.3069947898,10.224461,67.676003,4.883914
39632999616090672,0.1240773957,9.5018606,313.28497,3.283114
39627905726154166,0.2097744962,9.698185,161.23151,3.4791062
39627891092229800,0.06802811088,9.2559471,56.204868,3.5333452
39627820246241473,0.206098776,9.8108625,65.658463,4.6217809
39627742966188628,0.2487951879,10.111649,81.68103,3.7072253
39633481726165063,0.4872287873,10.581482,67.946686,4.467154
39628021879015016,0.4051484786,10.239167,53.460548,3.8160648
39627999070391855,0.0924918123,9.1040592,292.10263,3.2865424
39627685047045306,0.1040401639,10.888926,104.5222,4.3021569
39627515609745778,0.3017189545,10.209479,31.814083,4.7797761
39627660514562053,0.2081808852,9.6630239,58.430695,3.9598184
39633296858023267,0.2150474279,9.2888155,56.474274,4.016458
39633187705456969,0.06639491344,9.7186413,124.81733,3.8580799
39633267585976323,0.2831626979,9.92348,79.512253,4.8858767
39627749635132717,0.2681801017,9.6161356,47.693306,3.3049474
39627749572216854,0.2188892339,8.9725637,143.29399,3.0816483
39633068738218136,0.2964326496,9.9560165,51.677586,4.5989895
39628357981176441,0.2602337456,9.8353214,59.538799,3.4338102
39633110035334093,0.2258498576,9.5815792,33.859741,4.1037078
39627763132402847,0.3377996867,10.14244,62.526863,4.4395204
39627737006085271,0.255291406,10.35041,114.36656,5.1232834
39627677174333717,0.2066659511,10.112316,128.35951,5.2905569
39627769021205888,0.09649352978,9.6210451,95.143112,4.3449087
39627785274133878,0.386340948,10.729395,89.407784,4.0792384
39628007794542745,0.2109508725,10.11853,110.09176,3.5583336
39627781469900375,0.06740218565,8.3767433,166.35669,3.0880904
39627570982948056,0.2610778815,10.391197,65.859917,3.9386413
39628504022651600,0.2021619972,9.9677553,54.904972,4.3284302
39633418627057349,0.1236107819,8.9873905,70.238373,3.5266836
39628313827743922,0.4514380269,10.227804,148.19225,3.451843
39633395436753253,0.07787679351,8.5333805,128.03975,3.1472721
39632986592774191,0.06999554491,8.8810835,272.78802,3.5771284
39627836687910751,0.2902727002,10.07855,108.06597,3.9931829
39628497471147069,0.2050212581,9.4474421,216.8958,3.7125752
39627830463562659,0.2623794893,9.847023,73.043549,4.0626817
39627667753933060,0.1460296294,9.6918383,80.574799,3.4473112
39633225387084802,0.2351658223,9.877986,85.163063,4.5841961
39627745445021146,0.143760715,9.5382071,75.33902,3.1273735
39633335403678390,0.06646804526,9.8083363,264.13882,4.8146605
39627721466188362,0.1858090732,9.7239046,75.441895,3.0252368
39627812226733149,0.07735931612,8.7567291,210.11659,2.8599999
39628100413166524,0.2401861874,9.889616,77.560913,3.138659
39633416844477081,0.2292202279,10.099944,67.067871,4.5906606
39627679669948794,0.03966063106,8.7563,301.53152,3.5922494
39628463992214857,0.06388336142,9.4295435,106.3251,2.9796693
39628010634089904,0.2981002181,10.450971,84.753456,4.206109
39627803183811218,0.175483895,9.340497,121.48444,3.7303281
39633053714220016,0.2934089782,10.695802,69.701683,4.1853967
39633094440911265,0.07806238719,9.0074492,45.632423,3.0444226
39627802097486247,0.2491807696,9.3911772,207.16524,3.7481451
39627790961607080,0.1240917977,9.0801983,67.500977,3.5852492
39628524818006639,0.2811204375,9.8342981,31.544361,3.7456799
39627977100625258,0.3198430665,9.543251,138.24953,3.463346
39628036504553974,0.3258817725,9.6761856,46.093479,2.8599999
39627947631447180,0.05745095514,9.5225563,66.328697,3.0514727
39627625357902180,0.2846997205,10.219643,182.77682,4.3668423
39633072697642507,0.1038347203,9.460495,153.75809,3.4978137
39628454412421546,0.05602307869,8.9718781,210.63953,3.5035889
39627998994895096,0.15759308,9.407959,68.422943,3.2345927
39633158576017018,0.08055119798,9.208786,214.67033,3.4713371
39633221276668422,0.04711411213,7.9112797,157.95592,3.238265
39628285562323524,0.276432154,10.310558,79.50367,4.183887
39628512809714837,0.2484481984,10.013909,84.352341,4.169817
39627666814404882,0.2038833162,9.6046734,50.141487,5.0900474
39628263970049954,0.3861507003,10.048223,138.46498,4.1049194
39633071925890233,0.1382315077,9.234416,161.76604,2.9249921
39632951159292711,0.1855799524,10.487145,390.12515,4.8149905
39633001432223715,0.433801269,9.0099268,177.16739,3.2549133
39627775946002028,0.3034430739,10.015584,51.644604,4.9538298
39628324917478126,0.08669985102,9.2230396,80.261536,2.8599999
39628490978363906,0.07134591603,9.1612854,73.669281,3.0766284
39633260166253806,0.3344561745,10.907605,197.11143,6.1341462
39627564712466285,0.09425242564,9.408143,44.404446,3.1483593
39632946570723721,0.2904076754,9.8928947,60.441692,3.4421318
39628057438325943,0.1276308321,9.5658865,494.83237,4.9563408
39633389904464490,0.2081503956,9.2164879,45.798382,3.5265124
39627769788761939,0.09085852578,9.2853975,54.267002,2.8599999
39628178636932166,0.1717046278,9.6437426,110.9195,3.2741947
39627848029307926,0.04956148839,9.5577421,534.5517,4.1278849
39627862453520477,0.3246356199,9.8507347,80.915344,4.280292
39632976643884972,0.07069996857,8.786871,39.870064,3.5077662
39628016669688489,0.05424574426,8.8469076,486.62448,3.1800539
39627768949901390,0.2149774579,9.8712816,45.250595,4.5206089
39627850474589970,0.1360582474,9.566803,67.463303,4.0472345
39633283247508125,0.2363453294,10.720704,255.63486,5.5852971
39628006993433211,0.291504207,10.100533,78.757027,4.1915274
39627672891951468,0.0290554319,9.5064096,101.43048,4.1357298
39628072906916089,0.0900704396,9.125699,55.548561,3.1546066
39628119505634140,0.140096288,9.7119474,111.39944,4.1151624
39627996004355441,0.2233888532,10.421884,96.933876,3.3799846
39633170865324607,0.08857508598,8.6895285,96.147049,3.0639651
39627702596013902,0.07153511393,9.9383564,372.7442,4.6117678
39633236116112216,0.2128592902,9.4714165,74.316963,3.1443353
39627923224791380,0.2610409857,9.8876524,63.522968,4.7340498
39627835794524218,0.1575699568,9.5197468,199.13168,3.24664
39627794610654754,0.1228830856,9.826129,116.04001,3.4607325
39633240134256692,0.09193567603,9.9902592,95.389359,4.2103
39627752344651360,0.1192475274,9.3381643,89.731606,2.8599999
39633335277847221,0.1522040575,10.079419,188.65758,3.2018416
39627666516607853,0.15754754,10.653798,74.77916,6.5310955
39628387651685732,0.03148737276,9.3472128,96.112701,2.8599999
39627666944427312,0.1199282236,9.7805223,150.58456,3.9877498
39627962147936752,0.2368595236,10.617459,206.16266,4.7761745
39636521615102421,0.3316578482,10.060855,61.396461,4.2913427
39627873186746447,0.292315459,10.422678,112.50071,5.4118614
39633532254945480,0.2575946561,10.341238,48.966915,5.2456713
39628142733695792,0.2298641873,10.426421,50.088074,4.5524945
39628188380302234,0.414446591,10.583755,46.43185,2.8599999
39627853989414309,0.3004236653,9.7008429,295.69092,3.7122369
39633384892269827,0.3106025859,10.237852,38.123238,4.750206
39627939007958533,0.340441425,11.08014,56.391872,4.0893512
39633131703108296,0.1218033839,10.328095,380.02667,4.8744345
39633143665265932,0.1964691404,9.6621952,133.22131,3.9017611
39628094843128443,0.2330830662,9.7520542,71.708984,3.904583
39627721449410925,0.2818604502,10.318632,56.502865,3.748518
39632971799462610,0.05932213383,8.7377176,530.23584,3.1127126
39633239974872183,0.1428967841,9.9239416,127.4038,4.2877507
39633167094649300,0.2018481013,9.7035894,91.868073,4.2131519
39633126414094239,0.3044569769,10.553206,166.57593,4.5971966
39633487388477692,0.03976774478,8.2660208,36.681507,2.8599999
39627587147793512,0.1308295759,9.4302549,53.661121,3.0021946
39628099033238488,0.1970571406,10.024817,191.47607,3.8263664
39632951591305818,0.08024296916,9.6272707,52.196411,2.8599999
39627599026066618,0.4147613389,11.071246,86.763664,4.7820778
39628281955224055,0.1589287319,8.7652617,145.64017,2.8599999
39628195971991064,0.07832052913,9.3416719,177.33185,3.0202549
39633086907943330,0.3943524704,9.6807795,316.64444,3.6172523
39633014224850705,0.3706950416,10.525541,75.135078,3.6569402
39627811077489964,0.1552349977,9.4969435,156.27895,2.8599999
39628263957467650,0.1757790213,10.016733,377.90112,5.0314293
39628030733194018,0.2136429607,9.6869001,210.94524,3.4044421
39627968963675508,0.3084106699,10.008309,116.62804,4.5655036
39633174703113227,0.1500341615,9.7140942,123.23351,3.4121354
39633209197071372,0.1055696079,9.1283846,81.320564,3.0959823
39632986362088513,0.2446534525,10.535652,154.76489,3.6889427
39627968284198438,0.0838402181,8.9306469,56.295033,2.9496181
39633296891578429,0.1068008425,9.8825474,350.26044,4.2056975
39633401774343566,0.2504438887,9.6659985,109.3482,3.6874845
39627658987831496,0.3125896641,10.068989,84.415955,6.3202291
39628354101445106,0.09561758738,9.2169123,42.655621,3.8764977
39628296752727791,0.04221480067,8.7009268,1023.8932,3.2296522
39627910792877079,0.1997664395,9.6452188,197.57048,3.4387493
39627657255583909,0.1531003002,9.744009,163.02892,3.9655426
39627612439447416,0.1377066483,8.8553762,150.67885,3.1256075
39628527577858931,0.180348612,9.5399284,55.579556,4.5247865
39628446116088905,0.4517866719,10.596279,77.539818,3.3431485
39628087251436568,0.03994927724,8.8494081,392.05222,3.7641695
39627968800097872,0.02882057992,7.4002218,190.55727,2.8599999
39627830669084416,0.1874244766,9.7901278,258.00821,3.8081877
39627794317051766,0.1727791226,9.7227421,66.029839,4.0511203
39633118960813425,0.2834513566,10.395975,68.786331,4.3656845
39627749043740335,0.172736974,9.3899956,212.51561,3.2271545
39627829721171680,0.1192152229,9.4222612,73.534294,3.3349748
39627634539238468,0.04236240954,8.3672266,160.52933,3.3331249
39628010558591872,0.1065164807,9.8022051,42.283535,3.8216033
39633063616974700,0.3231703932,10.426702,185.16864,4.8195086
39633233272375927,0.3956362262,10.437685,250.01738,4.1929941
39627788046567026,0.06397710256,9.9125443,85.964951,4.5551672
39628267740727839,0.06879846825,9.1049128,272.36938,3.6774681
39627749115040034,0.07637895297,9.9571676,207.42986,3.6697233
39628417821314071,0.08722235928,8.9711809,57.205219,3.0513053
39627883953523437,0.2485120516,9.8198614,58.18557,3.3268411
39627744794908072,0.3431568085,10.60778,61.630268,4.625926
39627409804233501,0.1225075586,9.791378,197.57219,4.2157545
39627724918101210,0.220266318,9.9888802,210.48936,4.0837145
39628001817657365,0.2455245764,9.6237307,69.673798,3.2869685
39632956188265598,0.02390685232,9.0523062,733.54773,3.1356478
39633148044117198,0.1200699887,9.7968264,106.41665,4.6629939
39627648816648054,0.1509861357,9.7633438,35.267178,3.8323803
39627757453313856,0.3501625449,10.616974,53.85046,2.8599999
39628129752319427,0.1335777682,11.168037,338.70239,6.1563611
39627951171441594,0.05014485561,9.6101513,74.513367,2.8599999
39633224820852855,0.2785402883,10.138642,119.53094,4.3083162
39633501607167831,0.02332999315,8.3434677,113.60985,3.601757
39627653132585121,0.2113945197,9.6808138,37.258053,2.8599999
39628015579170275,0.2356267406,10.027593,170.28893,4.4237862
39633421282053431,0.1566720261,9.3024607,48.280872,3.1437461
39628010592144178,0.2343448081,10.242228,94.420464,4.0780993
39632956536391787,0.09972114357,9.4324751,64.37294,3.2079897
39627690881321210,0.1823349832,9.8671122,94.952316,2.8599999
39627784712101327,0.1785100297,9.1493559,226.74416,3.2240064
39628182487306735,0.07629098295,9.4965401,115.73345,3.9712839
39628170781002074,0.3162698358,10.804013,96.982315,6.6940675
39627491622520144,0.2782869426,9.8097906,55.029442,3.8066175
39633166469696099,0.3239569418,9.9601908,49.358276,3.446357
39628046902234463,0.4462207826,10.577973,125.11938,3.1786435
39633481067659477,0.1446058919,10.364249,118.29917,4.4541116
39628323529164154,0.08163471292,10.180314,48.532986,8.8119974
39627688117277839,0.03822300677,8.4120359,88.706741,4.0519261
39627688989692004,0.3103858819,10.174145,47.786667,3.3085339
39632981765131062,0.06043225598,10.04301,735.27063,4.0380535
39628291090419940,0.3403265945,10.339916,112.0699,5.211832
39628131543288044,0.4024008589,11.183784,165.69368,5.8260312
39628254981657461,0.4630919305,10.534444,63.645016,4.1124649
39628099469446975,0.08440415331,8.9292965,93.793152,3.2780373
39633369302043593,0.1264424908,9.0896692,95.316322,2.9421222
39627784514967845,0.2908051105,10.081121,67.411736,3.4560411
39628486989578558,0.3735661406,10.689031,31.902771,3.8455989
39627848553595751,0.3869667435,10.019277,100.84638,3.8068845
39627665149267472,0.1299671329,9.7552872,62.462509,3.7545245
39627910797072281,0.2379610765,10.5969,50.560421,3.0373833
39628324359639394,0.2472732791,9.8643723,78.646606,3.3428628
39633006528301224,0.2378283431,9.8642139,445.27356,3.125566
39627616994461508,0.2152013051,9.8233252,71.857986,3.1148374
39633233423374426,0.07197501594,9.0916061,523.88696,2.9033234
39627681318310795,0.06877429753,8.4578161,47.572533,3.0135679
39633014782689570,0.1865072193,9.6112556,113.13641,3.6062608
39633114099616977,0.1360888038,9.5708733,66.414818,3.2772136
39628087679257554,0.09346353798,10.366003,278.62564,5.3378005
39627909014488566,0.09366610791,8.763648,68.750244,2.9822183
39627766231992524,0.4306285594,10.055343,71.183327,3.7504225
39627438308728591,0.1013333088,9.3196783,34.005749,3.6464241
39627993454218890,0.06688585312,8.2889853,287.33914,2.9731009
39627497289023585,0.1948864033,9.4538345,69.172943,4.048934
39633162220864226,0.2024990253,10.820225,83.786171,3.3279221
39628507814299183,0.3741428266,10.047979,64.629311,3.8093884
39627904811796863,0.03899007031,8.6500416,124.35854,2.8599999
39628514189644739,0.2478200913,10.976905,136.36423,5.7916155
39633248300566697,0.1746571618,10.315843,143.54016,3.6677809
39628070084154133,0.246806531,10.262465,178.67665,3.8975263
39632996583604949,0.06044227607,9.0857525,47.074875,2.9268765
39628106373270730,0.198079967,9.6898079,50.504715,3.714133
39633441188217603,0.2352949364,10.138923,36.462887,3.1163919
39627821148018354,0.1703554532,9.740962,425.46881,3.3615422
39628346870465280,0.4099985735,10.116708,102.85507,3.7147083
39628441099698280,0.2034053929,9.6169882,99.0411,4.0775166
39633123499049949,0.2770043515,10.157761,49.677502,3.7518089
39633412868280707,0.0619644695,9.1245556,218.75929,3.6452947
39627986978212069,0.2888071119,10.089835,87.164268,4.0503931
39627851036625718,0.02927955059,6.7522745,3355.2693,3.0708601
39628374343158156,0.1485861195,10.031645,168.52887,4.4338417
39633196131813156,0.06977745576,9.6368666,268.52243,3.199264
39627670098544650,0.07474869452,9.9229393,334.58591,3.0981064
39628257020088377,0.2306666869,10.006588,55.369797,3.4873013
39627673835671209,0.1364362746,9.6897316,161.93561,4.208952
39628124249394501,0.2645050443,10.091767,222.11473,4.0070324
39627513923638072,0.1130195335,10.139249,85.02858,3.7104445
39633481034105704,0.1731638136,9.4404507,76.331474,3.2569034
39627625366295436,0.311962887,9.7130375,360.84732,3.7693682
39628405246790615,0.08025105319,9.2162695,86.138893,3.422013
39633080608097610,0.1464182835,9.6853094,100.49879,4.0355592
39637295594209871,0.1432599678,10.131597,77.541313,3.4292929
39633114451937778,0.1931023048,9.8799391,77.755173,5.7350497
39633053932325918,0.1176666865,10.060904,85.168533,6.6524391
39628523127706826,0.2901251119,11.430358,182.36909,7.9843011
39633278566664830,0.08221711125,10.121114,90.114967,4.2133508
39633130981689034,0.2531072665,10.126827,114.34742,3.601177
39628302209516749,0.3013612021,10.296644,43.04007,3.8040745
39627770367577348,0.3953176488,10.715522,101.8723,4.8490601
39627694014467611,0.2335370999,10.133424,123.55396,4.2670417
39633469579461557,0.2404283641,9.7768536,51.397331,3.5805676
39633338427770043,0.3994903173,10.32088,74.826736,3.531055
39627962730939494,0.2603955292,10.572471,119.97803,4.8463087
39627874822521007,0.138383423,9.2923985,56.844604,3.6451094
39633260111726674,0.4651160177,10.819662,67.704147,6.61905
39633544540061917,0.2351189657,10.187665,84.244896,4.7544303
39627917159825971,0.1568477805,10.496514,374.25021,4.4150577
39628058080054338,0.3196838309,10.911211,94.897537,5.2895508
39633113977981054,0.3296212365,10.534685,147.68983,5.4707284
39628480450660839,0.2502143898,9.6757488,112.84972,3.1395822
39627805784278021,0.07459956528,10.064198,768.31024,3.8778012
39633384665780534,0.1085976435,10.196014,431.77246,4.2732534
39627989478018763,0.2341427266,9.8771725,34.709309,3.4032762
39628480362579092,0.2328894205,10.537352,150.20389,4.0906677
39627889804576167,0.1555696308,9.3877802,82.984314,2.8599999
39627697143418702,0.2404868381,10.143019,74.861427,4.6061697
39628122068354426,0.05416743189,10.03192,661.64172,4.8825173
39633149377906425,0.3506487619,10.072721,42.826118,4.8297286
39633179396541644,0.1735268223,9.8523664,57.987946,3.5565128
39627667326109996,0.08334018175,10.067839,1153.2664,3.6877632
39627661328255344,0.04719023482,7.3806129,984.78735,2.9007435
39627697302798883,0.125558931,8.8900805,61.424274,2.8599999
39633437430123733,0.2725411011,9.4321833,238.08966,2.9497085
39627599097368048,0.3223046923,10.188046,66.758972,4.4895835
39633424696216192,0.09992052207,10.07363,79.928772,4.1789937
39633014921101712,0.1411621905,9.61625,156.71768,3.6183715
39633453758546445,0.3682961093,10.808687,61.743816,4.7628617
39628239781496250,0.3591067487,10.361029,177.08414,5.8746681
39633450428270079,0.1695104582,9.1903,33.91172,3.0539877
39628121917359689,0.04408087422,7.2701297,460.1348,3.006155
39628440621548401,0.199110632,10.293708,235.20596,4.4391227
39627886533021998,0.1181334396,10.819756,239.31197,4.7586484
39627562829222857,0.1351184854,9.7070894,270.89944,3.8319819
39633113705353231,0.002180792362,7.4005413,171.55005,3.5525801
39633307679329104,0.1067580864,10.685206,198.49556,4.15271
39633331897238636,0.3126145344,10.832303,104.19359,5.7901802
39628498637161068,0.1917091579,9.8778753,101.38389,3.6018088
39633369197184557,0.3876956303,10.576165,65.898735,4.2310367
39627914995564726,0.2814789922,10.101021,76.685745,4.2489815
39627671155510560,0.1171454148,10.182869,189.39868,3.4406402
39627969471189391,0.0723904538,8.8650312,60.381233,4.1154423
39628029260991685,0.1126214179,9.4908037,143.01662,4.1321845
39628104355811343,0.1884446314,9.7134037,90.272072,3.3515601
39637077574290798,0.3196129736,9.9004574,89.14959,3.4190793
39627939398025807,0.1791312515,9.4213276,139.47911,3.329514
39633433445532803,0.2024130146,9.7699051,86.81118,3.4066443
39627908813163234,0.1184430951,9.1928167,98.828278,3.0987923
39627838378221543,0.2574521007,9.9051838,96.269585,4.1106496
39627820653087274,0.2878648312,10.147511,52.81913,3.2163358
39627784875672259,0.308239862,10.317036,151.16805,3.9226172
39627646404921576,0.2172147362,9.7166786,40.850544,3.2872677
39627861316866054,0.1658384043,9.3345604,114.18683,3.3120322
39628035078491716,0.05685348569,9.2625713,95.56694,3.8585691
39633494418129657,0.09918846614,10.24851,563.78876,4.3287153
39633136136487402,0.1515724164,9.2253904,47.312008,3.2027991
39627779360169319,0.3005042311,9.950202,108.32129,3.5486825
39633228662834457,0.2291808355,10.094044,40.598434,5.4480329
39627627274701876,0.2627497296,10.069318,114.08327,13.254768
39633421609208153,0.1367949862,9.5123634,60.07077,4.2685928
39628094859912341,0.07804986738,8.5844059,54.707447,3.1033762
39627820132996065,0.1986670753,9.7612438,65.022575,3.3540914
39627576653648660,0.09408972366,9.3162174,50.485985,3.6871428
39628528634825832,0.2291904238,9.6733646,65.768303,4.3891134
39628492458952859,0.09613541972,9.9442434,126.02885,4.5303807
39628007211532915,0.1913041253,10.617879,277.36029,3.8389623
39628498691688709,0.2376919909,10.102922,66.047195,5.5218377
39633077382676633,0.1250112456,8.9005556,67.309586,3.3976462
39628496158327873,0.3024030144,10.456562,96.681808,4.3645525
39628408526736828,0.2433796724,10.179077,89.188728,3.9548156
39628139982227386,0.2080080397,10.291781,196.84966,5.0610628
39633144374103480,0.2366410438,10.716994,203.85732,5.7390437
39633126007243973,0.1249725278,9.1320934,113.90759,2.9810612
39627748775302622,0.1946592428,9.7358465,145.75644,3.2647755
39633035607410364,0.06771409776,9.0380545,112.15361,2.8599999
39633501418423423,0.1384409896,10.09813,276.78101,3.8004978
39633351979565819,0.4227963559,10.616193,79.702606,5.7841558
39627886914700151,0.1164731336,10.468214,403.48996,4.9981828
39633512843708808,0.1190025813,9.9453087,130.59398,3.1009862
39627968942705146,0.3966928951,10.267096,58.726437,3.6957207
39628066770651862,0.07437646139,9.1912699,73.812027,3.8110216
39627624581955676,0.01714530713,7.732439,66.904327,2.9850016
39627648288165431,0.1538379102,9.4881287,68.823433,3.5227573
39627814613292660,0.1746550795,9.7263994,65.347786,3.6715765
39627842434106375,0.2146674004,9.8392248,149.89,3.8177466
39627908339207647,0.2347060592,9.6701012,73.90052,3.5375528
39633462990212245,0.1292979858,9.1293421,42.69408,3.0552673
39633148794897781,0.174780937,9.4786797,74.182289,3.533813
39628108633997363,0.1329150847,9.4256306,88.295502,3.4278874
39627992791515208,0.05727248872,8.8144798,245.38728,3.0596874
39628302398264026,0.2325713998,10.897693,70.045578,4.6454797
39627823538769028,0.2114874719,10.201605,83.740891,3.9889081
39632951826186555,0.329557171,10.296333,89.068336,4.5339413
39633353212692964,0.1778448471,9.6238136,122.5747,3.9009051
39627855344180000,0.08705892394,9.008996,53.451469,3.350827
39633393943577120,0.1838581493,9.8599615,140.0533,3.9883494
39627817733853246,0.442326306,10.881773,180.29063,4.6208615
39627836666937559,0.2899514865,10.611718,150.2059,4.7935133
39627598526944658,0.2243477848,9.6665077,84.411858,4.4183764
39627918183239907,0.2747227396,10.044115,246.24289,3.1876073
39627719343866711,0.2701217144,10.016549,80.955032,3.3919952
39627938869544142,0.2273846282,10.262075,30.635334,4.0766916
39628095749099693,0.2866463955,9.9842548,38.167862,3.6716142
39628535144383722,0.2759088976,9.8443012,61.502853,3.1221695
39628523001872631,0.2224681019,10.757035,208.22462,6.4738593
39628341682110737,0.1696589061,9.1999559,218.53459,3.3511357
39628285545545843,0.2877567772,10.203815,43.627293,4.6790886
39627763035932141,0.1732948804,9.3676224,173.27362,3.2703164
39627861375588110,0.08598034491,9.3964252,75.679802,3.7384644
39628379934168416,0.1976477221,9.9189901,132.24396,3.8999896
39627797622166206,0.274533915,10.81519,74.651901,3.6630757
39628426759372866,0.1566087579,9.0719728,135.95605,3.3338139
39628036710073963,0.1803871935,9.127039,96.004753,2.8599999
39627660627808031,0.1151721502,9.5313625,118.41066,3.6287391
39627672707403252,0.3043972841,10.176419,190.94135,4.5862527
39627783910985240,0.06374500422,8.6589785,442.92731,3.1344709
39633263957904873,0.1383117444,9.9743471,353.65802,4.5410991
39633131711498001,0.1463422029,10.158312,180.63829,4.1396899
39633240780178654,0.3461556111,9.9135914,97.955055,3.2590306
39627769969119724,0.3685083835,10.241473,97.392715,4.3350244
39633499551958639,0.156164558,9.8551769,105.6052,4.4648457
39627869592230727,0.01644776207,8.4027901,177.38142,2.9646773
39628267572954985,0.1727761279,9.349247,76.908104,2.8599999
39627651794603693,0.180335626,9.3467894,64.081711,3.4452012
39633020503721105,0.3425571335,9.7369862,75.143082,3.6870282
39627903104713028,0.2645703542,9.5334053,117.92885,3.152921
39627989842923382,0.2513385375,9.7042036,60.271461,2.9257395
39627625143996510,0.1912613849,9.5150709,54.914818,3.8325076
39627820208493324,0.2027272464,9.7454472,164.30153,2.8599999
39633161050653126,0.1349402405,8.970191,74.924171,2.8599999
39628352339838372,0.3729121268,10.156562,40.313911,4.0401564
39633263907571691,0.1955217953,10.131383,182.02032,2.9009821
39633127894681420,0.261906558,10.137837,57.659893,3.356977
39628148744131693,0.1794891419,9.7342806,65.879204,4.016911
39627905856177835,0.1067272435,9.3520117,74.136978,3.132787
39633430056536895,0.1020939836,9.5224514,75.925644,3.6680479
39628012659933892,0.2151772848,10.220446,192.92813,3.9584005
39633311261263005,0.0684708423,10.18752,212.38493,5.1765046
39627606676472122,0.2783525472,10.792112,140.53983,4.9212236
39627764378108213,0.2247114746,9.8166857,101.58152,3.4267108
39627867297943375,0.2527743654,10.178041,140.63678,3.9935246
39632999653836356,0.2568194016,10.661187,124.48681,4.7574625
39633091798501008,0.1696592927,10.321003,80.081017,5.3775163
39627796128994503,0.04152887592,9.1112881,90.142075,3.6024308
39627751304466499,0.3100054553,10.63589,74.126167,3.4832721
39627683092500595,0.29690235,10.271379,50.023628,4.5989842
39633293653575643,0.1644924018,9.4373922,72.484962,3.9792576
39633502165010453,0.09946780109,9.6711645,69.457275,3.6870618
39627684531144518,0.2345954076,9.6722307,40.342827,4.0210814
39633086614342666,0.2171666753,10.484116,128.45618,4.7265372
39627958792491997,0.2069507518,10.008208,98.596207,6.0981526
39627799140500722,0.3342472581,10.376546,134.61223,4.2239785
39627872930892570,0.087149615,9.5803223,259.69821,3.2211707
39632929575405037,0.2004516907,10.202677,111.87144,4.1098099
39628472611509487,0.1952570185,9.8685484,47.127357,4.7396431
39627623017480873,0.3247562479,10.021449,41.243671,4.3191648
39628475157446902,0.105367333,9.3211565,141.62703,4.3264322
39633399060628942,0.05981755262,9.2562103,264.25201,3.2962899
39628106574601837,0.2331360546,11.108672,197.21564,6.7008572
39633205099236643,0.05807344495,9.6164598,166.1544,3.6204031
39627690998763877,0.2616266707,10.514399,90.526871,4.8458166
39628344962060305,0.1109743686,9.3899326,308.25809,3.9497647
39627652541190030,0.294175182,10.750042,94.613243,4.1614676
39627826374122151,0.132389218,9.5090809,129.51486,3.7690012
39633410464940747,0.08325864859,9.5117998,59.620899,2.9351709
39632955152270532,0.2590255017,10.244077,40.865307,4.0348043
39628052845563906,0.1639146089,9.9983749,285.07767,5.7624116
39633256815002562,0.05247702067,8.5657701,119.31485,2.8599999
39628100715156064,0.03029693993,9.1597071,172.64223,2.8599999
39632931429286926,0.1513960884,10.415276,64.17881,2.8599999
39627842400554552,0.1066183521,10.370656,506.30438,3.7681713
39628130121417898,0.3239496078,9.8797827,44.397469,2.9735076
39633321382118863,0.02611912287,7.3715582,263.93427,2.8599999
39627835563839312,0.1675606233,9.4832182,23.55093,2.943495
39627537822778917,0.08782791546,9.6902847,61.884167,3.1976969
39628233058028307,0.2095300494,9.6773691,124.86935,4.0587463
39633352440940614,0.05858772587,9.5322495,80.989784,3.5516601
39628503984902441,0.1915171337,9.5269041,68.4851,3.4247732
39633247864359051,0.04399302147,8.5719509,66.78138,2.8797576
39627762822024733,0.191597804,9.3752699,80.615158,3.366523
39633366017902921,0.2792636278,10.805282,80.10321,4.7318769
39627803007655771,0.4090614078,10.300875,137.66695,4.9262686
39633267380455384,0.1864804688,9.6643486,33.624817,2.8599999
39627616960907481,0.09756146943,9.4019032,243.16647,3.4330349
39627688515731690,0.137090342,9.9217358,187.95369,3.8847961
39628534766900256,0.2249375031,9.8149223,257.2139,3.4622805
39628069551474846,0.003013546446,5.9383359,333.34662,3.0482936
39627809328466291,0.08163935421,10.363267,329.34598,4.6126986
39633461308295189,0.2042251135,10.126968,110.7218,7.3851628
39633348741562814,0.2266274406,9.88412,83.924637,3.8972251
39632991936316557,0.2657458384,11.027906,90.521622,4.6424189
39627532835754927,0.1573228656,9.2417154,85.922134,3.2079887
